skill,users,popular_users,nonpopular_users,popular_rate,log_odds_popular,abs_log_odds
healthcare delivery process,320,0,320,0.0,-4.5506594915444545,4.5506594915444545
basic life support certification,305,0,305,0.0,-4.502726993795379,4.502726993795379
big 4,15,14,1,0.9333333333333333,4.181053506694579,4.181053506694579
psychological research,193,0,193,0.0,-4.046054727653566,4.046054727653566
family mediation,147,0,147,0.0,-3.774605390963604,3.774605390963604
construction management software,146,0,146,0.0,-3.7678026436408514,3.7678026436408514
spss statistics,146,0,146,0.0,-3.7678026436408514,3.7678026436408514
cardiac life support certification,141,0,141,0.0,-3.7330769322670214,3.7330769322670214
inpatient obstetric nursing,127,0,127,0.0,-3.6288935797822104,3.6288935797822104
cultural research,123,0,123,0.0,-3.597018371251761,3.597018371251761
critical care nursing,121,0,121,0.0,-3.580691477964333,3.580691477964333
elementary education,116,0,116,0.0,-3.5386684881894848,3.5386684881894848
patient family,113,0,113,0.0,-3.5125800521051866,3.5125800521051866
aggression replacement training,110,0,110,0.0,-3.485792736141537,3.485792736141537
documentary research,108,0,108,0.0,-3.4675273881642434,3.4675273881642434
hospital services,108,0,108,0.0,-3.4675273881642434,3.4675273881642434
story editing,326,1,325,0.003067484662576687,-3.4675273881642434,3.4675273881642434
field work,104,0,104,0.0,-3.4299642865885955,3.4299642865885955
essay writing,101,0,101,0.0,-3.4008360136655718,3.4008360136655718
curriculum development,301,1,300,0.0033222591362126247,-3.3876126804908817,3.3876126804908817
education program development,288,1,287,0.003472222222222222,-3.343387786753025,3.343387786753025
graphic communication,93,0,93,0.0,-3.3187386514783705,3.3187386514783705
acute care rn,93,0,93,0.0,-3.3187386514783705,3.3187386514783705
electronic medical record system,90,0,90,0.0,-3.28612706588961,3.28612706588961
social,766,4,762,0.005221932114882507,-3.220155146329077,3.220155146329077
public health interventions,84,0,84,0.0,-3.217528749546857,3.217528749546857
training delivery,84,0,84,0.0,-3.217528749546857,3.217528749546857
clinical research,82,0,82,0.0,-3.193575508524365,3.193575508524365
educational presentations,82,0,82,0.0,-3.193575508524365,3.193575508524365
local training,81,0,81,0.0,-3.181380235430546,3.181380235430546
manufacturing operations management,81,0,81,0.0,-3.181380235430546,3.181380235430546
medical terminology,233,1,232,0.004291845493562232,-3.1310551515430305,3.1310551515430305
particle physics,75,0,75,0.0,-3.104909871438709,3.104909871438709
hospital inventory management,74,0,74,0.0,-3.091576340569243,3.091576340569243
clinical leadership,521,3,518,0.005758157389635317,-3.085807093797998,3.085807093797998
direct patient care,73,0,73,0.0,-3.0780626214025206,3.0780626214025206
differentiated instruction,72,0,72,0.0,-3.064363777044359,3.064363777044359
clinical research coordinator,71,0,71,0.0,-3.0504746648836916,3.0504746648836916
social communication,70,0,70,0.0,-3.036389925001952,3.036389925001952
construction coordination,70,0,70,0.0,-3.036389925001952,3.036389925001952
patient safety standards,211,1,210,0.004739336492890996,-3.0316505796380557,3.0316505796380557
healthcare delivery,69,0,69,0.0,-3.022103967754476,3.022103967754476
medical scheduling,69,0,69,0.0,-3.022103967754476,3.022103967754476
applied science,345,2,343,0.005797101449275362,-3.010526414412033,3.010526414412033
epic systems,67,0,67,0.0,-2.9929048130622133,2.9929048130622133
exploratory research,67,0,67,0.0,-2.9929048130622133,2.9929048130622133
nonprofit operations,338,2,336,0.005917159763313609,-2.9899374518344115,2.9899374518344115
clinical research protocols,66,0,66,0.0,-2.9779791628455383,2.9779791628455383
vital signs,66,0,66,0.0,-2.9779791628455383,2.9779791628455383
art education,64,0,64,0.0,-2.9474424389854565,2.9474424389854565
public health policy analysis,63,0,63,0.0,-2.931817121082376,2.931817121082376
parent communication,316,2,314,0.006329113924050633,-2.922323378890124,2.922323378890124
program evaluation,62,0,62,0.0,-2.9159437719260852,2.9159437719260852
school marketing,62,0,62,0.0,-2.9159437719260852,2.9159437719260852
clinical trial management,61,0,61,0.0,-2.8998143899962017,2.8998143899962017
cpr certified,432,3,429,0.006944444444444444,-2.897488807552726,2.897488807552726
hospital policy,305,2,303,0.006557377049180328,-2.886720913249182,2.886720913249182
communication development,60,0,60,0.0,-2.883420580220525,2.883420580220525
archival research,182,1,181,0.005494505494505495,-2.883420580220525,2.883420580220525
litigation support,59,0,59,0.0,-2.8667535277353133,2.8667535277353133
hipaa,179,1,178,0.00558659217877095,-2.8667535277353133,2.8667535277353133
natural science,59,0,59,0.0,-2.8667535277353133,2.8667535277353133
communication arts,59,0,59,0.0,-2.8667535277353133,2.8667535277353133
volunteer training,178,1,177,0.0056179775280898875,-2.8611355354310897,2.8611355354310897
litigation support software,58,0,58,0.0,-2.84980396942154,2.84980396942154
architecture,58,0,58,0.0,-2.84980396942154,2.84980396942154
social science research,58,0,58,0.0,-2.84980396942154,2.84980396942154
higher education,175,1,174,0.005714285714285714,-2.8440896681581016,2.8440896681581016
phases of clinical research,406,3,403,0.007389162561576354,-2.8350435538384193,2.8350435538384193
emergency medical services,57,0,57,0.0,-2.832562162987034,2.832562162987034
behavioral health case management,57,0,57,0.0,-2.832562162987034,2.832562162987034
publications,57,0,57,0.0,-2.832562162987034,2.832562162987034
nonprofit strategies,286,2,284,0.006993006993006993,-2.8220725563160145,2.8220725563160145
ethical research,56,0,56,0.0,-2.8150178533361245,2.8150178533361245
geotechnical engineering,56,0,56,0.0,-2.8150178533361245,2.8150178533361245
art history,56,0,56,0.0,-2.8150178533361245,2.8150178533361245
education strategy,56,0,56,0.0,-2.8150178533361245,2.8150178533361245
library research,56,0,56,0.0,-2.8150178533361245,2.8150178533361245
arts management,55,0,55,0.0,-2.7971602359361185,2.7971602359361185
website building,55,0,55,0.0,-2.7971602359361185,2.7971602359361185
student engagement,55,0,55,0.0,-2.7971602359361185,2.7971602359361185
comparative law,54,0,54,0.0,-2.778977916852928,2.778977916852928
multi color flow cytometry,54,0,54,0.0,-2.778977916852928,2.778977916852928
applied behavior analysis,53,0,53,0.0,-2.7604588690856904,2.7604588690856904
mental health service,53,0,53,0.0,-2.7604588690856904,2.7604588690856904
electronic health,53,0,53,0.0,-2.7604588690856904,2.7604588690856904
quarterly finance reports,27,19,8,0.7037037037037037,2.7427182674496464,2.7427182674496464
food service safety,52,0,52,0.0,-2.7415903847813077,2.7415903847813077
pediatric intensive care unit,52,0,52,0.0,-2.7415903847813077,2.7415903847813077
clinical laboratory training,673,6,667,0.008915304606240713,-2.719367247996598,2.719367247996598
clinical research associates,154,1,153,0.006493506493506494,-2.7158654935428714,2.7158654935428714
planning appeals,152,1,151,0.006578947368421052,-2.7027505514650434,2.7027505514650434
kinetic typography,50,0,50,0.0,-2.7027505514650434,2.7027505514650434
school of nursing,50,0,50,0.0,-2.7027505514650434,2.7027505514650434
public health nursing,150,1,149,0.006666666666666667,-2.6894613193463606,2.6894613193463606
medical assisting,49,0,49,0.0,-2.6827498847583744,2.6827498847583744
agarose gel electrophoresis,49,0,49,0.0,-2.6827498847583744,2.6827498847583744
healthcare management,543,5,538,0.009208103130755065,-2.671669438981802,2.671669438981802
healthcare information technology,246,2,244,0.008130081300813009,-2.6705546116645555,2.6705546116645555
patient advocacy,48,0,48,0.0,-2.6623410131271674,2.6623410131271674
video postproduction,48,0,48,0.0,-2.6623410131271674,2.6623410131271674
marketing copy,48,0,48,0.0,-2.6623410131271674,2.6623410131271674
intensive care medicine,48,0,48,0.0,-2.6623410131271674,2.6623410131271674
laboratory techniques,48,0,48,0.0,-2.6623410131271674,2.6623410131271674
client liaison,48,0,48,0.0,-2.6623410131271674,2.6623410131271674
science writing,47,0,47,0.0,-2.6415069262243254,2.6415069262243254
litigation practice,47,0,47,0.0,-2.6415069262243254,2.6415069262243254
sleep training,47,0,47,0.0,-2.6415069262243254,2.6415069262243254
english teaching,47,0,47,0.0,-2.6415069262243254,2.6415069262243254
biophysical chemistry,47,0,47,0.0,-2.6415069262243254,2.6415069262243254
cancer research,239,2,237,0.008368200836820083,-2.6415069262243245,2.6415069262243245
epic emr,236,2,234,0.00847457627118644,-2.6287948906359633,2.6287948906359633
staff development,141,1,140,0.0070921985815602835,-2.62737241528942,2.62737241528942
curating,46,0,46,0.0,-2.62022952777704,2.62022952777704
opinion writing,46,0,46,0.0,-2.62022952777704,2.62022952777704
experimental research,796,8,788,0.010050251256281407,-2.6176962775306065,2.6176962775306065
life science,420,4,416,0.009523809523809525,-2.6154390994544077,2.6154390994544077
internal medicine and pediatrics,45,0,45,0.0,-2.5984895411406344,2.5984895411406344
asana,45,0,45,0.0,-2.5984895411406344,2.5984895411406344
communicative language teaching,45,0,45,0.0,-2.5984895411406344,2.5984895411406344
performing arts,45,0,45,0.0,-2.5984895411406344,2.5984895411406344
creative content creation,44,0,44,0.0,-2.5762664043559242,2.5762664043559242
menu development,44,0,44,0.0,-2.5762664043559242,2.5762664043559242
acute patient care,44,0,44,0.0,-2.5762664043559242,2.5762664043559242
catering supplies,44,0,44,0.0,-2.5762664043559242,2.5762664043559242
laboratory management system,44,0,44,0.0,-2.5762664043559242,2.5762664043559242
hospital settings,134,1,133,0.007462686567164179,-2.5762664043559234,2.5762664043559234
relationship building,312,3,309,0.009615384615384616,-2.569825158253067,2.569825158253067
academic writing,221,2,219,0.00904977375565611,-2.5626915352648547,2.5626915352648547
biochemical engineering,43,0,43,0.0,-2.5535381532783683,2.5535381532783683
data confidentiality,43,0,43,0.0,-2.5535381532783683,2.5535381532783683
technical writing,43,0,43,0.0,-2.5535381532783683,2.5535381532783683
operating room sales,43,0,43,0.0,-2.5535381532783683,2.5535381532783683
healthcare procedures,131,1,130,0.007633587786259542,-2.5535381532783674,2.5535381532783674
special events,832,9,823,0.010817307692307692,-2.5499017856349844,2.5499017856349844
tax provision,32,21,11,0.65625,2.5380758651406277,2.5380758651406277
diabetes selfmanagement training,42,0,42,0.0,-2.5302812911141004,2.5302812911141004
interactive storytelling,42,0,42,0.0,-2.5302812911141004,2.5302812911141004
international arbitration,42,0,42,0.0,-2.5302812911141004,2.5302812911141004
clerical,42,0,42,0.0,-2.5302812911141004,2.5302812911141004
behavioral science,41,0,41,0.0,-2.506470642420382,2.506470642420382
business relationship management,41,0,41,0.0,-2.506470642420382,2.506470642420382
child development,41,0,41,0.0,-2.506470642420382,2.506470642420382
advertising project management,41,0,41,0.0,-2.506470642420382,2.506470642420382
clinical documentation,41,0,41,0.0,-2.506470642420382,2.506470642420382
behavioral healthcare,124,1,123,0.008064516129032258,-2.498406082583651,2.498406082583651
videography,40,0,40,0.0,-2.482079189296223,2.482079189296223
historical research,40,0,40,0.0,-2.482079189296223,2.482079189296223
camera,40,0,40,0.0,-2.482079189296223,2.482079189296223
pharmaceutical science,40,0,40,0.0,-2.482079189296223,2.482079189296223
administrative training,122,1,121,0.00819672131147541,-2.482079189296223,2.482079189296223
canvassing,40,0,40,0.0,-2.482079189296223,2.482079189296223
scientific research,40,0,40,0.0,-2.482079189296223,2.482079189296223
publishing,40,0,40,0.0,-2.482079189296223,2.482079189296223
social statistics,39,0,39,0.0,-2.457077887090806,2.457077887090806
color photography,39,0,39,0.0,-2.457077887090806,2.457077887090806
science communication,119,1,118,0.008403361344537815,-2.457077887090805,2.457077887090805
planetary science,274,3,271,0.010948905109489052,-2.4388292055024063,2.4388292055024063
electron microscopy,38,0,38,0.0,-2.431435456477468,2.431435456477468
schedule,38,0,38,0.0,-2.431435456477468,2.431435456477468
apparel sales,38,0,38,0.0,-2.431435456477468,2.431435456477468
technical nursing skills,116,1,115,0.008620689655172414,-2.431435456477468,2.431435456477468
animal training,38,0,38,0.0,-2.431435456477468,2.431435456477468
court dockets,38,0,38,0.0,-2.431435456477468,2.431435456477468
qpcr,38,0,38,0.0,-2.431435456477468,2.431435456477468
medical science,38,0,38,0.0,-2.431435456477468,2.431435456477468
bentley microstation,38,0,38,0.0,-2.431435456477468,2.431435456477468
legal document preparation,114,1,113,0.008771929824561403,-2.4139677634370766,2.4139677634370766
media production,37,0,37,0.0,-2.4051181481600947,2.4051181481600947
recruiting methods,37,0,37,0.0,-2.4051181481600947,2.4051181481600947
training package,37,0,37,0.0,-2.4051181481600947,2.4051181481600947
confocal microscopy,37,0,37,0.0,-2.4051181481600947,2.4051181481600947
art design,37,0,37,0.0,-2.4051181481600947,2.4051181481600947
event based marketing,37,0,37,0.0,-2.4051181481600947,2.4051181481600947
global health,37,0,37,0.0,-2.4051181481600947,2.4051181481600947
organometallic chemistry,37,0,37,0.0,-2.4051181481600947,2.4051181481600947
script coverage,37,0,37,0.0,-2.4051181481600947,2.4051181481600947
photography portfolio,113,1,112,0.008849557522123894,-2.405118148160094,2.405118148160094
trial practice,186,2,184,0.010752688172043012,-2.388988766230211,2.388988766230211
visual editing,259,3,256,0.011583011583011582,-2.38199573073924,2.38199573073924
educational research,480,6,474,0.0125,-2.378089475772176,2.378089475772176
sap2000,36,0,36,0.0,-2.3780894757721756,2.3780894757721756
pipetting,36,0,36,0.0,-2.3780894757721756,2.3780894757721756
soft skills,36,0,36,0.0,-2.3780894757721756,2.3780894757721756
psychodynamic psychotherapy,36,0,36,0.0,-2.3780894757721756,2.3780894757721756
publications production,36,0,36,0.0,-2.3780894757721756,2.3780894757721756
contemporary art,36,0,36,0.0,-2.3780894757721756,2.3780894757721756
computational statistics,702,9,693,0.01282051282051282,-2.3780894757721756,2.3780894757721756
chemical reaction engineering,36,0,36,0.0,-2.3780894757721756,2.3780894757721756
animal handling,36,0,36,0.0,-2.3780894757721756,2.3780894757721756
chemistry teaching,109,1,108,0.009174311926605505,-2.3689150994961334,2.3689150994961334
court system,182,2,180,0.01098901098901099,-2.3670700805225646,2.3670700805225646
event management software,182,2,180,0.01098901098901099,-2.3670700805225646,2.3670700805225646
construction estimating,35,0,35,0.0,-2.3503099116651,2.3503099116651
biostatistics,35,0,35,0.0,-2.3503099116651,2.3503099116651
biopharmaceutical manufacturing,35,0,35,0.0,-2.3503099116651,2.3503099116651
hospitality service,35,0,35,0.0,-2.3503099116651,2.3503099116651
diversity training,35,0,35,0.0,-2.3503099116651,2.3503099116651
speech writing,35,0,35,0.0,-2.3503099116651,2.3503099116651
aseptic technique,35,0,35,0.0,-2.3503099116651,2.3503099116651
voice training,35,0,35,0.0,-2.3503099116651,2.3503099116651
music journalism,35,0,35,0.0,-2.3503099116651,2.3503099116651
teacher leadership,683,9,674,0.013177159590043924,-2.3503099116650996,2.3503099116650996
spiritual leadership,321,4,317,0.012461059190031152,-2.3440304561802567,2.3440304561802567
analytical biochemistry,463,6,457,0.012958963282937365,-2.3416047424377693,2.3416047424377693
us gaap reporting,38,23,15,0.6052631578947368,2.3285303626011284,2.3285303626011284
clinical data analysis,315,4,311,0.012698412698412698,-2.324951976075018,2.324951976075018
outlook web app,34,0,34,0.0,-2.3217365392210434,2.3217365392210434
mass communication,34,0,34,0.0,-2.3217365392210434,2.3217365392210434
art research,34,0,34,0.0,-2.3217365392210434,2.3217365392210434
situational leadership theory,34,0,34,0.0,-2.3217365392210434,2.3217365392210434
patient safety,174,2,172,0.011494252873563218,-2.3217365392210434,2.3217365392210434
fact checking,34,0,34,0.0,-2.3217365392210434,2.3217365392210434
retail pharmacy,34,0,34,0.0,-2.3217365392210434,2.3217365392210434
academic support services,34,0,34,0.0,-2.3217365392210434,2.3217365392210434
developmental psychology,34,0,34,0.0,-2.3217365392210434,2.3217365392210434
audit management,40,24,16,0.6,2.3076827020203625,2.3076827020203625
strategic fundraising,102,1,101,0.00980392156862745,-2.3022237249974618,2.3022237249974618
environmental research,33,0,33,0.0,-2.2923226540147503,2.2923226540147503
balanced literacy approach,33,0,33,0.0,-2.2923226540147503,2.2923226540147503
urban sustainability,33,0,33,0.0,-2.2923226540147503,2.2923226540147503
electrocardiography,33,0,33,0.0,-2.2923226540147503,2.2923226540147503
military decision-making process,33,0,33,0.0,-2.2923226540147503,2.2923226540147503
ancillary nursing,33,0,33,0.0,-2.2923226540147503,2.2923226540147503
oncology nursing,33,0,33,0.0,-2.2923226540147503,2.2923226540147503
medical device development,33,0,33,0.0,-2.2923226540147503,2.2923226540147503
group work,33,0,33,0.0,-2.2923226540147503,2.2923226540147503
particle physics experiments,33,0,33,0.0,-2.2923226540147503,2.2923226540147503
ap stylebook,33,0,33,0.0,-2.2923226540147503,2.2923226540147503
scientific writing,237,3,234,0.012658227848101266,-2.2923226540147503,2.2923226540147503
certified public accounting,15,9,6,0.6,2.2918595870811194,2.2918595870811194
auditing standards,15,9,6,0.6,2.2918595870811194,2.2918595870811194
instructional leadership,706,10,696,0.014164305949008499,-2.2823225706801673,2.2823225706801673
image editing,99,1,98,0.010101010101010102,-2.272221474693662,2.272221474693662
higher education leadership,630,9,621,0.014285714285714285,-2.268474146968055,2.268474146968055
reading teaching,165,2,163,0.012121212121212121,-2.2681522930869367,2.2681522930869367
concrete pouring,32,0,32,0.0,-2.2620173045194214,2.2620173045194214
music instruction,32,0,32,0.0,-2.2620173045194214,2.2620173045194214
educational consulting,32,0,32,0.0,-2.2620173045194214,2.2620173045194214
group communication,32,0,32,0.0,-2.2620173045194214,2.2620173045194214
transformational life coaching,32,0,32,0.0,-2.2620173045194214,2.2620173045194214
team performance management,32,0,32,0.0,-2.2620173045194214,2.2620173045194214
visual arts,32,0,32,0.0,-2.2620173045194214,2.2620173045194214
healthcare regulations,32,0,32,0.0,-2.2620173045194214,2.2620173045194214
referral networking,32,0,32,0.0,-2.2620173045194214,2.2620173045194214
sales trend analysis,32,0,32,0.0,-2.2620173045194214,2.2620173045194214
public opinion research,32,0,32,0.0,-2.2620173045194214,2.2620173045194214
people skills,32,0,32,0.0,-2.2620173045194214,2.2620173045194214
activity program development,97,1,96,0.010309278350515464,-2.2517079348605593,2.2517079348605593
molecular biology,680,10,670,0.014705882352941176,-2.24427848018204,2.24427848018204
large scale distributed systems,218,127,91,0.5825688073394495,2.244147357693221,2.244147357693221
eight disciplines problem solving,485,7,478,0.01443298969072165,-2.243383224974529,2.243383224974529
fluorescence microscopy,96,1,95,0.010416666666666666,-2.2412911740023036,2.2412911740023036
psychology,31,0,31,0.0,-2.230764761015317,2.230764761015317
child mental health,31,0,31,0.0,-2.230764761015317,2.230764761015317
rna isolation,31,0,31,0.0,-2.230764761015317,2.230764761015317
davinci resolve,31,0,31,0.0,-2.230764761015317,2.230764761015317
healthcare setting,31,0,31,0.0,-2.230764761015317,2.230764761015317
contractor management,31,0,31,0.0,-2.230764761015317,2.230764761015317
pharmaceutical microbiology,31,0,31,0.0,-2.230764761015317,2.230764761015317
teaching skills,31,0,31,0.0,-2.230764761015317,2.230764761015317
clinical practice,31,0,31,0.0,-2.230764761015317,2.230764761015317
podcasting,31,0,31,0.0,-2.230764761015317,2.230764761015317
occupancy planning,31,0,31,0.0,-2.230764761015317,2.230764761015317
sales lifecycle,31,0,31,0.0,-2.230764761015317,2.230764761015317
reservoir modeling,31,0,31,0.0,-2.230764761015317,2.230764761015317
statutory accounting,12,7,5,0.5833333333333334,2.2225248936800552,2.2225248936800552
malpractice litigation,93,1,92,0.010752688172043012,-2.209373571033999,2.209373571033999
commissioning management systems,30,0,30,0.0,-2.198503898797095,2.198503898797095
research skills,30,0,30,0.0,-2.198503898797095,2.198503898797095
production,30,0,30,0.0,-2.198503898797095,2.198503898797095
computational physics,30,0,30,0.0,-2.198503898797095,2.198503898797095
healthcare improvement,30,0,30,0.0,-2.198503898797095,2.198503898797095
quality patient care,30,0,30,0.0,-2.198503898797095,2.198503898797095
lexisnexis,30,0,30,0.0,-2.198503898797095,2.198503898797095
marketing cooperation,30,0,30,0.0,-2.198503898797095,2.198503898797095
fundraising databases,30,0,30,0.0,-2.198503898797095,2.198503898797095
eclipse ide,65,37,28,0.5692307692307692,2.186806811077976,2.186806811077976
object-oriented analysis and design,14,8,6,0.5714285714285714,2.1806339519708953,2.1806339519708953
emr training,209,3,206,0.014354066985645933,-2.1651674785295034,2.1651674785295034
customer engineering,29,0,29,0.0,-2.1651674785295034,2.1651674785295034
mental health interventions,29,0,29,0.0,-2.1651674785295034,2.1651674785295034
hiring practices,29,0,29,0.0,-2.1651674785295034,2.1651674785295034
veterinary medicine,29,0,29,0.0,-2.1651674785295034,2.1651674785295034
customer support,89,1,88,0.011235955056179775,-2.1651674785295034,2.1651674785295034
web marketing,29,0,29,0.0,-2.1651674785295034,2.1651674785295034
developmental mathematics,29,0,29,0.0,-2.1651674785295034,2.1651674785295034
institutional research,29,0,29,0.0,-2.1651674785295034,2.1651674785295034
early childhood education policy,29,0,29,0.0,-2.1651674785295034,2.1651674785295034
cultural training,29,0,29,0.0,-2.1651674785295034,2.1651674785295034
hospital sales,29,0,29,0.0,-2.1651674785295034,2.1651674785295034
audio engineering,29,0,29,0.0,-2.1651674785295034,2.1651674785295034
cognitive science,29,0,29,0.0,-2.1651674785295034,2.1651674785295034
campaigns,29,0,29,0.0,-2.1651674785295034,2.1651674785295034
sculpture,29,0,29,0.0,-2.1651674785295034,2.1651674785295034
information security audits,32,18,14,0.5625,2.1559920480339665,2.1559920480339665
fashion photography,88,1,87,0.011363636363636364,-2.153803719879188,2.153803719879188
motivational interviewing,147,2,145,0.013605442176870748,-2.151515389361176,2.151515389361176
nursing research,206,3,203,0.014563106796116505,-2.1505330710110657,2.1505330710110657
healthcare marketing,87,1,86,0.011494252873563218,-2.142309340453453,2.142309340453453
higher education management,145,2,143,0.013793103448275862,-2.1376743379493046,2.1376743379493046
law practice management,28,0,28,0.0,-2.130681302458334,2.130681302458334
blood typing,28,0,28,0.0,-2.130681302458334,2.130681302458334
field research,28,0,28,0.0,-2.130681302458334,2.130681302458334
cognitive behavioral therapy,28,0,28,0.0,-2.130681302458334,2.130681302458334
pressure cooking,28,0,28,0.0,-2.130681302458334,2.130681302458334
health communication,28,0,28,0.0,-2.130681302458334,2.130681302458334
career coaching,28,0,28,0.0,-2.130681302458334,2.130681302458334
script editing,28,0,28,0.0,-2.130681302458334,2.130681302458334
digital content creation,28,0,28,0.0,-2.130681302458334,2.130681302458334
adaptive clinical trials,28,0,28,0.0,-2.130681302458334,2.130681302458334
neuro icu,28,0,28,0.0,-2.130681302458334,2.130681302458334
computerized inventory,28,0,28,0.0,-2.130681302458334,2.130681302458334
tourism marketing,28,0,28,0.0,-2.130681302458334,2.130681302458334
medical communications,28,0,28,0.0,-2.130681302458334,2.130681302458334
medical records formatting,28,0,28,0.0,-2.130681302458334,2.130681302458334
teacher training,724,12,712,0.016574585635359115,-2.130681302458334,2.130681302458334
multimedia training,85,1,84,0.011764705882352941,-2.118916460878747,2.118916460878747
water engineering,84,1,83,0.011904761904761904,-2.107011558372429,2.107011558372429
hospital management and information system,27,0,27,0.0,-2.094963219856255,2.094963219856255
cross merchandising,27,0,27,0.0,-2.094963219856255,2.094963219856255
film criticism,27,0,27,0.0,-2.094963219856255,2.094963219856255
student government,27,0,27,0.0,-2.094963219856255,2.094963219856255
plant identification,27,0,27,0.0,-2.094963219856255,2.094963219856255
healthcare it,27,0,27,0.0,-2.094963219856255,2.094963219856255
campaign advertising,27,0,27,0.0,-2.094963219856255,2.094963219856255
english as a second language,139,2,137,0.014388489208633094,-2.094963219856255,2.094963219856255
digital publishing,27,0,27,0.0,-2.094963219856255,2.094963219856255
remote data entry,27,0,27,0.0,-2.094963219856255,2.094963219856255
childcare,83,1,82,0.012048192771084338,-2.094963219856255,2.094963219856255
language services,27,0,27,0.0,-2.094963219856255,2.094963219856255
language teaching,27,0,27,0.0,-2.094963219856255,2.094963219856255
cyber risk management,11,6,5,0.5454545454545454,2.079424050039382,2.079424050039382
experimental design,81,1,80,0.012345679012345678,-2.070422110940137,2.070422110940137
scriptwriting,26,0,26,0.0,-2.057921948175906,2.057921948175906
highway design,26,0,26,0.0,-2.057921948175906,2.057921948175906
civil engineering,26,0,26,0.0,-2.057921948175906,2.057921948175906
physical training,26,0,26,0.0,-2.057921948175906,2.057921948175906
critical reading,26,0,26,0.0,-2.057921948175906,2.057921948175906
small project management,26,0,26,0.0,-2.057921948175906,2.057921948175906
unity engine,26,0,26,0.0,-2.057921948175906,2.057921948175906
creative concept development,26,0,26,0.0,-2.057921948175906,2.057921948175906
strategic legal advice,26,0,26,0.0,-2.057921948175906,2.057921948175906
grading,26,0,26,0.0,-2.057921948175906,2.057921948175906
cost negotiations,26,0,26,0.0,-2.057921948175906,2.057921948175906
environmental litigation,26,0,26,0.0,-2.057921948175906,2.057921948175906
memos,26,0,26,0.0,-2.057921948175906,2.057921948175906
mental health education,26,0,26,0.0,-2.057921948175906,2.057921948175906
health training,26,0,26,0.0,-2.057921948175906,2.057921948175906
genetic research,26,0,26,0.0,-2.057921948175906,2.057921948175906
clinical sas,26,0,26,0.0,-2.057921948175906,2.057921948175906
paramedic,26,0,26,0.0,-2.057921948175906,2.057921948175906
resume writing,26,0,26,0.0,-2.057921948175906,2.057921948175906
fine dining,26,0,26,0.0,-2.057921948175906,2.057921948175906
case studies,26,0,26,0.0,-2.057921948175906,2.057921948175906
fine art,80,1,79,0.0125,-2.0579219481759052,2.0579219481759052
data collection techniques,80,1,79,0.0125,-2.0579219481759052,2.0579219481759052
social and behavior change communication,80,1,79,0.0125,-2.0579219481759052,2.0579219481759052
stem cell biology,133,2,131,0.015037593984962405,-2.050346154367448,2.050346154367448
creative nonfiction writing,131,2,129,0.015267175572519083,-2.0350201838892215,2.0350201838892215
ecological research,78,1,77,0.01282051282051282,-2.0324428628749205,2.0324428628749205
teacher mentoring,78,1,77,0.01282051282051282,-2.0324428628749205,2.0324428628749205
civil engineering design,78,1,77,0.01282051282051282,-2.0324428628749205,2.0324428628749205
adherent cell culture,446,8,438,0.017937219730941704,-2.030923682939751,2.030923682939751
tax management,36,19,17,0.5277777777777778,2.0205835500164486,2.0205835500164486
charity marketing,25,0,25,0.0,-2.01945566734811,2.01945566734811
poster design,25,0,25,0.0,-2.01945566734811,2.01945566734811
proposal writing,25,0,25,0.0,-2.01945566734811,2.01945566734811
entertainment marketing,25,0,25,0.0,-2.01945566734811,2.01945566734811
event production,25,0,25,0.0,-2.01945566734811,2.01945566734811
counseling psychology,25,0,25,0.0,-2.01945566734811,2.01945566734811
medical emergency management,25,0,25,0.0,-2.01945566734811,2.01945566734811
human resources,25,0,25,0.0,-2.01945566734811,2.01945566734811
crisis intervention,77,1,76,0.012987012987012988,-2.01945566734811,2.01945566734811
painting,25,0,25,0.0,-2.01945566734811,2.01945566734811
web of science,25,0,25,0.0,-2.01945566734811,2.01945566734811
manual labor,25,0,25,0.0,-2.01945566734811,2.01945566734811
first time home buyers,25,0,25,0.0,-2.01945566734811,2.01945566734811
community economic development,25,0,25,0.0,-2.01945566734811,2.01945566734811
ambulance,25,0,25,0.0,-2.01945566734811,2.01945566734811
autism spectrum disorders,25,0,25,0.0,-2.01945566734811,2.01945566734811
anxiety management,25,0,25,0.0,-2.01945566734811,2.01945566734811
creative leadership,25,0,25,0.0,-2.01945566734811,2.01945566734811
healthcare software implementation,25,0,25,0.0,-2.01945566734811,2.01945566734811
clinical psychology,25,0,25,0.0,-2.01945566734811,2.01945566734811
clinical data management practice,25,0,25,0.0,-2.01945566734811,2.01945566734811
designing marketing collateral,77,1,76,0.012987012987012988,-2.01945566734811,2.01945566734811
facilitation,25,0,25,0.0,-2.01945566734811,2.01945566734811
photo editing,77,1,76,0.012987012987012988,-2.01945566734811,2.01945566734811
non linear editing,77,1,76,0.012987012987012988,-2.01945566734811,2.01945566734811
transmission electron microscopy,25,0,25,0.0,-2.01945566734811,2.01945566734811
cloud application development,19,10,9,0.5263157894736842,2.0124534239331977,2.0124534239331977
feature writing,128,2,126,0.015625,-2.0115816109172036,2.0115816109172036
nonprofit communications,380,7,373,0.018421052631578946,-1.995645018654392,1.995645018654392
action research,379,7,372,0.018469656992084433,-1.9929640519011342,1.9929640519011342
financial auditing,52,27,25,0.5192307692307693,1.9878775178843613,1.9878775178843613
environmental education,24,0,24,0.0,-1.9794503327344106,1.9794503327344106
strategic growth plans,24,0,24,0.0,-1.9794503327344106,1.9794503327344106
abnormal psychology,24,0,24,0.0,-1.9794503327344106,1.9794503327344106
creative management,24,0,24,0.0,-1.9794503327344106,1.9794503327344106
student affairs administration,24,0,24,0.0,-1.9794503327344106,1.9794503327344106
ux strategy,24,0,24,0.0,-1.9794503327344106,1.9794503327344106
conceptual data modeling,24,0,24,0.0,-1.9794503327344106,1.9794503327344106
technical reports,24,0,24,0.0,-1.9794503327344106,1.9794503327344106
instagram advertising,74,1,73,0.013513513513513514,-1.9794503327344106,1.9794503327344106
hr budgeting,24,0,24,0.0,-1.9794503327344106,1.9794503327344106
board certified,24,0,24,0.0,-1.9794503327344106,1.9794503327344106
biomedical science,24,0,24,0.0,-1.9794503327344106,1.9794503327344106
legal translation,24,0,24,0.0,-1.9794503327344106,1.9794503327344106
computer spreadsheets,24,0,24,0.0,-1.9794503327344106,1.9794503327344106
help desk support,24,0,24,0.0,-1.9794503327344106,1.9794503327344106
organic farming,24,0,24,0.0,-1.9794503327344106,1.9794503327344106
academic advising,74,1,73,0.013513513513513514,-1.9794503327344106,1.9794503327344106
procore,24,0,24,0.0,-1.9794503327344106,1.9794503327344106
public health education,24,0,24,0.0,-1.9794503327344106,1.9794503327344106
patient support,24,0,24,0.0,-1.9794503327344106,1.9794503327344106
emt,24,0,24,0.0,-1.9794503327344106,1.9794503327344106
optical sales,24,0,24,0.0,-1.9794503327344106,1.9794503327344106
sales operations,123,2,121,0.016260162601626018,-1.9712535655302323,1.9712535655302323
pediatric emergency medicine,73,1,72,0.0136986301369863,-1.9657514883762488,1.9657514883762488
social media communications,268,5,263,0.018656716417910446,-1.956935310366776,1.956935310366776
fashion illustration,72,1,71,0.013888888888888888,-1.9518623762155816,1.9518623762155816
television news,72,1,71,0.013888888888888888,-1.9518623762155816,1.9518623762155816
scientific communications,72,1,71,0.013888888888888888,-1.9518623762155816,1.9518623762155816
political communication,216,4,212,0.018518518518518517,-1.9424946262119818,1.9424946262119818
group presentations,23,0,23,0.0,-1.937777636333843,1.937777636333843
deadline oriented,23,0,23,0.0,-1.937777636333843,1.937777636333843
civil 3d,23,0,23,0.0,-1.937777636333843,1.937777636333843
healthcare registration,23,0,23,0.0,-1.937777636333843,1.937777636333843
policy research,119,2,117,0.01680672268907563,-1.937777636333843,1.937777636333843
media sales,23,0,23,0.0,-1.937777636333843,1.937777636333843
mathematical analysis,23,0,23,0.0,-1.937777636333843,1.937777636333843
counterterrorism,23,0,23,0.0,-1.937777636333843,1.937777636333843
responsive teaching,23,0,23,0.0,-1.937777636333843,1.937777636333843
diversity marketing,23,0,23,0.0,-1.937777636333843,1.937777636333843
enscape,23,0,23,0.0,-1.937777636333843,1.937777636333843
pcr primer design,23,0,23,0.0,-1.937777636333843,1.937777636333843
community sustainability,23,0,23,0.0,-1.937777636333843,1.937777636333843
communication materials,23,0,23,0.0,-1.937777636333843,1.937777636333843
fisheries science,23,0,23,0.0,-1.937777636333843,1.937777636333843
laboratory quality control,23,0,23,0.0,-1.937777636333843,1.937777636333843
patient charting,23,0,23,0.0,-1.937777636333843,1.937777636333843
contractor quality control,23,0,23,0.0,-1.937777636333843,1.937777636333843
live events,23,0,23,0.0,-1.937777636333843,1.937777636333843
environmental policy development,23,0,23,0.0,-1.937777636333843,1.937777636333843
outside sales,23,0,23,0.0,-1.937777636333843,1.937777636333843
stormwater management,23,0,23,0.0,-1.937777636333843,1.937777636333843
sustainable development goals,23,0,23,0.0,-1.937777636333843,1.937777636333843
augmented reality headsets,23,0,23,0.0,-1.937777636333843,1.937777636333843
adobe lightroom,23,0,23,0.0,-1.937777636333843,1.937777636333843
al medicine translation,23,0,23,0.0,-1.937777636333843,1.937777636333843
article marketing,23,0,23,0.0,-1.937777636333843,1.937777636333843
banquet,23,0,23,0.0,-1.937777636333843,1.937777636333843
wetland science,23,0,23,0.0,-1.937777636333843,1.937777636333843
alternative teaching,71,1,70,0.014084507042253521,-1.9377776363338421,1.9377776363338421
scientific presentation,71,1,70,0.014084507042253521,-1.9377776363338421,1.9377776363338421
film direction,71,1,70,0.014084507042253521,-1.9377776363338421,1.9377776363338421
geographic information systems,212,4,208,0.018867924528301886,-1.923491679086366,1.923491679086366
digital audio editing,70,1,69,0.014285714285714285,-1.923491679086366,1.923491679086366
self aid buddy care training,70,1,69,0.014285714285714285,-1.923491679086366,1.923491679086366
dna extraction,70,1,69,0.014285714285714285,-1.923491679086366,1.923491679086366
community leadership,163,3,160,0.018404907975460124,-1.913161008698487,1.913161008698487
finance operations,16,8,8,0.5,1.9123699653762163,1.9123699653762163
swing trading,10,5,5,0.5,1.9123699653762163,1.9123699653762163
webpack 4,10,5,5,0.5,1.9123699653762163,1.9123699653762163
ci cd pipeline,10,5,5,0.5,1.9123699653762163,1.9123699653762163
alteryx,12,6,6,0.5,1.9123699653762154,1.9123699653762154
amazon cloudwatch,18,9,9,0.5,1.9123699653762154,1.9123699653762154
international taxation,14,7,7,0.5,1.9123699653762154,1.9123699653762154
dart for publishers,18,9,9,0.5,1.9123699653762154,1.9123699653762154
molecular cloning,69,1,68,0.014492753623188406,-1.9089986717837988,1.9089986717837988
biological science,69,1,68,0.014492753623188406,-1.9089986717837988,1.9089986717837988
project estimation,69,1,68,0.014492753623188406,-1.9089986717837988,1.9089986717837988
journalistic writing,115,2,113,0.017391304347826087,-1.9031421396710861,1.9031421396710861
qgis,22,0,22,0.0,-1.8942925243941042,1.8942925243941042
sustainable agriculture,22,0,22,0.0,-1.8942925243941042,1.8942925243941042
budgeting forecasting,22,0,22,0.0,-1.8942925243941042,1.8942925243941042
steel structures,22,0,22,0.0,-1.8942925243941042,1.8942925243941042
arts journalism,22,0,22,0.0,-1.8942925243941042,1.8942925243941042
leadership opportunities,22,0,22,0.0,-1.8942925243941042,1.8942925243941042
web typography,22,0,22,0.0,-1.8942925243941042,1.8942925243941042
healthcare billing,22,0,22,0.0,-1.8942925243941042,1.8942925243941042
personal styling,22,0,22,0.0,-1.8942925243941042,1.8942925243941042
trello,22,0,22,0.0,-1.8942925243941042,1.8942925243941042
retail branding,22,0,22,0.0,-1.8942925243941042,1.8942925243941042
article writing,22,0,22,0.0,-1.8942925243941042,1.8942925243941042
conference management,22,0,22,0.0,-1.8942925243941042,1.8942925243941042
legal compliance,22,0,22,0.0,-1.8942925243941042,1.8942925243941042
travel arrangements,22,0,22,0.0,-1.8942925243941042,1.8942925243941042
inpatient care,22,0,22,0.0,-1.8942925243941042,1.8942925243941042
osha,22,0,22,0.0,-1.8942925243941042,1.8942925243941042
senior care,22,0,22,0.0,-1.8942925243941042,1.8942925243941042
international negotiations,22,0,22,0.0,-1.8942925243941042,1.8942925243941042
clinical trial planning,22,0,22,0.0,-1.8942925243941042,1.8942925243941042
planning,22,0,22,0.0,-1.8942925243941042,1.8942925243941042
medical transcription,22,0,22,0.0,-1.8942925243941042,1.8942925243941042
hospitality background,68,1,67,0.014705882352941176,-1.8942925243941033,1.8942925243941033
writing for the web,68,1,67,0.014705882352941176,-1.8942925243941033,1.8942925243941033
collaborative research,249,5,244,0.020080321285140562,-1.8820972513002854,1.8820972513002854
submittals,67,1,66,0.014925373134328358,-1.8793668741774283,1.8793668741774283
construction drawings,67,1,66,0.014925373134328358,-1.8793668741774283,1.8793668741774283
research presentation,293,6,287,0.020477815699658702,-1.8770507179595985,1.8770507179595985
external audit,55,27,28,0.4909090909090909,1.8766518827741372,1.8766518827741372
international event management,605,13,592,0.021487603305785124,-1.8692912221886866,1.8692912221886866
internal auditing,43,21,22,0.4883720930232558,1.8669075912994577,1.8669075912994577
participatory action research,66,1,65,0.015151515151515152,-1.8642150691568258,1.8642150691568258
comparative politics,66,1,65,0.015151515151515152,-1.8642150691568258,1.8642150691568258
document review,66,1,65,0.015151515151515152,-1.8642150691568258,1.8642150691568258
molecular genetics,66,1,65,0.015151515151515152,-1.8642150691568258,1.8642150691568258
officer training,110,2,108,0.01818181818181818,-1.858089475730143,1.858089475730143
animal science,21,0,21,0.0,-1.8488301503173465,1.8488301503173465
information research,21,0,21,0.0,-1.8488301503173465,1.8488301503173465
graphic elements,21,0,21,0.0,-1.8488301503173465,1.8488301503173465
medical writing,21,0,21,0.0,-1.8488301503173465,1.8488301503173465
time series analysis,21,0,21,0.0,-1.8488301503173465,1.8488301503173465
cellular neuroscience,21,0,21,0.0,-1.8488301503173465,1.8488301503173465
account based marketing,21,0,21,0.0,-1.8488301503173465,1.8488301503173465
bacterial transformation,21,0,21,0.0,-1.8488301503173465,1.8488301503173465
microsoft applications,21,0,21,0.0,-1.8488301503173465,1.8488301503173465
warehouse operations,21,0,21,0.0,-1.8488301503173465,1.8488301503173465
behavioral health counseling,21,0,21,0.0,-1.8488301503173465,1.8488301503173465
nanotechnology,21,0,21,0.0,-1.8488301503173465,1.8488301503173465
logic optimization,21,0,21,0.0,-1.8488301503173465,1.8488301503173465
sponsorship strategy,21,0,21,0.0,-1.8488301503173465,1.8488301503173465
error analysis,21,0,21,0.0,-1.8488301503173465,1.8488301503173465
executive support,21,0,21,0.0,-1.8488301503173465,1.8488301503173465
quantum computing,21,0,21,0.0,-1.8488301503173465,1.8488301503173465
store operations,21,0,21,0.0,-1.8488301503173465,1.8488301503173465
v-ray,21,0,21,0.0,-1.8488301503173465,1.8488301503173465
corporate travel management,21,0,21,0.0,-1.8488301503173465,1.8488301503173465
signal processing,21,0,21,0.0,-1.8488301503173465,1.8488301503173465
healthcare industry,21,0,21,0.0,-1.8488301503173465,1.8488301503173465
media production management,21,0,21,0.0,-1.8488301503173465,1.8488301503173465
logic pro,21,0,21,0.0,-1.8488301503173465,1.8488301503173465
empathy,21,0,21,0.0,-1.8488301503173465,1.8488301503173465
appeals,21,0,21,0.0,-1.8488301503173465,1.8488301503173465
book writing,21,0,21,0.0,-1.8488301503173465,1.8488301503173465
family law,21,0,21,0.0,-1.8488301503173465,1.8488301503173465
mannequin styling,21,0,21,0.0,-1.8488301503173465,1.8488301503173465
internal control evaluation,60,29,31,0.48333333333333334,1.8467726828904025,1.8467726828904025
information assurance vulnerability management,29,14,15,0.4827586206896552,1.8456785908775437,1.8456785908775437
phlebotomy,64,1,63,0.015625,-1.8332048324142658,1.8332048324142658
grassroots,64,1,63,0.015625,-1.8332048324142658,1.8332048324142658
family medicine,64,1,63,0.015625,-1.8332048324142658,1.8332048324142658
java enterprise edition,21,10,11,0.47619047619047616,1.8213981871704883,1.8213981871704883
criminal defense litigation,106,2,104,0.018867924528301886,-1.820526374154495,1.820526374154495
online writing,63,1,62,0.015873015873015872,-1.8173314832579752,1.8173314832579752
fitness training,63,1,62,0.015873015873015872,-1.8173314832579752,1.8173314832579752
journalism,63,1,62,0.015873015873015872,-1.8173314832579752,1.8173314832579752
social media data,63,1,62,0.015873015873015872,-1.8173314832579752,1.8173314832579752
legal administrative,63,1,62,0.015873015873015872,-1.8173314832579752,1.8173314832579752
clinical education,63,1,62,0.015873015873015872,-1.8173314832579752,1.8173314832579752
complex accounting,59,28,31,0.4745762711864407,1.812286506819233,1.812286506819233
independent thinking,20,0,20,0.0,-1.8012021013280917,1.8012021013280917
lifestyle marketing,20,0,20,0.0,-1.8012021013280917,1.8012021013280917
venture capital,20,0,20,0.0,-1.8012021013280917,1.8012021013280917
audio transcription,20,0,20,0.0,-1.8012021013280917,1.8012021013280917
scientific programming,20,0,20,0.0,-1.8012021013280917,1.8012021013280917
google classroom,20,0,20,0.0,-1.8012021013280917,1.8012021013280917
power tool operation,20,0,20,0.0,-1.8012021013280917,1.8012021013280917
animal behavior,20,0,20,0.0,-1.8012021013280917,1.8012021013280917
nursing home care,20,0,20,0.0,-1.8012021013280917,1.8012021013280917
training and development,20,0,20,0.0,-1.8012021013280917,1.8012021013280917
office 365 admin center,20,0,20,0.0,-1.8012021013280917,1.8012021013280917
engineering design software,20,0,20,0.0,-1.8012021013280917,1.8012021013280917
weekly trainings,20,0,20,0.0,-1.8012021013280917,1.8012021013280917
basketball,20,0,20,0.0,-1.8012021013280917,1.8012021013280917
budget process,20,0,20,0.0,-1.8012021013280917,1.8012021013280917
fiction writing,20,0,20,0.0,-1.8012021013280917,1.8012021013280917
wireframing,20,0,20,0.0,-1.8012021013280917,1.8012021013280917
sales brochures,62,1,61,0.016129032258064516,-1.8012021013280917,1.8012021013280917
reinsurance,20,0,20,0.0,-1.8012021013280917,1.8012021013280917
cad illustration,20,0,20,0.0,-1.8012021013280917,1.8012021013280917
custom content development,20,0,20,0.0,-1.8012021013280917,1.8012021013280917
bca protein assay,20,0,20,0.0,-1.8012021013280917,1.8012021013280917
json web token,20,0,20,0.0,-1.8012021013280917,1.8012021013280917
retail marketing,62,1,61,0.016129032258064516,-1.8012021013280917,1.8012021013280917
sales decks,20,0,20,0.0,-1.8012021013280917,1.8012021013280917
deal sourcing,20,0,20,0.0,-1.8012021013280917,1.8012021013280917
technical drawing,20,0,20,0.0,-1.8012021013280917,1.8012021013280917
event planning,1027,24,1003,0.023369036027263874,-1.8002060853094952,1.8002060853094952
cell biology techniques,103,2,101,0.019417475728155338,-1.7913981012314713,1.7913981012314713
socket programming,15,7,8,0.4666666666666667,1.7872068224222097,1.7872068224222097
emergency management services,61,1,60,0.01639344262295082,-1.784808291552415,1.784808291552415
exotic derivative,13,6,7,0.46153846153846156,1.769269121735542,1.769269121735542
weapons training,60,1,59,0.016666666666666666,-1.7681412390672033,1.7681412390672033
computer literacy,221,5,216,0.02262443438914027,-1.7604724898279036,1.7604724898279036
protocol buffers,24,11,13,0.4583333333333333,1.7520273153010368,1.7520273153010368
genetic mutations,19,0,19,0.0,-1.751191680753431,1.751191680753431
international logistics,19,0,19,0.0,-1.751191680753431,1.751191680753431
training manager,19,0,19,0.0,-1.751191680753431,1.751191680753431
electromechanical engineering,19,0,19,0.0,-1.751191680753431,1.751191680753431
external communications,19,0,19,0.0,-1.751191680753431,1.751191680753431
classroom instruction,179,4,175,0.0223463687150838,-1.751191680753431,1.751191680753431
raman microscopy,19,0,19,0.0,-1.751191680753431,1.751191680753431
public health administration,19,0,19,0.0,-1.751191680753431,1.751191680753431
library management,19,0,19,0.0,-1.751191680753431,1.751191680753431
soil sampling,19,0,19,0.0,-1.751191680753431,1.751191680753431
final drawings,19,0,19,0.0,-1.751191680753431,1.751191680753431
digital media design,19,0,19,0.0,-1.751191680753431,1.751191680753431
healthcare law,19,0,19,0.0,-1.751191680753431,1.751191680753431
verification and validation,19,0,19,0.0,-1.751191680753431,1.751191680753431
literary criticism,19,0,19,0.0,-1.751191680753431,1.751191680753431
writing outlines,19,0,19,0.0,-1.751191680753431,1.751191680753431
document drafting,19,0,19,0.0,-1.751191680753431,1.751191680753431
marketing campaigns,19,0,19,0.0,-1.751191680753431,1.751191680753431
social emotional learning,19,0,19,0.0,-1.751191680753431,1.751191680753431
health data management,19,0,19,0.0,-1.751191680753431,1.751191680753431
cpi training,19,0,19,0.0,-1.751191680753431,1.751191680753431
college accounting,19,0,19,0.0,-1.751191680753431,1.751191680753431
pediatric nursing,19,0,19,0.0,-1.751191680753431,1.751191680753431
broadcast media sales,19,0,19,0.0,-1.751191680753431,1.751191680753431
orthopedic rehabilitation,19,0,19,0.0,-1.751191680753431,1.751191680753431
clinical data management,19,0,19,0.0,-1.751191680753431,1.751191680753431
steel design,19,0,19,0.0,-1.751191680753431,1.751191680753431
assistant directing,19,0,19,0.0,-1.751191680753431,1.751191680753431
french doors,19,0,19,0.0,-1.751191680753431,1.751191680753431
communication disorders,19,0,19,0.0,-1.751191680753431,1.751191680753431
solution selling,19,0,19,0.0,-1.751191680753431,1.751191680753431
game programming,19,0,19,0.0,-1.751191680753431,1.751191680753431
printmaking,19,0,19,0.0,-1.751191680753431,1.751191680753431
water quality studies,19,0,19,0.0,-1.751191680753431,1.751191680753431
scuba diving,19,0,19,0.0,-1.751191680753431,1.751191680753431
nonfiction writing,19,0,19,0.0,-1.751191680753431,1.751191680753431
intellectual property valuation,19,0,19,0.0,-1.751191680753431,1.751191680753431
arcgis engine,19,0,19,0.0,-1.751191680753431,1.751191680753431
bar code medication administration,19,0,19,0.0,-1.751191680753431,1.751191680753431
improvisation,19,0,19,0.0,-1.751191680753431,1.751191680753431
food safety management system,19,0,19,0.0,-1.751191680753431,1.751191680753431
legal services,19,0,19,0.0,-1.751191680753431,1.751191680753431
adaptive learning,19,0,19,0.0,-1.751191680753431,1.751191680753431
engineering ethics,19,0,19,0.0,-1.751191680753431,1.751191680753431
technical translation,19,0,19,0.0,-1.751191680753431,1.751191680753431
science literacy,19,0,19,0.0,-1.751191680753431,1.751191680753431
criminal law,19,0,19,0.0,-1.751191680753431,1.751191680753431
politics,19,0,19,0.0,-1.751191680753431,1.751191680753431
technical research,59,1,58,0.01694915254237288,-1.75119168075343,1.75119168075343
analytical chemistry,59,1,58,0.01694915254237288,-1.75119168075343,1.75119168075343
strength training and conditioning,59,1,58,0.01694915254237288,-1.75119168075343,1.75119168075343
editorial development,59,1,58,0.01694915254237288,-1.75119168075343,1.75119168075343
marketing campaign management,59,1,58,0.01694915254237288,-1.75119168075343,1.75119168075343
electronic component design,11,5,6,0.45454545454545453,1.7453158807130498,1.7453158807130498
fractional reserve banking,11,5,6,0.45454545454545453,1.7453158807130498,1.7453158807130498
art direction,98,2,96,0.02040816326530612,-1.7408823110945688,1.7408823110945688
digital video production,98,2,96,0.02040816326530612,-1.7408823110945688,1.7408823110945688
praxis emr,58,1,57,0.017241379310344827,-1.733949874318924,1.733949874318924
laboratory practice,58,1,57,0.017241379310344827,-1.733949874318924,1.733949874318924
fundraising campaigns,97,2,95,0.020618556701030927,-1.730465550236313,1.730465550236313
internal control frameworks,31,14,17,0.45161290322580644,1.724317733873276,1.724317733873276
fundraising strategy,135,3,132,0.022222222222222223,-1.7214497115546932,1.7214497115546932
photo video editing,212,5,207,0.02358490566037736,-1.7180132820561118,1.7180132820561118
social media strategy,57,1,56,0.017543859649122806,-1.7164055646680145,1.7164055646680145
education policy analysis,172,4,168,0.023255813953488372,-1.710488387639927,1.710488387639927
working with children ages 05,248,6,242,0.024193548387096774,-1.7068295680997312,1.7068295680997312
improvisational theatre,56,1,55,0.017857142857142856,-1.6985479472680085,1.6985479472680085
cognitive neuroscience,18,0,18,0.0,-1.6985479472680085,1.6985479472680085
stage lighting,18,0,18,0.0,-1.6985479472680085,1.6985479472680085
secondary education,18,0,18,0.0,-1.6985479472680085,1.6985479472680085
google earth,18,0,18,0.0,-1.6985479472680085,1.6985479472680085
sports facility management,18,0,18,0.0,-1.6985479472680085,1.6985479472680085
scientific publications,18,0,18,0.0,-1.6985479472680085,1.6985479472680085
digital archiving,18,0,18,0.0,-1.6985479472680085,1.6985479472680085
fashion design,18,0,18,0.0,-1.6985479472680085,1.6985479472680085
summarizing information,18,0,18,0.0,-1.6985479472680085,1.6985479472680085
validation,18,0,18,0.0,-1.6985479472680085,1.6985479472680085
payroll administration,18,0,18,0.0,-1.6985479472680085,1.6985479472680085
compounding,18,0,18,0.0,-1.6985479472680085,1.6985479472680085
instagram,18,0,18,0.0,-1.6985479472680085,1.6985479472680085
patient education and counseling,18,0,18,0.0,-1.6985479472680085,1.6985479472680085
professional skills,18,0,18,0.0,-1.6985479472680085,1.6985479472680085
machine tools,18,0,18,0.0,-1.6985479472680085,1.6985479472680085
nursing assistants,18,0,18,0.0,-1.6985479472680085,1.6985479472680085
financial forecasting,18,0,18,0.0,-1.6985479472680085,1.6985479472680085
seafood preparation,18,0,18,0.0,-1.6985479472680085,1.6985479472680085
facebook ads manager,56,1,55,0.017857142857142856,-1.6985479472680085,1.6985479472680085
first aid training,18,0,18,0.0,-1.6985479472680085,1.6985479472680085
software testing methodologies,18,0,18,0.0,-1.6985479472680085,1.6985479472680085
sample preparation,18,0,18,0.0,-1.6985479472680085,1.6985479472680085
activism,18,0,18,0.0,-1.6985479472680085,1.6985479472680085
crisis communications,18,0,18,0.0,-1.6985479472680085,1.6985479472680085
digital design,18,0,18,0.0,-1.6985479472680085,1.6985479472680085
positive coaching,18,0,18,0.0,-1.6985479472680085,1.6985479472680085
protein expression,18,0,18,0.0,-1.6985479472680085,1.6985479472680085
national emergency management services,18,0,18,0.0,-1.6985479472680085,1.6985479472680085
global networking,18,0,18,0.0,-1.6985479472680085,1.6985479472680085
publicity,18,0,18,0.0,-1.6985479472680085,1.6985479472680085
intellectual property issues,18,0,18,0.0,-1.6985479472680085,1.6985479472680085
drainage district,18,0,18,0.0,-1.6985479472680085,1.6985479472680085
tandem mass spectrometry,18,0,18,0.0,-1.6985479472680085,1.6985479472680085
potty training,18,0,18,0.0,-1.6985479472680085,1.6985479472680085
oracle sales cloud,18,0,18,0.0,-1.6985479472680085,1.6985479472680085
intellectual property docketing,18,0,18,0.0,-1.6985479472680085,1.6985479472680085
instructorled training,18,0,18,0.0,-1.6985479472680085,1.6985479472680085
organizational behavior,18,0,18,0.0,-1.6985479472680085,1.6985479472680085
museum collections management,18,0,18,0.0,-1.6985479472680085,1.6985479472680085
single family homes,18,0,18,0.0,-1.6985479472680085,1.6985479472680085
musical theater,56,1,55,0.017857142857142856,-1.6985479472680085,1.6985479472680085
object-oriented perl,27,12,15,0.4444444444444444,1.697258585759271,1.697258585759271
office administration,207,5,202,0.024154589371980676,-1.6936218289319527,1.6936218289319527
angularjs,88,39,49,0.4431818181818182,1.686697967708647,1.686697967708647
oracle weblogic,34,15,19,0.4411764705882353,1.6827955237317154,1.6827955237317154
copy editing,317,8,309,0.025236593059936908,-1.6825219632521642,1.6825219632521642
building information modeling,55,1,54,0.01818181818181818,-1.680365628184818,1.680365628184818
physics teaching,55,1,54,0.01818181818181818,-1.680365628184818,1.680365628184818
sales coaching management,55,1,54,0.01818181818181818,-1.680365628184818,1.680365628184818
social media planning,204,5,199,0.024509803921568627,-1.6786961787152768,1.6786961787152768
marketing communications planning,353,9,344,0.025495750708215296,-1.6784323264710026,1.6784323264710026
spring framework,59,26,33,0.4406779661016949,1.6779692595373712,1.6779692595373712
computer-assisted legal research,650,17,633,0.026153846153846153,-1.6766891534555093,1.6766891534555093
credit market,16,7,9,0.4375,1.6759811873119848,1.6759811873119848
amazon elastic mapreduce,16,7,9,0.4375,1.6759811873119848,1.6759811873119848
aws cloudformation,16,7,9,0.4375,1.6759811873119848,1.6759811873119848
algorithms,735,324,411,0.44081632653061226,1.674846481403236,1.674846481403236
google workspace,166,4,162,0.024096385542168676,-1.6742306396173028,1.6742306396173028
higher education policy,91,2,89,0.02197802197802198,-1.665577928030439,1.665577928030439
multicultural team management,201,5,196,0.024875621890547265,-1.6635443736946742,1.6635443736946742
legal research skills,1595,43,1552,0.026959247648902823,-1.6624909103367798,1.6624909103367798
jupyter notebook,54,1,53,0.018518518518518517,-1.6618465804175804,1.6618465804175804
social services,90,2,88,0.022222222222222223,-1.654341854763513,1.654341854763513
patient communications,198,5,193,0.025252525252525252,-1.648159454855195,1.648159454855195
tax advisory,14,6,8,0.42857142857142855,1.6441059787815364,1.6441059787815364
ticket,17,0,17,0.0,-1.6429780961131977,1.6429780961131977
project,17,0,17,0.0,-1.6429780961131977,1.6429780961131977
instructional design,17,0,17,0.0,-1.6429780961131977,1.6429780961131977
option valuation,17,0,17,0.0,-1.6429780961131977,1.6429780961131977
urban economics,17,0,17,0.0,-1.6429780961131977,1.6429780961131977
institutional review board irb,17,0,17,0.0,-1.6429780961131977,1.6429780961131977
oncology sales,17,0,17,0.0,-1.6429780961131977,1.6429780961131977
avid media composer,17,0,17,0.0,-1.6429780961131977,1.6429780961131977
file management,17,0,17,0.0,-1.6429780961131977,1.6429780961131977
sports medicine,17,0,17,0.0,-1.6429780961131977,1.6429780961131977
cinematography,17,0,17,0.0,-1.6429780961131977,1.6429780961131977
spatial analysis,17,0,17,0.0,-1.6429780961131977,1.6429780961131977
shipping receiving,17,0,17,0.0,-1.6429780961131977,1.6429780961131977
argus enterprise,17,0,17,0.0,-1.6429780961131977,1.6429780961131977
online presentations,17,0,17,0.0,-1.6429780961131977,1.6429780961131977
pharmacy management software,17,0,17,0.0,-1.6429780961131977,1.6429780961131977
ftir,17,0,17,0.0,-1.6429780961131977,1.6429780961131977
chemistry education,17,0,17,0.0,-1.6429780961131977,1.6429780961131977
imaging science,17,0,17,0.0,-1.6429780961131977,1.6429780961131977
tier 2 technical support,17,0,17,0.0,-1.6429780961131977,1.6429780961131977
hutterite german language,17,0,17,0.0,-1.6429780961131977,1.6429780961131977
avid pro tools,17,0,17,0.0,-1.6429780961131977,1.6429780961131977
office equipment maintenance,17,0,17,0.0,-1.6429780961131977,1.6429780961131977
stakeholder training,17,0,17,0.0,-1.6429780961131977,1.6429780961131977
social media content,125,3,122,0.024,-1.6429780961131977,1.6429780961131977
patient assessment,17,0,17,0.0,-1.6429780961131977,1.6429780961131977
lending,17,0,17,0.0,-1.6429780961131977,1.6429780961131977
cultural anthropology,17,0,17,0.0,-1.6429780961131977,1.6429780961131977
grants management system,17,0,17,0.0,-1.6429780961131977,1.6429780961131977
grant administration,17,0,17,0.0,-1.6429780961131977,1.6429780961131977
engineering drawings,17,0,17,0.0,-1.6429780961131977,1.6429780961131977
retail operations,17,0,17,0.0,-1.6429780961131977,1.6429780961131977
ethnography,17,0,17,0.0,-1.6429780961131977,1.6429780961131977
brand design,17,0,17,0.0,-1.6429780961131977,1.6429780961131977
mass marketing,17,0,17,0.0,-1.6429780961131977,1.6429780961131977
corporate identity,17,0,17,0.0,-1.6429780961131977,1.6429780961131977
massachusetts environmental policy act,17,0,17,0.0,-1.6429780961131977,1.6429780961131977
medical coding compliance,17,0,17,0.0,-1.6429780961131977,1.6429780961131977
fashion consulting,17,0,17,0.0,-1.6429780961131977,1.6429780961131977
health science,17,0,17,0.0,-1.6429780961131977,1.6429780961131977
purchase,17,0,17,0.0,-1.6429780961131977,1.6429780961131977
organic synthesis,17,0,17,0.0,-1.6429780961131977,1.6429780961131977
scanning electron microscopy,53,1,52,0.018867924528301886,-1.6429780961131977,1.6429780961131977
oracle hyperion financial management,21,9,12,0.42857142857142855,1.6379331196744555,1.6379331196744555
production systems engineering,21,9,12,0.42857142857142855,1.6379331196744555,1.6379331196744555
contract lifecycle management,124,3,121,0.024193548387096774,-1.6347813289090194,1.6347813289090194
associate project management,302,8,294,0.026490066225165563,-1.6328428742191545,1.6328428742191545
tax accounting,35,15,20,0.42857142857142855,1.6327851031570546,1.6327851031570546
linear video editing,266,7,259,0.02631578947368421,-1.6314837166874634,1.6314837166874634
stakeholder engagement,88,2,86,0.022727272727272728,-1.6314837166874625,1.6314837166874625
agricultural biotechnology,52,1,51,0.019230769230769232,-1.6237467341853096,1.6237467341853096
meeting planning,52,1,51,0.019230769230769232,-1.6237467341853096,1.6237467341853096
advertising campaigns,52,1,51,0.019230769230769232,-1.6237467341853096,1.6237467341853096
sales cycle,87,2,85,0.022988505747126436,-1.6198556786923435,1.6198556786923435
procedure writing,157,4,153,0.025477707006369428,-1.6172532048747623,1.6172532048747623
academic research,226,6,220,0.02654867256637168,-1.6117255526090934,1.6117255526090934
english grammar,156,4,152,0.02564102564102564,-1.6107172338949765,1.6107172338949765
platform strategy,59,25,34,0.423728813559322,1.6100890935032819,1.6100890935032819
classroom management,433,12,421,0.02771362586605081,-1.6057211677574386,1.6057211677574386
egyptian arabic language,51,1,50,0.0196078431372549,-1.6041382627969334,1.6041382627969334
panel data analysis,571,16,555,0.028021015761821366,-1.6041382627969334,1.6041382627969334
short films,51,1,50,0.0196078431372549,-1.6041382627969334,1.6041382627969334
credit products,12,5,7,0.4166666666666667,1.6022150370723764,1.6022150370723764
windows scripting,12,5,7,0.4166666666666667,1.6022150370723764,1.6022150370723764
classroom training,120,3,117,0.025,-1.60130539971263,1.60130539971263
communication theory,85,2,83,0.023529411764705882,-1.5961859346064387,1.5961859346064387
creative strategy,85,2,83,0.023529411764705882,-1.5961859346064387,1.5961859346064387
science education,188,5,183,0.026595744680851064,-1.5950966098799837,1.5950966098799837
choreography,16,0,16,0.0,-1.5841375960902644,1.5841375960902644
depositions,16,0,16,0.0,-1.5841375960902644,1.5841375960902644
systems thinking,16,0,16,0.0,-1.5841375960902644,1.5841375960902644
vector illustration,16,0,16,0.0,-1.5841375960902644,1.5841375960902644
screenwriting,50,1,49,0.02,-1.5841375960902644,1.5841375960902644
praat,16,0,16,0.0,-1.5841375960902644,1.5841375960902644
casualty insurance,16,0,16,0.0,-1.5841375960902644,1.5841375960902644
medical case management,16,0,16,0.0,-1.5841375960902644,1.5841375960902644
humor writing,16,0,16,0.0,-1.5841375960902644,1.5841375960902644
sleep medicine,16,0,16,0.0,-1.5841375960902644,1.5841375960902644
applied linguistics,16,0,16,0.0,-1.5841375960902644,1.5841375960902644
computerized accounts payable,16,0,16,0.0,-1.5841375960902644,1.5841375960902644
facebook content,16,0,16,0.0,-1.5841375960902644,1.5841375960902644
clinical research ethics,50,1,49,0.02,-1.5841375960902644,1.5841375960902644
critical incident stress management,16,0,16,0.0,-1.5841375960902644,1.5841375960902644
arbitration,16,0,16,0.0,-1.5841375960902644,1.5841375960902644
physical therapy education,16,0,16,0.0,-1.5841375960902644,1.5841375960902644
concrete breakers,16,0,16,0.0,-1.5841375960902644,1.5841375960902644
concrete placement,16,0,16,0.0,-1.5841375960902644,1.5841375960902644
metal fabrication,16,0,16,0.0,-1.5841375960902644,1.5841375960902644
professional writing,84,2,82,0.023809523809523808,-1.5841375960902644,1.5841375960902644
cardiovascular research,16,0,16,0.0,-1.5841375960902644,1.5841375960902644
construction quality control,16,0,16,0.0,-1.5841375960902644,1.5841375960902644
dedoose,16,0,16,0.0,-1.5841375960902644,1.5841375960902644
sales statistics,84,2,82,0.023809523809523808,-1.5841375960902644,1.5841375960902644
human immunology,16,0,16,0.0,-1.5841375960902644,1.5841375960902644
sales development,16,0,16,0.0,-1.5841375960902644,1.5841375960902644
legal issues,16,0,16,0.0,-1.5841375960902644,1.5841375960902644
childparent psychotherapy,16,0,16,0.0,-1.5841375960902644,1.5841375960902644
student services,16,0,16,0.0,-1.5841375960902644,1.5841375960902644
hospital medicine,16,0,16,0.0,-1.5841375960902644,1.5841375960902644
animal nutrition,16,0,16,0.0,-1.5841375960902644,1.5841375960902644
epidemiology,16,0,16,0.0,-1.5841375960902644,1.5841375960902644
soldering iron,16,0,16,0.0,-1.5841375960902644,1.5841375960902644
special education administration,16,0,16,0.0,-1.5841375960902644,1.5841375960902644
structured writing,16,0,16,0.0,-1.5841375960902644,1.5841375960902644
event management,50,1,49,0.02,-1.5841375960902644,1.5841375960902644
alternative dispute resolution,16,0,16,0.0,-1.5841375960902644,1.5841375960902644
sales floor,16,0,16,0.0,-1.5841375960902644,1.5841375960902644
ap style,16,0,16,0.0,-1.5841375960902644,1.5841375960902644
international financial reporting standards,89,37,52,0.4157303370786517,1.5758977287550024,1.5758977287550024
educational technology,184,5,179,0.02717391304347826,-1.5730571503136925,1.5730571503136925
architectural drawings,83,2,81,0.024096385542168676,-1.5719423229964455,1.5719423229964455
online journalism,150,4,146,0.02666666666666667,-1.5705780663046323,1.5705780663046323
nonprofit financial management,317,9,308,0.028391167192429023,-1.5680600793627315,1.5680600793627315
science management,182,5,177,0.027472527472527472,-1.561852551300829,1.561852551300829
dog training,115,3,112,0.02608695652173913,-1.5578202877728904,1.5578202877728904
day trading,66,27,39,0.4090909090909091,1.550255298141665,1.550255298141665
creative direction,81,2,79,0.024691358024691357,-1.5470963244099147,1.5470963244099147
digital media channels,81,2,79,0.024691358024691357,-1.5470963244099147,1.5470963244099147
literature reviews,212,6,206,0.02830188679245283,-1.5461282701232806,1.5461282701232806
tax workpapers,10,4,6,0.4,1.5446451852508982,1.5446451852508982
communications security,10,4,6,0.4,1.5446451852508982,1.5446451852508982
user datagram protocol,10,4,6,0.4,1.5446451852508982,1.5446451852508982
community banking,10,4,6,0.4,1.5446451852508982,1.5446451852508982
containerization,10,4,6,0.4,1.5446451852508982,1.5446451852508982
securities offerings,10,4,6,0.4,1.5446451852508982,1.5446451852508982
gnu debuggers,10,4,6,0.4,1.5446451852508982,1.5446451852508982
infrastructure as code,10,4,6,0.4,1.5446451852508982,1.5446451852508982
computer security,10,4,6,0.4,1.5446451852508982,1.5446451852508982
azure cosmos db,10,4,6,0.4,1.5446451852508982,1.5446451852508982
group therapy,48,1,47,0.020833333333333332,-1.5428946375562154,1.5428946375562154
recruiting concepts,48,1,47,0.020833333333333332,-1.5428946375562154,1.5428946375562154
logo design,48,1,47,0.020833333333333332,-1.5428946375562154,1.5428946375562154
quantitative research methodologies,113,3,110,0.02654867256637168,-1.5398825870862236,1.5398825870862236
credit derivatives,15,6,9,0.4,1.5328803436713114,1.5328803436713114
custom backend,15,6,9,0.4,1.5328803436713114,1.5328803436713114
ecological engineering,15,6,9,0.4,1.5328803436713114,1.5328803436713114
adobe design programs,143,4,139,0.027972027972027972,-1.5216172391089309,1.5216172391089309
westlaw,303,9,294,0.0297029702970297,-1.5216172391089304,1.5216172391089304
heartsaver first aid,15,0,15,0.0,-1.52161723910893,1.52161723910893
social media measurement,15,0,15,0.0,-1.52161723910893,1.52161723910893
brand sales,15,0,15,0.0,-1.52161723910893,1.52161723910893
bioinformatics software,15,0,15,0.0,-1.52161723910893,1.52161723910893
music marketing,15,0,15,0.0,-1.52161723910893,1.52161723910893
customer marketing,15,0,15,0.0,-1.52161723910893,1.52161723910893
state childrens health insurance programs,15,0,15,0.0,-1.52161723910893,1.52161723910893
mathematical physics,15,0,15,0.0,-1.52161723910893,1.52161723910893
diplomacy,15,0,15,0.0,-1.52161723910893,1.52161723910893
human rights education,15,0,15,0.0,-1.52161723910893,1.52161723910893
conservation biology,15,0,15,0.0,-1.52161723910893,1.52161723910893
corporate litigations,15,0,15,0.0,-1.52161723910893,1.52161723910893
knowledge-based engineering,15,0,15,0.0,-1.52161723910893,1.52161723910893
donor stewardship,15,0,15,0.0,-1.52161723910893,1.52161723910893
health risk assessments,15,0,15,0.0,-1.52161723910893,1.52161723910893
servicenow platform,15,0,15,0.0,-1.52161723910893,1.52161723910893
undergraduate research,15,0,15,0.0,-1.52161723910893,1.52161723910893
bacterial culture,15,0,15,0.0,-1.52161723910893,1.52161723910893
skill development,15,0,15,0.0,-1.52161723910893,1.52161723910893
data collection protocols,79,2,77,0.02531645569620253,-1.52161723910893,1.52161723910893
peer support,15,0,15,0.0,-1.52161723910893,1.52161723910893
polymer characterization,15,0,15,0.0,-1.52161723910893,1.52161723910893
creative marketing,15,0,15,0.0,-1.52161723910893,1.52161723910893
development cooperation,15,0,15,0.0,-1.52161723910893,1.52161723910893
skiing,15,0,15,0.0,-1.52161723910893,1.52161723910893
youth advocacy,15,0,15,0.0,-1.52161723910893,1.52161723910893
sales assistance,15,0,15,0.0,-1.52161723910893,1.52161723910893
audio visual design,15,0,15,0.0,-1.52161723910893,1.52161723910893
library science,15,0,15,0.0,-1.52161723910893,1.52161723910893
environmental justice,15,0,15,0.0,-1.52161723910893,1.52161723910893
.net mvc,15,0,15,0.0,-1.52161723910893,1.52161723910893
game design documents,15,0,15,0.0,-1.52161723910893,1.52161723910893
clip art,15,0,15,0.0,-1.52161723910893,1.52161723910893
airtable,47,1,46,0.02127659574468085,-1.52161723910893,1.52161723910893
live sound mixing,15,0,15,0.0,-1.52161723910893,1.52161723910893
freshwater ecology,15,0,15,0.0,-1.52161723910893,1.52161723910893
dissection,15,0,15,0.0,-1.52161723910893,1.52161723910893
economic torts,15,0,15,0.0,-1.52161723910893,1.52161723910893
community health nursing,15,0,15,0.0,-1.52161723910893,1.52161723910893
adult education,15,0,15,0.0,-1.52161723910893,1.52161723910893
hedge accounting,15,0,15,0.0,-1.52161723910893,1.52161723910893
nurses,15,0,15,0.0,-1.52161723910893,1.52161723910893
management training programs,15,0,15,0.0,-1.52161723910893,1.52161723910893
legal liability,15,0,15,0.0,-1.52161723910893,1.52161723910893
team problem solving,15,0,15,0.0,-1.52161723910893,1.52161723910893
exhibits,15,0,15,0.0,-1.52161723910893,1.52161723910893
sports media,15,0,15,0.0,-1.52161723910893,1.52161723910893
cloud sales,15,0,15,0.0,-1.52161723910893,1.52161723910893
product presentation,15,0,15,0.0,-1.52161723910893,1.52161723910893
interdisciplinary collaboration,47,1,46,0.02127659574468085,-1.52161723910893,1.52161723910893
feature films,47,1,46,0.02127659574468085,-1.52161723910893,1.52161723910893
sports injuries,15,0,15,0.0,-1.52161723910893,1.52161723910893
intellectual property portfolios,15,0,15,0.0,-1.52161723910893,1.52161723910893
molecular engineering,15,0,15,0.0,-1.52161723910893,1.52161723910893
independent film,15,0,15,0.0,-1.52161723910893,1.52161723910893
wet chemistry,15,0,15,0.0,-1.52161723910893,1.52161723910893
cancer biology,15,0,15,0.0,-1.52161723910893,1.52161723910893
elementary mathematics,47,1,46,0.02127659574468085,-1.52161723910893,1.52161723910893
project scopes,15,0,15,0.0,-1.52161723910893,1.52161723910893
peoplesoft travel and expense management,15,0,15,0.0,-1.52161723910893,1.52161723910893
mental health license,15,0,15,0.0,-1.52161723910893,1.52161723910893
automotive sales,15,0,15,0.0,-1.52161723910893,1.52161723910893
wildlife conservation,15,0,15,0.0,-1.52161723910893,1.52161723910893
social psychology,15,0,15,0.0,-1.52161723910893,1.52161723910893
communication research,15,0,15,0.0,-1.52161723910893,1.52161723910893
project documentation,15,0,15,0.0,-1.52161723910893,1.52161723910893
weld quality assurance,15,0,15,0.0,-1.52161723910893,1.52161723910893
simple linear regression,15,0,15,0.0,-1.52161723910893,1.52161723910893
injury prevention,15,0,15,0.0,-1.52161723910893,1.52161723910893
financial sales,47,1,46,0.02127659574468085,-1.52161723910893,1.52161723910893
deal closure,15,0,15,0.0,-1.52161723910893,1.52161723910893
assay troubleshooting,15,0,15,0.0,-1.52161723910893,1.52161723910893
automation controls,15,0,15,0.0,-1.52161723910893,1.52161723910893
fashion business,15,0,15,0.0,-1.52161723910893,1.52161723910893
technology valuation,40,16,24,0.4,1.51705722873207,1.51705722873207
collaborative leadership,110,3,107,0.02727272727272727,-1.5123579136961336,1.5123579136961336
western blotting,521,16,505,0.030710172744721688,-1.509817692177775,1.509817692177775
phone etiquette,172,5,167,0.029069767441860465,-1.5038652936504802,1.5038652936504802
theatre production,46,1,45,0.021739130434782608,-1.4998772524725243,1.4998772524725243
marketing channels,46,1,45,0.021739130434782608,-1.4998772524725243,1.4998772524725243
urban design,46,1,45,0.021739130434782608,-1.4998772524725243,1.4998772524725243
test of english for international communication,46,1,45,0.021739130434782608,-1.4998772524725243,1.4998772524725243
medical research,46,1,45,0.021739130434782608,-1.4998772524725243,1.4998772524725243
health policy research,46,1,45,0.021739130434782608,-1.4998772524725243,1.4998772524725243
polymerase chain reaction,1046,33,1013,0.03154875717017208,-1.4972495616848183,1.4972495616848183
broadcast advertising,77,2,75,0.025974025974025976,-1.4954719590046084,1.4954719590046084
research experiments,108,3,105,0.027777777777777776,-1.493578019044537,1.493578019044537
mips assembly,23,9,14,0.391304347826087,1.489513114556182,1.489513114556182
arcgis products,138,4,134,0.028985507246376812,-1.4851168368894037,1.4851168368894037
smart contracts,18,7,11,0.3888888888888889,1.4849259505492753,1.4849259505492753
international finance,18,7,11,0.3888888888888889,1.4849259505492753,1.4849259505492753
paralegal,323,10,313,0.030959752321981424,-1.484054137533282,1.484054137533282
canvas lms,107,3,104,0.028037383177570093,-1.484054137533282,1.484054137533282
community organizing,76,2,74,0.02631578947368421,-1.4821384281351424,1.4821384281351424
multiple project coordination,76,2,74,0.02631578947368421,-1.4821384281351424,1.4821384281351424
emerging market debt,46,18,28,0.391304347826087,1.4802366101858908,1.4802366101858908
biomedical engineering,45,1,44,0.022222222222222223,-1.4776541156878142,1.4776541156878142
construction engineering,45,1,44,0.022222222222222223,-1.4776541156878142,1.4776541156878142
project scheduling,45,1,44,0.022222222222222223,-1.4776541156878142,1.4776541156878142
broadcast journalism,45,1,44,0.022222222222222223,-1.4776541156878142,1.4776541156878142
splunk enterprise security,13,5,8,0.38461538461538464,1.4770518941183708,1.4770518941183708
flutter,41,16,25,0.3902439024390244,1.4770518941183708,1.4770518941183708
certified public accountant,13,5,8,0.38461538461538464,1.4770518941183708,1.4770518941183708
fintech,13,5,8,0.38461538461538464,1.4770518941183708,1.4770518941183708
rf engineering,13,5,8,0.38461538461538464,1.4770518941183708,1.4770518941183708
financial accounting,92,36,56,0.391304347826087,1.4754415878122664,1.4754415878122664
european politics,106,3,103,0.02830188679245283,-1.47443867883384,1.47443867883384
seo copywriting,167,5,162,0.029940119760479042,-1.4735599441551512,1.4735599441551512
press releases,197,6,191,0.030456852791878174,-1.470715666342894,1.470715666342894
research management,135,4,131,0.02962962962962963,-1.4625594894653293,1.4625594894653293
firmware architecture,26,10,16,0.38461538461538464,1.4603848416331582,1.4603848416331582
social media outreach,285,9,276,0.031578947368421054,-1.4585490569796784,1.4585490569796784
10 key typing,14,0,14,0.0,-1.4549258646102583,1.4549258646102583
graphics layout,14,0,14,0.0,-1.4549258646102583,1.4549258646102583
data architecture,14,0,14,0.0,-1.4549258646102583,1.4549258646102583
cultural diversity,14,0,14,0.0,-1.4549258646102583,1.4549258646102583
genetic epidemiology,14,0,14,0.0,-1.4549258646102583,1.4549258646102583
drone operation,14,0,14,0.0,-1.4549258646102583,1.4549258646102583
environmental policy,14,0,14,0.0,-1.4549258646102583,1.4549258646102583
windows system administration,14,0,14,0.0,-1.4549258646102583,1.4549258646102583
emergency medical,14,0,14,0.0,-1.4549258646102583,1.4549258646102583
international public affairs,14,0,14,0.0,-1.4549258646102583,1.4549258646102583
yield management,14,0,14,0.0,-1.4549258646102583,1.4549258646102583
underwriting strategy,14,0,14,0.0,-1.4549258646102583,1.4549258646102583
synthetic organic chemistry,14,0,14,0.0,-1.4549258646102583,1.4549258646102583
technological innovation,14,0,14,0.0,-1.4549258646102583,1.4549258646102583
disability claims management,14,0,14,0.0,-1.4549258646102583,1.4549258646102583
customer acquisition,14,0,14,0.0,-1.4549258646102583,1.4549258646102583
energy industry,14,0,14,0.0,-1.4549258646102583,1.4549258646102583
workshop facilitation,44,1,43,0.022727272727272728,-1.4549258646102583,1.4549258646102583
wound care management,14,0,14,0.0,-1.4549258646102583,1.4549258646102583
evolutionary biology,14,0,14,0.0,-1.4549258646102583,1.4549258646102583
human anatomy,14,0,14,0.0,-1.4549258646102583,1.4549258646102583
feasibility studies,14,0,14,0.0,-1.4549258646102583,1.4549258646102583
fast paced retail,14,0,14,0.0,-1.4549258646102583,1.4549258646102583
adobe marketing,14,0,14,0.0,-1.4549258646102583,1.4549258646102583
experimental physics,14,0,14,0.0,-1.4549258646102583,1.4549258646102583
electronic document management,14,0,14,0.0,-1.4549258646102583,1.4549258646102583
accelerator physics,14,0,14,0.0,-1.4549258646102583,1.4549258646102583
lecturing,44,1,43,0.022727272727272728,-1.4549258646102583,1.4549258646102583
surveying,14,0,14,0.0,-1.4549258646102583,1.4549258646102583
advertising law,14,0,14,0.0,-1.4549258646102583,1.4549258646102583
healthcare delivery models,14,0,14,0.0,-1.4549258646102583,1.4549258646102583
jury research,14,0,14,0.0,-1.4549258646102583,1.4549258646102583
sales campaigns,14,0,14,0.0,-1.4549258646102583,1.4549258646102583
collaborative project management,14,0,14,0.0,-1.4549258646102583,1.4549258646102583
staffing,14,0,14,0.0,-1.4549258646102583,1.4549258646102583
military studies,14,0,14,0.0,-1.4549258646102583,1.4549258646102583
sports teams,14,0,14,0.0,-1.4549258646102583,1.4549258646102583
secondary research,14,0,14,0.0,-1.4549258646102583,1.4549258646102583
menu management,14,0,14,0.0,-1.4549258646102583,1.4549258646102583
principal component analysis,14,0,14,0.0,-1.4549258646102583,1.4549258646102583
career counseling,14,0,14,0.0,-1.4549258646102583,1.4549258646102583
medical orders for lifesustaining treatments,14,0,14,0.0,-1.4549258646102583,1.4549258646102583
rapid application development,14,0,14,0.0,-1.4549258646102583,1.4549258646102583
copy cataloging,14,0,14,0.0,-1.4549258646102583,1.4549258646102583
medical leadership,14,0,14,0.0,-1.4549258646102583,1.4549258646102583
corporate events,14,0,14,0.0,-1.4549258646102583,1.4549258646102583
qualification in immunohistochemistry,14,0,14,0.0,-1.4549258646102583,1.4549258646102583
quantum engineering,14,0,14,0.0,-1.4549258646102583,1.4549258646102583
standup comedy,14,0,14,0.0,-1.4549258646102583,1.4549258646102583
constituent relationship management,14,0,14,0.0,-1.4549258646102583,1.4549258646102583
monthly newsletter,14,0,14,0.0,-1.4549258646102583,1.4549258646102583
small business development,14,0,14,0.0,-1.4549258646102583,1.4549258646102583
computer-assisted web interviewing,14,0,14,0.0,-1.4549258646102583,1.4549258646102583
sport psychology,14,0,14,0.0,-1.4549258646102583,1.4549258646102583
music management,14,0,14,0.0,-1.4549258646102583,1.4549258646102583
audio mixing,14,0,14,0.0,-1.4549258646102583,1.4549258646102583
cmake,14,0,14,0.0,-1.4549258646102583,1.4549258646102583
spelling,14,0,14,0.0,-1.4549258646102583,1.4549258646102583
coalitions,14,0,14,0.0,-1.4549258646102583,1.4549258646102583
compliance auditing,14,0,14,0.0,-1.4549258646102583,1.4549258646102583
athletic administration,14,0,14,0.0,-1.4549258646102583,1.4549258646102583
column chromatography,14,0,14,0.0,-1.4549258646102583,1.4549258646102583
commercial product photography,14,0,14,0.0,-1.4549258646102583,1.4549258646102583
social research,14,0,14,0.0,-1.4549258646102583,1.4549258646102583
communication planning,14,0,14,0.0,-1.4549258646102583,1.4549258646102583
community development,74,2,72,0.02702702702702703,-1.4549258646102583,1.4549258646102583
random forest algorithm,14,0,14,0.0,-1.4549258646102583,1.4549258646102583
community development planning,44,1,43,0.022727272727272728,-1.4549258646102583,1.4549258646102583
creative campaign development,14,0,14,0.0,-1.4549258646102583,1.4549258646102583
business acquisition,14,0,14,0.0,-1.4549258646102583,1.4549258646102583
animal welfare,14,0,14,0.0,-1.4549258646102583,1.4549258646102583
structural family therapy,14,0,14,0.0,-1.4549258646102583,1.4549258646102583
safety environmental management systems,14,0,14,0.0,-1.4549258646102583,1.4549258646102583
lumion,14,0,14,0.0,-1.4549258646102583,1.4549258646102583
branded content,14,0,14,0.0,-1.4549258646102583,1.4549258646102583
corporate finance,39,15,24,0.38461538461538464,1.4545368717507356,1.4545368717507356
grant writing,283,9,274,0.03180212014134275,-1.4512894969668744,1.4512894969668744
creative writing workshops,253,8,245,0.03162055335968379,-1.4508608183620884,1.4508608183620884
facebook advertising,163,5,158,0.03067484662576687,-1.4486365357026942,1.4486365357026942
commercial litigation,341,11,330,0.03225806451612903,-1.4458896585463208,1.4458896585463208
digital content editing,251,8,243,0.03187250996015936,-1.4426808136501577,1.4426808136501577
vital statistics,73,2,71,0.0273972602739726,-1.441036752449591,1.441036752449591
dental sales,73,2,71,0.0273972602739726,-1.441036752449591,1.441036752449591
junit,29,11,18,0.3793103448275862,1.4369462686611412,1.4369462686611412
qualitative research,513,17,496,0.03313840155945419,-1.4330126371795426,1.4330126371795426
gradle,16,6,10,0.375,1.4327968851143291,1.4327968851143291
stage management,43,1,42,0.023255813953488372,-1.4316690024459904,1.4316690024459904
event catering,43,1,42,0.023255813953488372,-1.4316690024459904,1.4316690024459904
police training,43,1,42,0.023255813953488372,-1.4316690024459904,1.4316690024459904
single nucleotide polymorphism database,43,1,42,0.023255813953488372,-1.4316690024459904,1.4316690024459904
collaboration in healthcare,43,1,42,0.023255813953488372,-1.4316690024459904,1.4316690024459904
bloomberg for education,43,1,42,0.023255813953488372,-1.4316690024459904,1.4316690024459904
engineering projects,43,1,42,0.023255813953488372,-1.4316690024459904,1.4316690024459904
social media graphic design,306,10,296,0.032679738562091505,-1.428301995898087,1.428301995898087
editorial judgment,72,2,70,0.027777777777777776,-1.4269520125678516,1.4269520125678516
volunteer management,304,10,294,0.03289473684210526,-1.4215337805519481,1.4215337805519481
interest rate derivatives,53,20,33,0.37735849056603776,1.4212494126895576,1.4212494126895576
economic development research,42,1,41,0.023809523809523808,-1.407858353752272,1.407858353752272
planning organizing,42,1,41,0.023809523809523808,-1.407858353752272,1.407858353752272
clo 3d fashion design software,42,1,41,0.023809523809523808,-1.407858353752272,1.407858353752272
content management,42,1,41,0.023809523809523808,-1.407858353752272,1.407858353752272
text editing,42,1,41,0.023809523809523808,-1.407858353752272,1.407858353752272
constructive feedback,42,1,41,0.023809523809523808,-1.407858353752272,1.407858353752272
divi wordpress theme,42,1,41,0.023809523809523808,-1.407858353752272,1.407858353752272
people leadership,42,1,41,0.023809523809523808,-1.407858353752272,1.407858353752272
adobe creative,156,5,151,0.03205128205128205,-1.4034675673347827,1.4034675673347827
social media optimization,555,19,536,0.03423423423423423,-1.4022821311248364,1.4022821311248364
java api for restful web services,1488,558,930,0.375,1.4019025078031657,1.4019025078031657
coding standards,11,4,7,0.36363636363636365,1.401544341610225,1.401544341610225
angular ui,59,22,37,0.3728813559322034,1.401544341610225,1.401544341610225
corporate analysis,11,4,7,0.36363636363636365,1.401544341610225,1.401544341610225
transmission control protocol,19,7,12,0.3684210526315789,1.401544341610225,1.401544341610225
chess,11,4,7,0.36363636363636365,1.401544341610225,1.401544341610225
amazon sqs,11,4,7,0.36363636363636365,1.401544341610225,1.401544341610225
backend infrastructure,11,4,7,0.36363636363636365,1.401544341610225,1.401544341610225
intercultural communication,127,4,123,0.031496062992125984,-1.399793793915542,1.399793793915542
bluebeam revu,70,2,68,0.02857142857142857,-1.3981730480178083,1.3981730480178083
online training,70,2,68,0.02857142857142857,-1.3981730480178083,1.3981730480178083
interior design project management,154,5,149,0.032467532467532464,-1.3901783352161,1.3901783352161
jest,30,11,19,0.36666666666666664,1.3843025351757188,1.3843025351757188
external auditing,30,11,19,0.36666666666666664,1.3843025351757188,1.3843025351757188
corporate tax,30,11,19,0.36666666666666664,1.3843025351757188,1.3843025351757188
slide preparation,13,0,13,0.0,-1.3834669006281128,1.3834669006281128
travel planning,13,0,13,0.0,-1.3834669006281128,1.3834669006281128
transpersonal psychology,13,0,13,0.0,-1.3834669006281128,1.3834669006281128
trend forecasting,13,0,13,0.0,-1.3834669006281128,1.3834669006281128
crm,13,0,13,0.0,-1.3834669006281128,1.3834669006281128
earth science,13,0,13,0.0,-1.3834669006281128,1.3834669006281128
civil engineering software,13,0,13,0.0,-1.3834669006281128,1.3834669006281128
mri procedures,13,0,13,0.0,-1.3834669006281128,1.3834669006281128
german language,13,0,13,0.0,-1.3834669006281128,1.3834669006281128
photo research,41,1,40,0.024390243902439025,-1.3834669006281128,1.3834669006281128
confidentiality,13,0,13,0.0,-1.3834669006281128,1.3834669006281128
information graphics,13,0,13,0.0,-1.3834669006281128,1.3834669006281128
early years,13,0,13,0.0,-1.3834669006281128,1.3834669006281128
life cycle assessment,13,0,13,0.0,-1.3834669006281128,1.3834669006281128
directing talent,13,0,13,0.0,-1.3834669006281128,1.3834669006281128
associate insurance regulatory compliance,13,0,13,0.0,-1.3834669006281128,1.3834669006281128
cultural sensitivity,13,0,13,0.0,-1.3834669006281128,1.3834669006281128
tissue culture infective dose assays,13,0,13,0.0,-1.3834669006281128,1.3834669006281128
liability analysis,13,0,13,0.0,-1.3834669006281128,1.3834669006281128
college education planning,13,0,13,0.0,-1.3834669006281128,1.3834669006281128
group dynamics,13,0,13,0.0,-1.3834669006281128,1.3834669006281128
groundwater assessment,13,0,13,0.0,-1.3834669006281128,1.3834669006281128
environmental law,13,0,13,0.0,-1.3834669006281128,1.3834669006281128
partnerships,13,0,13,0.0,-1.3834669006281128,1.3834669006281128
animal husbandry,13,0,13,0.0,-1.3834669006281128,1.3834669006281128
therapeutic behavior management,13,0,13,0.0,-1.3834669006281128,1.3834669006281128
digital training,13,0,13,0.0,-1.3834669006281128,1.3834669006281128
grammar,13,0,13,0.0,-1.3834669006281128,1.3834669006281128
natural resource science,13,0,13,0.0,-1.3834669006281128,1.3834669006281128
criminal litigation,13,0,13,0.0,-1.3834669006281128,1.3834669006281128
user stories,13,0,13,0.0,-1.3834669006281128,1.3834669006281128
human behavior,13,0,13,0.0,-1.3834669006281128,1.3834669006281128
patient recruitment,13,0,13,0.0,-1.3834669006281128,1.3834669006281128
music education,41,1,40,0.024390243902439025,-1.3834669006281128,1.3834669006281128
risk analytics,13,0,13,0.0,-1.3834669006281128,1.3834669006281128
health policy analysis,41,1,40,0.024390243902439025,-1.3834669006281128,1.3834669006281128
cryoelectron microscopy,13,0,13,0.0,-1.3834669006281128,1.3834669006281128
multicultural marketing,69,2,67,0.028985507246376812,-1.3834669006281128,1.3834669006281128
binary search algorithms,13,0,13,0.0,-1.3834669006281128,1.3834669006281128
retail planning,13,0,13,0.0,-1.3834669006281128,1.3834669006281128
laboratory information management systems,13,0,13,0.0,-1.3834669006281128,1.3834669006281128
electronic trial file,13,0,13,0.0,-1.3834669006281128,1.3834669006281128
psychological assessment,13,0,13,0.0,-1.3834669006281128,1.3834669006281128
public diplomacy,13,0,13,0.0,-1.3834669006281128,1.3834669006281128
sap sales and distribution,13,0,13,0.0,-1.3834669006281128,1.3834669006281128
sanitizing,13,0,13,0.0,-1.3834669006281128,1.3834669006281128
faculty management,13,0,13,0.0,-1.3834669006281128,1.3834669006281128
qiskit,13,0,13,0.0,-1.3834669006281128,1.3834669006281128
relocation buyers,13,0,13,0.0,-1.3834669006281128,1.3834669006281128
team leadership,41,1,40,0.024390243902439025,-1.3834669006281128,1.3834669006281128
media relations,69,2,67,0.028985507246376812,-1.3834669006281128,1.3834669006281128
quantitative data,13,0,13,0.0,-1.3834669006281128,1.3834669006281128
ledger accounting,13,0,13,0.0,-1.3834669006281128,1.3834669006281128
laboratory equipment,13,0,13,0.0,-1.3834669006281128,1.3834669006281128
corporate publishing,13,0,13,0.0,-1.3834669006281128,1.3834669006281128
coordinating activities,13,0,13,0.0,-1.3834669006281128,1.3834669006281128
wine tasting,13,0,13,0.0,-1.3834669006281128,1.3834669006281128
marketing materials,13,0,13,0.0,-1.3834669006281128,1.3834669006281128
tax dispute resolution,13,0,13,0.0,-1.3834669006281128,1.3834669006281128
wired communications,13,0,13,0.0,-1.3834669006281128,1.3834669006281128
expense report auditing,13,0,13,0.0,-1.3834669006281128,1.3834669006281128
mathcad,13,0,13,0.0,-1.3834669006281128,1.3834669006281128
latin american literature,13,0,13,0.0,-1.3834669006281128,1.3834669006281128
latin dance,13,0,13,0.0,-1.3834669006281128,1.3834669006281128
state government,13,0,13,0.0,-1.3834669006281128,1.3834669006281128
excel formulas,13,0,13,0.0,-1.3834669006281128,1.3834669006281128
customer growth,13,0,13,0.0,-1.3834669006281128,1.3834669006281128
rds database,13,0,13,0.0,-1.3834669006281128,1.3834669006281128
corrective and preventive action,13,0,13,0.0,-1.3834669006281128,1.3834669006281128
military leadership,97,3,94,0.030927835051546393,-1.3834669006281128,1.3834669006281128
research ethics,97,3,94,0.030927835051546393,-1.3834669006281128,1.3834669006281128
basic life support,13,0,13,0.0,-1.3834669006281128,1.3834669006281128
electronic filing,13,0,13,0.0,-1.3834669006281128,1.3834669006281128
game design,13,0,13,0.0,-1.3834669006281128,1.3834669006281128
biology education,13,0,13,0.0,-1.3834669006281128,1.3834669006281128
economic order quantity,13,0,13,0.0,-1.3834669006281128,1.3834669006281128
self-motivation,13,0,13,0.0,-1.3834669006281128,1.3834669006281128
construction sequencing,13,0,13,0.0,-1.3834669006281128,1.3834669006281128
instagram stories,13,0,13,0.0,-1.3834669006281128,1.3834669006281128
editorial calendar,41,1,40,0.024390243902439025,-1.3834669006281128,1.3834669006281128
construction site inspections,13,0,13,0.0,-1.3834669006281128,1.3834669006281128
leadership review,13,0,13,0.0,-1.3834669006281128,1.3834669006281128
chemical process engineering,13,0,13,0.0,-1.3834669006281128,1.3834669006281128
brand ambassadors,13,0,13,0.0,-1.3834669006281128,1.3834669006281128
voter education,13,0,13,0.0,-1.3834669006281128,1.3834669006281128
metadata management,13,0,13,0.0,-1.3834669006281128,1.3834669006281128
arcgis storymaps,13,0,13,0.0,-1.3834669006281128,1.3834669006281128
political philosophy,13,0,13,0.0,-1.3834669006281128,1.3834669006281128
interactive entertainment,13,0,13,0.0,-1.3834669006281128,1.3834669006281128
polymer chemistry,13,0,13,0.0,-1.3834669006281128,1.3834669006281128
campaign execution,13,0,13,0.0,-1.3834669006281128,1.3834669006281128
field training exercise,13,0,13,0.0,-1.3834669006281128,1.3834669006281128
project coordination,97,3,94,0.030927835051546393,-1.3834669006281128,1.3834669006281128
legal databases,13,0,13,0.0,-1.3834669006281128,1.3834669006281128
wedding photography,13,0,13,0.0,-1.3834669006281128,1.3834669006281128
strict confidentiality,41,1,40,0.024390243902439025,-1.3834669006281128,1.3834669006281128
data mapping,13,0,13,0.0,-1.3834669006281128,1.3834669006281128
high pressure situations,13,0,13,0.0,-1.3834669006281128,1.3834669006281128
cellular data communication protocols,13,0,13,0.0,-1.3834669006281128,1.3834669006281128
portfolio optimization,13,0,13,0.0,-1.3834669006281128,1.3834669006281128
water resource management,13,0,13,0.0,-1.3834669006281128,1.3834669006281128
construction site safety,13,0,13,0.0,-1.3834669006281128,1.3834669006281128
community outreach,2836,101,2735,0.03561354019746121,-1.381640749645823,1.381640749645823
embedded software programming,1047,384,663,0.3667621776504298,1.3667849005496522,1.3667849005496522
electronics manufacturing,14,5,9,0.35714285714285715,1.3658262590081458,1.3658262590081458
redux,14,5,9,0.35714285714285715,1.3658262590081458,1.3658262590081458
linq to sql,14,5,9,0.35714285714285715,1.3658262590081458,1.3658262590081458
academic english,889,32,857,0.0359955005624297,-1.3604111243281878,1.3604111243281878
financial product development,25,9,16,0.36,1.3603013830761759,1.3603013830761759
civil litigation,423,15,408,0.03546099290780142,-1.359281924998641,1.359281924998641
social justice,40,1,39,0.025,-1.358465598422696,1.358465598422696
alphanumeric data entry,40,1,39,0.025,-1.358465598422696,1.358465598422696
hospitality industry,40,1,39,0.025,-1.358465598422696,1.358465598422696
customer insight,40,1,39,0.025,-1.358465598422696,1.358465598422696
hospitality skills,40,1,39,0.025,-1.358465598422696,1.358465598422696
clinical translation,40,1,39,0.025,-1.358465598422696,1.358465598422696
environmental problem solving,204,7,197,0.03431372549019608,-1.358465598422696,1.358465598422696
linear editing,40,1,39,0.025,-1.358465598422696,1.358465598422696
statistical hypothesis testing,40,1,39,0.025,-1.358465598422696,1.358465598422696
applied marketing,40,1,39,0.025,-1.358465598422696,1.358465598422696
stakeholder management,40,1,39,0.025,-1.358465598422696,1.358465598422696
bartending,40,1,39,0.025,-1.358465598422696,1.358465598422696
scientific data management,40,1,39,0.025,-1.358465598422696,1.358465598422696
integrated mathematics,40,1,39,0.025,-1.358465598422696,1.358465598422696
food preparation,40,1,39,0.025,-1.358465598422696,1.358465598422696
spring integration,36,13,23,0.3611111111111111,1.358059229670486,1.358059229670486
sme banking,36,13,23,0.3611111111111111,1.358059229670486,1.358059229670486
azure devops server,113,41,72,0.36283185840707965,1.354476830752239,1.354476830752239
autocad architecture,67,2,65,0.029850746268656716,-1.3533894453908353,1.3533894453908353
digital storytelling,67,2,65,0.029850746268656716,-1.3533894453908353,1.3533894453908353
sports coaching,121,4,117,0.03305785123966942,-1.3499909714317244,1.3499909714317244
derivatives trading,469,170,299,0.3624733475479744,1.348990844544283,1.348990844544283
oral communication,175,6,169,0.03428571428571429,-1.3486807845426982,1.3486807845426982
fixed income,558,202,356,0.36200716845878134,1.346775612068459,1.346775612068459
semiconductor characterization techniques,28,10,18,0.35714285714285715,1.345974490455414,1.345974490455414
corporate law,336,12,324,0.03571428571428571,-1.344186926459673,1.344186926459673
open programming language,1265,457,808,0.3612648221343874,1.3429661710746303,1.3429661710746303
environmental awareness,147,5,142,0.034013605442176874,-1.3422239420940638,1.3422239420940638
brake lathes,17,6,11,0.35294117647058826,1.341825106908602,1.341825106908602
communication training,120,4,116,0.03333333333333333,-1.3414439108532656,1.3414439108532656
cell biology,362,13,349,0.03591160220994475,-1.3414439108532652,1.3414439108532652
protein engineering,93,3,90,0.03225806451612903,-1.3402169168342963,1.3402169168342963
jenkins 2,67,24,43,0.3582089552238806,1.3382821448322586,1.3382821448322586
journalism education,66,2,64,0.030303030303030304,-1.338004526551356,1.338004526551356
ethical decision-making,66,2,64,0.030303030303030304,-1.338004526551356,1.338004526551356
agricultural consumer and environmental science,66,2,64,0.030303030303030304,-1.338004526551356,1.338004526551356
proofreading,200,7,193,0.035,-1.338004526551356,1.338004526551356
gentoo linux,1496,538,958,0.35962566844919786,1.3357878994869599,1.3357878994869599
strategic communications counsel,333,12,321,0.036036036036036036,-1.3348989339932027,1.3348989339932027
calendaring software,39,1,38,0.02564102564102564,-1.3328231678093578,1.3328231678093578
arbitration procedures,39,1,38,0.02564102564102564,-1.3328231678093578,1.3328231678093578
sales target management,39,1,38,0.02564102564102564,-1.3328231678093578,1.3328231678093578
integration platforms,45,16,29,0.35555555555555557,1.3313400829369773,1.3313400829369773
sales tax auditing,34,12,22,0.35294117647058826,1.3245833004740968,1.3245833004740968
ansys mechanical,34,12,22,0.35294117647058826,1.3245833004740968,1.3245833004740968
react redux,62,22,40,0.3548387096774194,1.3245833004740968,1.3245833004740968
.net framework,20,7,13,0.35,1.3245833004740968,1.3245833004740968
generally accepted accounting principles,48,17,31,0.3541666666666667,1.3245833004740968,1.3245833004740968
standard operating procedure,65,2,63,0.03076923076923077,-1.3223792086482753,1.3223792086482753
mental health counseling,65,2,63,0.03076923076923077,-1.3223792086482753,1.3223792086482753
digital media services,91,3,88,0.03296703296703297,-1.3178696181423,1.3178696181423
influencer marketing,196,7,189,0.03571428571428571,-1.3171160386040013,1.3171160386040013
laboratory skills,406,15,391,0.03694581280788178,-1.3167755261294412,1.3167755261294412
software development life cycle,144,51,93,0.3541666666666667,1.3159903367512653,1.3159903367512653
aws lambda,99,35,64,0.35353535353535354,1.315237438055859,1.315237438055859
vim,23,8,15,0.34782608695652173,1.3115961049472862,1.3115961049472862
objective c,40,14,26,0.35,1.3093738818105676,1.3093738818105676
content creation tools,12,0,12,0.0,-1.3065058594919847,1.3065058594919847
fast moving consumer goods,12,0,12,0.0,-1.3065058594919847,1.3065058594919847
fitness trends,12,0,12,0.0,-1.3065058594919847,1.3065058594919847
amazon redshift,12,0,12,0.0,-1.3065058594919847,1.3065058594919847
medical record review,12,0,12,0.0,-1.3065058594919847,1.3065058594919847
whole house renovations,12,0,12,0.0,-1.3065058594919847,1.3065058594919847
sales activity,12,0,12,0.0,-1.3065058594919847,1.3065058594919847
positive psychology,12,0,12,0.0,-1.3065058594919847,1.3065058594919847
prehistoric archaeology,12,0,12,0.0,-1.3065058594919847,1.3065058594919847
post production support,12,0,12,0.0,-1.3065058594919847,1.3065058594919847
postdoctoral research,64,2,62,0.03125,-1.3065058594919847,1.3065058594919847
stage lighting design,12,0,12,0.0,-1.3065058594919847,1.3065058594919847
capital management strategy,12,0,12,0.0,-1.3065058594919847,1.3065058594919847
carbon management,12,0,12,0.0,-1.3065058594919847,1.3065058594919847
mental health first aid,38,1,37,0.02631578947368421,-1.3065058594919847,1.3065058594919847
scientific computing,12,0,12,0.0,-1.3065058594919847,1.3065058594919847
cardiorespiratory fitness,12,0,12,0.0,-1.3065058594919847,1.3065058594919847
sales associate,12,0,12,0.0,-1.3065058594919847,1.3065058594919847
preclinical development,12,0,12,0.0,-1.3065058594919847,1.3065058594919847
environmental due diligence,12,0,12,0.0,-1.3065058594919847,1.3065058594919847
caregiving routines,12,0,12,0.0,-1.3065058594919847,1.3065058594919847
professional responsibility,12,0,12,0.0,-1.3065058594919847,1.3065058594919847
electrical wiring,12,0,12,0.0,-1.3065058594919847,1.3065058594919847
case management tools,12,0,12,0.0,-1.3065058594919847,1.3065058594919847
student affairs,12,0,12,0.0,-1.3065058594919847,1.3065058594919847
darwin information typing architecture,12,0,12,0.0,-1.3065058594919847,1.3065058594919847
medical image analysis,12,0,12,0.0,-1.3065058594919847,1.3065058594919847
corporate storytelling,38,1,37,0.02631578947368421,-1.3065058594919847,1.3065058594919847
xgboost,12,0,12,0.0,-1.3065058594919847,1.3065058594919847
written communication,12,0,12,0.0,-1.3065058594919847,1.3065058594919847
employment law,12,0,12,0.0,-1.3065058594919847,1.3065058594919847
exercise prescription,12,0,12,0.0,-1.3065058594919847,1.3065058594919847
student development theory,12,0,12,0.0,-1.3065058594919847,1.3065058594919847
leading meetings,12,0,12,0.0,-1.3065058594919847,1.3065058594919847
bioassay development,12,0,12,0.0,-1.3065058594919847,1.3065058594919847
learning content management systems,12,0,12,0.0,-1.3065058594919847,1.3065058594919847
end users,12,0,12,0.0,-1.3065058594919847,1.3065058594919847
working with physicians,12,0,12,0.0,-1.3065058594919847,1.3065058594919847
customer analysis,12,0,12,0.0,-1.3065058594919847,1.3065058594919847
bmc remedy ticketing system,12,0,12,0.0,-1.3065058594919847,1.3065058594919847
biochemical genetics,64,2,62,0.03125,-1.3065058594919847,1.3065058594919847
event communication,12,0,12,0.0,-1.3065058594919847,1.3065058594919847
stochastic processes,12,0,12,0.0,-1.3065058594919847,1.3065058594919847
cpr instruction,12,0,12,0.0,-1.3065058594919847,1.3065058594919847
resort development,12,0,12,0.0,-1.3065058594919847,1.3065058594919847
lobbying,12,0,12,0.0,-1.3065058594919847,1.3065058594919847
expense reports,12,0,12,0.0,-1.3065058594919847,1.3065058594919847
psychology education,12,0,12,0.0,-1.3065058594919847,1.3065058594919847
laboratory reports,12,0,12,0.0,-1.3065058594919847,1.3065058594919847
school social work,12,0,12,0.0,-1.3065058594919847,1.3065058594919847
public health emergency preparedness,12,0,12,0.0,-1.3065058594919847,1.3065058594919847
beauty industry,12,0,12,0.0,-1.3065058594919847,1.3065058594919847
russian sign language,38,1,37,0.02631578947368421,-1.3065058594919847,1.3065058594919847
robotic systems,12,0,12,0.0,-1.3065058594919847,1.3065058594919847
dance education,12,0,12,0.0,-1.3065058594919847,1.3065058594919847
facebook fan page creation,12,0,12,0.0,-1.3065058594919847,1.3065058594919847
salesforce service cloud,12,0,12,0.0,-1.3065058594919847,1.3065058594919847
american red cross life support,12,0,12,0.0,-1.3065058594919847,1.3065058594919847
kmeans clustering,12,0,12,0.0,-1.3065058594919847,1.3065058594919847
angloamerican cataloging rules,12,0,12,0.0,-1.3065058594919847,1.3065058594919847
flood risk assessments,12,0,12,0.0,-1.3065058594919847,1.3065058594919847
studio art,12,0,12,0.0,-1.3065058594919847,1.3065058594919847
kpi dashboards,12,0,12,0.0,-1.3065058594919847,1.3065058594919847
environmental quality,12,0,12,0.0,-1.3065058594919847,1.3065058594919847
quantum gis,12,0,12,0.0,-1.3065058594919847,1.3065058594919847
environmental remediation,12,0,12,0.0,-1.3065058594919847,1.3065058594919847
transportation planning,12,0,12,0.0,-1.3065058594919847,1.3065058594919847
babysitting,12,0,12,0.0,-1.3065058594919847,1.3065058594919847
argumentation,12,0,12,0.0,-1.3065058594919847,1.3065058594919847
computational linguistics,12,0,12,0.0,-1.3065058594919847,1.3065058594919847
vascular medicine,12,0,12,0.0,-1.3065058594919847,1.3065058594919847
sponsorship relations,12,0,12,0.0,-1.3065058594919847,1.3065058594919847
partner management,12,0,12,0.0,-1.3065058594919847,1.3065058594919847
hubspot crm,38,1,37,0.02631578947368421,-1.3065058594919847,1.3065058594919847
audio post production,12,0,12,0.0,-1.3065058594919847,1.3065058594919847
snp genotyping,12,0,12,0.0,-1.3065058594919847,1.3065058594919847
florida registered nurse license,12,0,12,0.0,-1.3065058594919847,1.3065058594919847
dental assisting,12,0,12,0.0,-1.3065058594919847,1.3065058594919847
opensource programming languages,12,0,12,0.0,-1.3065058594919847,1.3065058594919847
conference coordination,12,0,12,0.0,-1.3065058594919847,1.3065058594919847
personal care home,12,0,12,0.0,-1.3065058594919847,1.3065058594919847
shrinkage,12,0,12,0.0,-1.3065058594919847,1.3065058594919847
global positioning system,12,0,12,0.0,-1.3065058594919847,1.3065058594919847
av equipment,12,0,12,0.0,-1.3065058594919847,1.3065058594919847
digital dashboards,12,0,12,0.0,-1.3065058594919847,1.3065058594919847
gis,12,0,12,0.0,-1.3065058594919847,1.3065058594919847
e learning platforms,12,0,12,0.0,-1.3065058594919847,1.3065058594919847
turkish language,12,0,12,0.0,-1.3065058594919847,1.3065058594919847
audacity,12,0,12,0.0,-1.3065058594919847,1.3065058594919847
open heart surgery,12,0,12,0.0,-1.3065058594919847,1.3065058594919847
hand drafting,12,0,12,0.0,-1.3065058594919847,1.3065058594919847
unit integration testing,12,0,12,0.0,-1.3065058594919847,1.3065058594919847
operating budget,12,0,12,0.0,-1.3065058594919847,1.3065058594919847
hipaa privacy,12,0,12,0.0,-1.3065058594919847,1.3065058594919847
online focus groups,12,0,12,0.0,-1.3065058594919847,1.3065058594919847
digital asset management,12,0,12,0.0,-1.3065058594919847,1.3065058594919847
soil science,12,0,12,0.0,-1.3065058594919847,1.3065058594919847
orthopedic nursing,12,0,12,0.0,-1.3065058594919847,1.3065058594919847
histochemistry,12,0,12,0.0,-1.3065058594919847,1.3065058594919847
transaction management,12,0,12,0.0,-1.3065058594919847,1.3065058594919847
health research,12,0,12,0.0,-1.3065058594919847,1.3065058594919847
open source development,12,0,12,0.0,-1.3065058594919847,1.3065058594919847
athletics,12,0,12,0.0,-1.3065058594919847,1.3065058594919847
solidstate nuclear magnetic resonance,12,0,12,0.0,-1.3065058594919847,1.3065058594919847
developmental stage theories,12,0,12,0.0,-1.3065058594919847,1.3065058594919847
comprehensive planning,38,1,37,0.02631578947368421,-1.3065058594919847,1.3065058594919847
cognitive psychology,12,0,12,0.0,-1.3065058594919847,1.3065058594919847
vaccine trials,12,0,12,0.0,-1.3065058594919847,1.3065058594919847
conflict resolution,38,1,37,0.02631578947368421,-1.3065058594919847,1.3065058594919847
affiliate marketing,12,0,12,0.0,-1.3065058594919847,1.3065058594919847
mobile design,12,0,12,0.0,-1.3065058594919847,1.3065058594919847
security operations center,12,0,12,0.0,-1.3065058594919847,1.3065058594919847
instruction scheduling,38,1,37,0.02631578947368421,-1.3065058594919847,1.3065058594919847
micropipettes,12,0,12,0.0,-1.3065058594919847,1.3065058594919847
pmp,12,0,12,0.0,-1.3065058594919847,1.3065058594919847
charismatic leadership,12,0,12,0.0,-1.3065058594919847,1.3065058594919847
editorial,12,0,12,0.0,-1.3065058594919847,1.3065058594919847
military tactics,38,1,37,0.02631578947368421,-1.3065058594919847,1.3065058594919847
gc/ms,12,0,12,0.0,-1.3065058594919847,1.3065058594919847
administrative law,12,0,12,0.0,-1.3065058594919847,1.3065058594919847
child advocacy,12,0,12,0.0,-1.3065058594919847,1.3065058594919847
food quality assurance and control,12,0,12,0.0,-1.3065058594919847,1.3065058594919847
photojournalism,12,0,12,0.0,-1.3065058594919847,1.3065058594919847
conservation issues,12,0,12,0.0,-1.3065058594919847,1.3065058594919847
content,12,0,12,0.0,-1.3065058594919847,1.3065058594919847
construction safety,12,0,12,0.0,-1.3065058594919847,1.3065058594919847
information technology consulting,12,0,12,0.0,-1.3065058594919847,1.3065058594919847
intercollegiate athletics administration,12,0,12,0.0,-1.3065058594919847,1.3065058594919847
military,38,1,37,0.02631578947368421,-1.3065058594919847,1.3065058594919847
software installation,12,0,12,0.0,-1.3065058594919847,1.3065058594919847
data processing unit,12,0,12,0.0,-1.3065058594919847,1.3065058594919847
sports physiotherapy,12,0,12,0.0,-1.3065058594919847,1.3065058594919847
institutional banking,43,15,28,0.3488372093023256,1.3033059020268123,1.3033059020268123
marketing research,271,10,261,0.03690036900369004,-1.3026890609652844,1.3026890609652844
bloomberg terminal,600,211,389,0.3516666666666667,1.3017310985517456,1.3017310985517456
donor research,89,3,86,0.033707865168539325,-1.2950114800662496,1.2950114800662496
front desk,89,3,86,0.033707865168539325,-1.2950114800662496,1.2950114800662496
unix shell,109,38,71,0.3486238532110092,1.2933307569699921,1.2933307569699921
selling,63,2,61,0.031746031746031744,-1.2903764775621012,1.2903764775621012
banking relationship management,32,11,21,0.34375,1.2866640656118031,1.2866640656118031
model risk management,55,19,36,0.34545454545454546,1.2854721703574707,1.2854721703574707
acting teaching,88,3,85,0.03409090909090909,-1.2833834420711305,1.2833834420711305
environmental policy analysis,88,3,85,0.03409090909090909,-1.2833834420711305,1.2833834420711305
hadoop distributed file system,35,12,23,0.34285714285714286,1.281098188534358,1.281098188534358
investment management industry,159,55,104,0.34591194968553457,1.2795659147237384,1.2795659147237384
media negotiations,37,1,36,0.02702702702702703,-1.2794771871040655,1.2794771871040655
marketing graphic design,37,1,36,0.02702702702702703,-1.2794771871040655,1.2794771871040655
critical chain project management,37,1,36,0.02702702702702703,-1.2794771871040655,1.2794771871040655
medical statistics,37,1,36,0.02702702702702703,-1.2794771871040655,1.2794771871040655
aviation operations,37,1,36,0.02702702702702703,-1.2794771871040655,1.2794771871040655
logistic regression,37,1,36,0.02702702702702703,-1.2794771871040655,1.2794771871040655
administrative,239,9,230,0.03765690376569038,-1.276589098453992,1.276589098453992
rabbitmq,12,4,8,0.3333333333333333,1.2763811986562192,1.2763811986562192
abaqus,12,4,8,0.3333333333333333,1.2763811986562192,1.2763811986562192
network security design,12,4,8,0.3333333333333333,1.2763811986562192,1.2763811986562192
industrial engineering,12,4,8,0.3333333333333333,1.2763811986562192,1.2763811986562192
yii php framework,12,4,8,0.3333333333333333,1.2763811986562192,1.2763811986562192
electric guitar,12,4,8,0.3333333333333333,1.2763811986562192,1.2763811986562192
pspice,12,4,8,0.3333333333333333,1.2763811986562192,1.2763811986562192
autocad dxf,163,6,157,0.03680981595092025,-1.2752533159878805,1.2752533159878805
technical editing,62,2,60,0.03225806451612903,-1.2739826677864245,1.2739826677864245
clinical research coordination,62,2,60,0.03225806451612903,-1.2739826677864245,1.2739826677864245
sponsorship sales,62,2,60,0.03225806451612903,-1.2739826677864245,1.2739826677864245
early childhood education,62,2,60,0.03225806451612903,-1.2739826677864245,1.2739826677864245
graphic design,62,2,60,0.03225806451612903,-1.2739826677864245,1.2739826677864245
facebook marketing,62,2,60,0.03225806451612903,-1.2739826677864245,1.2739826677864245
nonparametric statistics,87,3,84,0.034482758620689655,-1.2716186004915437,1.2716186004915437
ios development,76,26,50,0.34210526315789475,1.2675413620870781,1.2675413620870781
public policy research,562,22,540,0.03914590747330961,-1.2666093624926726,1.2666093624926726
institutional investments,15,5,10,0.3333333333333333,1.2657428004511635,1.2657428004511635
sqlalchemy,15,5,10,0.3333333333333333,1.2657428004511635,1.2657428004511635
mortgage insurance,15,5,10,0.3333333333333333,1.2657428004511635,1.2657428004511635
teamcenter,15,5,10,0.3333333333333333,1.2657428004511635,1.2657428004511635
redhat openshift,15,5,10,0.3333333333333333,1.2657428004511635,1.2657428004511635
social media content management,236,9,227,0.038135593220338986,-1.2634884744082946,1.2634884744082946
dependency management,435,149,286,0.3425287356321839,1.2619278220521628,1.2619278220521628
transfer learning,136,5,131,0.03676470588235294,-1.2618887940031778,1.2618887940031778
microsoft sql server data engine,86,3,83,0.03488372093023256,-1.2597136979852257,1.2597136979852257
government proposal writing,86,3,83,0.03488372093023256,-1.2597136979852257,1.2597136979852257
electronic engineering,18,6,12,0.3333333333333333,1.2584434979695516,1.2584434979695516
sap human resource management software,18,6,12,0.3333333333333333,1.2584434979695516,1.2584434979695516
project management software,61,2,59,0.03278688524590164,-1.2573156153012128,1.2573156153012128
internal communications,61,2,59,0.03278688524590164,-1.2573156153012128,1.2573156153012128
event marketing,61,2,59,0.03278688524590164,-1.2573156153012128,1.2573156153012128
ibm spss,61,2,59,0.03278688524590164,-1.2573156153012128,1.2573156153012128
object-oriented css,100,34,66,0.34,1.2561273417517214,1.2561273417517214
tax research,267,91,176,0.3408239700374532,1.2553880612843398,1.2553880612843398
web design programs,135,5,130,0.037037037037037035,-1.2542551691481068,1.2542551691481068
hedging strategy,21,7,14,0.3333333333333333,1.2531243364919513,1.2531243364919513
component testing,21,7,14,0.3333333333333333,1.2531243364919513,1.2531243364919513
video game journalism,21,7,14,0.3333333333333333,1.2531243364919513,1.2531243364919513
electronic trading,21,7,14,0.3333333333333333,1.2531243364919513,1.2531243364919513
.net core,21,7,14,0.3333333333333333,1.2531243364919513,1.2531243364919513
subcontracting,36,1,35,0.027777777777777776,-1.25169762299699,1.25169762299699
social networking,36,1,35,0.027777777777777776,-1.25169762299699,1.25169762299699
nuclear magnetic resonance spectroscopy,36,1,35,0.027777777777777776,-1.25169762299699,1.25169762299699
weight training,36,1,35,0.027777777777777776,-1.25169762299699,1.25169762299699
zoom rooms,36,1,35,0.027777777777777776,-1.25169762299699,1.25169762299699
acute medicine,36,1,35,0.027777777777777776,-1.25169762299699,1.25169762299699
electronic troubleshooting,36,1,35,0.027777777777777776,-1.25169762299699,1.25169762299699
bacterial cell culture,36,1,35,0.027777777777777776,-1.25169762299699,1.25169762299699
software application development,1744,593,1151,0.3400229357798165,1.2495864601651985,1.2495864601651985
policy analysis,159,6,153,0.03773584905660377,-1.2495284247494451,1.2495284247494451
detail oriented,651,26,625,0.039938556067588324,-1.2490366315385737,1.2490366315385737
information security engineering,27,9,18,0.3333333333333333,1.2458910318984318,1.2458910318984318
capital markets,543,184,359,0.3388581952117864,1.2453052516956964,1.2453052516956964
political campaigns,109,4,105,0.03669724770642202,-1.2422635907636312,1.2422635907636312
positive management leadership,60,2,58,0.03333333333333333,-1.2403660569874395,1.2403660569874395
higher education law,328,13,315,0.039634146341463415,-1.2390990311606682,1.2390990311606682
software performance testing,45,15,30,0.3333333333333333,1.2354833056880512,1.2354833056880512
mathematical statistics,84,3,81,0.03571428571428571,-1.2354700863752326,1.2354700863752326
search marketing,51,17,34,0.3333333333333333,1.2336115222683706,1.2336115222683706
video blogging,444,18,426,0.04054054054054054,-1.2254716694712386,1.2254716694712386
data build tool,11,0,11,0.0,-1.2231242505529343,1.2231242505529343
payroll management,11,0,11,0.0,-1.2231242505529343,1.2231242505529343
ambulatory care nursing,11,0,11,0.0,-1.2231242505529343,1.2231242505529343
immigration issues,11,0,11,0.0,-1.2231242505529343,1.2231242505529343
executive search,11,0,11,0.0,-1.2231242505529343,1.2231242505529343
band management,11,0,11,0.0,-1.2231242505529343,1.2231242505529343
cellular and molecular immunology,11,0,11,0.0,-1.2231242505529343,1.2231242505529343
intrapersonal skills,11,0,11,0.0,-1.2231242505529343,1.2231242505529343
change management planning,11,0,11,0.0,-1.2231242505529343,1.2231242505529343
social collaboration,11,0,11,0.0,-1.2231242505529343,1.2231242505529343
patient data management systems,11,0,11,0.0,-1.2231242505529343,1.2231242505529343
calendar management,11,0,11,0.0,-1.2231242505529343,1.2231242505529343
image segmentation,11,0,11,0.0,-1.2231242505529343,1.2231242505529343
mail sorting,11,0,11,0.0,-1.2231242505529343,1.2231242505529343
windows server operating systems,11,0,11,0.0,-1.2231242505529343,1.2231242505529343
balanced budgeting,11,0,11,0.0,-1.2231242505529343,1.2231242505529343
clinical study protocols,11,0,11,0.0,-1.2231242505529343,1.2231242505529343
magnet hospital,11,0,11,0.0,-1.2231242505529343,1.2231242505529343
social listening tool,11,0,11,0.0,-1.2231242505529343,1.2231242505529343
hydrologic engineering,11,0,11,0.0,-1.2231242505529343,1.2231242505529343
event sponsorships,11,0,11,0.0,-1.2231242505529343,1.2231242505529343
managerial finance,11,0,11,0.0,-1.2231242505529343,1.2231242505529343
us national incident management system,11,0,11,0.0,-1.2231242505529343,1.2231242505529343
incident communication,11,0,11,0.0,-1.2231242505529343,1.2231242505529343
sustainability reporting,11,0,11,0.0,-1.2231242505529343,1.2231242505529343
chronic care management,11,0,11,0.0,-1.2231242505529343,1.2231242505529343
marketing fundamentals,11,0,11,0.0,-1.2231242505529343,1.2231242505529343
corporate sustainability,11,0,11,0.0,-1.2231242505529343,1.2231242505529343
materials characterization,11,0,11,0.0,-1.2231242505529343,1.2231242505529343
student development,11,0,11,0.0,-1.2231242505529343,1.2231242505529343
citizen science,11,0,11,0.0,-1.2231242505529343,1.2231242505529343
phone sales,11,0,11,0.0,-1.2231242505529343,1.2231242505529343
pulsedfield gel electrophoresis,11,0,11,0.0,-1.2231242505529343,1.2231242505529343
inside sales,11,0,11,0.0,-1.2231242505529343,1.2231242505529343
pymol,11,0,11,0.0,-1.2231242505529343,1.2231242505529343
marketing campaign design,11,0,11,0.0,-1.2231242505529343,1.2231242505529343
media skills training,11,0,11,0.0,-1.2231242505529343,1.2231242505529343
accounts payable processing,11,0,11,0.0,-1.2231242505529343,1.2231242505529343
pediatric life support,11,0,11,0.0,-1.2231242505529343,1.2231242505529343
media studies,11,0,11,0.0,-1.2231242505529343,1.2231242505529343
data integrity,11,0,11,0.0,-1.2231242505529343,1.2231242505529343
chemdraw,11,0,11,0.0,-1.2231242505529343,1.2231242505529343
emergency nursing,11,0,11,0.0,-1.2231242505529343,1.2231242505529343
fiberoptic communications,11,0,11,0.0,-1.2231242505529343,1.2231242505529343
wellness education,11,0,11,0.0,-1.2231242505529343,1.2231242505529343
reservoir geology,11,0,11,0.0,-1.2231242505529343,1.2231242505529343
water sampling,11,0,11,0.0,-1.2231242505529343,1.2231242505529343
perforce,11,0,11,0.0,-1.2231242505529343,1.2231242505529343
clinical chemistry,11,0,11,0.0,-1.2231242505529343,1.2231242505529343
patient accounting,11,0,11,0.0,-1.2231242505529343,1.2231242505529343
political analysis,11,0,11,0.0,-1.2231242505529343,1.2231242505529343
ambulatory blood pressure monitoring,11,0,11,0.0,-1.2231242505529343,1.2231242505529343
calendaring,11,0,11,0.0,-1.2231242505529343,1.2231242505529343
ambulance operations,11,0,11,0.0,-1.2231242505529343,1.2231242505529343
vendor,11,0,11,0.0,-1.2231242505529343,1.2231242505529343
fraud,11,0,11,0.0,-1.2231242505529343,1.2231242505529343
journal entries,11,0,11,0.0,-1.2231242505529343,1.2231242505529343
training coordination,11,0,11,0.0,-1.2231242505529343,1.2231242505529343
archives management,11,0,11,0.0,-1.2231242505529343,1.2231242505529343
graphic arts,11,0,11,0.0,-1.2231242505529343,1.2231242505529343
legal discovery,11,0,11,0.0,-1.2231242505529343,1.2231242505529343
custom facebook pages,11,0,11,0.0,-1.2231242505529343,1.2231242505529343
customer surveys,11,0,11,0.0,-1.2231242505529343,1.2231242505529343
agroecology,11,0,11,0.0,-1.2231242505529343,1.2231242505529343
agricultural marketing,11,0,11,0.0,-1.2231242505529343,1.2231242505529343
learning design,11,0,11,0.0,-1.2231242505529343,1.2231242505529343
software troubleshooting,11,0,11,0.0,-1.2231242505529343,1.2231242505529343
fundamental research,11,0,11,0.0,-1.2231242505529343,1.2231242505529343
career readiness,11,0,11,0.0,-1.2231242505529343,1.2231242505529343
trend research,11,0,11,0.0,-1.2231242505529343,1.2231242505529343
art portfolio,11,0,11,0.0,-1.2231242505529343,1.2231242505529343
trial file,11,0,11,0.0,-1.2231242505529343,1.2231242505529343
vacuum engineering,11,0,11,0.0,-1.2231242505529343,1.2231242505529343
next generation sequencing,11,0,11,0.0,-1.2231242505529343,1.2231242505529343
nuclear physics,11,0,11,0.0,-1.2231242505529343,1.2231242505529343
nursery management,11,0,11,0.0,-1.2231242505529343,1.2231242505529343
gis applications,11,0,11,0.0,-1.2231242505529343,1.2231242505529343
geological mapping,11,0,11,0.0,-1.2231242505529343,1.2231242505529343
land planning,11,0,11,0.0,-1.2231242505529343,1.2231242505529343
landscape painting,11,0,11,0.0,-1.2231242505529343,1.2231242505529343
artwork management,11,0,11,0.0,-1.2231242505529343,1.2231242505529343
spatial data management,11,0,11,0.0,-1.2231242505529343,1.2231242505529343
music publishing,11,0,11,0.0,-1.2231242505529343,1.2231242505529343
marketing translation,11,0,11,0.0,-1.2231242505529343,1.2231242505529343
standardized recipes,11,0,11,0.0,-1.2231242505529343,1.2231242505529343
power project development,11,0,11,0.0,-1.2231242505529343,1.2231242505529343
histology,11,0,11,0.0,-1.2231242505529343,1.2231242505529343
sales referrals,11,0,11,0.0,-1.2231242505529343,1.2231242505529343
stem education,11,0,11,0.0,-1.2231242505529343,1.2231242505529343
mixed media,11,0,11,0.0,-1.2231242505529343,1.2231242505529343
pacer,11,0,11,0.0,-1.2231242505529343,1.2231242505529343
sales effectiveness,11,0,11,0.0,-1.2231242505529343,1.2231242505529343
outlook,11,0,11,0.0,-1.2231242505529343,1.2231242505529343
alumni relations,11,0,11,0.0,-1.2231242505529343,1.2231242505529343
sociology,11,0,11,0.0,-1.2231242505529343,1.2231242505529343
vendor relationship management,11,0,11,0.0,-1.2231242505529343,1.2231242505529343
molecular dynamics,11,0,11,0.0,-1.2231242505529343,1.2231242505529343
epc,11,0,11,0.0,-1.2231242505529343,1.2231242505529343
reasoning skills,11,0,11,0.0,-1.2231242505529343,1.2231242505529343
soft soldering,11,0,11,0.0,-1.2231242505529343,1.2231242505529343
archicad,11,0,11,0.0,-1.2231242505529343,1.2231242505529343
desktop publishing,11,0,11,0.0,-1.2231242505529343,1.2231242505529343
commercial lending,11,0,11,0.0,-1.2231242505529343,1.2231242505529343
health insurance,11,0,11,0.0,-1.2231242505529343,1.2231242505529343
3d computer graphics,11,0,11,0.0,-1.2231242505529343,1.2231242505529343
rooms division management,11,0,11,0.0,-1.2231242505529343,1.2231242505529343
blood sampling,11,0,11,0.0,-1.2231242505529343,1.2231242505529343
environmental permitting,11,0,11,0.0,-1.2231242505529343,1.2231242505529343
intellectual property law,11,0,11,0.0,-1.2231242505529343,1.2231242505529343
hospital pharmacy,11,0,11,0.0,-1.2231242505529343,1.2231242505529343
ibm spss modeler,275,11,264,0.04,-1.2231242505529338,1.2231242505529338
coaching,59,2,57,0.03389830508474576,-1.2231242505529334,1.2231242505529334
television programming,59,2,57,0.03389830508474576,-1.2231242505529334,1.2231242505529334
music industry,35,1,34,0.02857142857142857,-1.2231242505529334,1.2231242505529334
oracle database administration,59,2,57,0.03389830508474576,-1.2231242505529334,1.2231242505529334
analytical writing,35,1,34,0.02857142857142857,-1.2231242505529334,1.2231242505529334
accounts receivable management,35,1,34,0.02857142857142857,-1.2231242505529334,1.2231242505529334
athlete management,35,1,34,0.02857142857142857,-1.2231242505529334,1.2231242505529334
agile project management,1409,469,940,0.33286018452803406,1.2176266152834483,1.2176266152834483
hospitality management,177,7,170,0.03954802259887006,-1.211462310805091,1.211462310805091
project planning,153,6,147,0.0392156862745098,-1.2096560335020676,1.2096560335020676
educational fundraising,460,19,441,0.041304347826086954,-1.207393589098098,1.207393589098098
mysql workbench,1277,422,855,0.33046202036021927,1.2068733188411962,1.2068733188411962
catering sales,58,2,56,0.034482758620689655,-1.205579940902024,1.205579940902024
organizational effectiveness,58,2,56,0.034482758620689655,-1.205579940902024,1.205579940902024
suspension cell culture,410,17,393,0.041463414634146344,-1.2005102215517733,1.2005102215517733
logic simulation,31,10,21,0.3225806451612903,1.195692287406076,1.195692287406076
post doctoral training,478,20,458,0.04184100418410042,-1.1951654401759413,1.1951654401759413
social media campaigns,291,12,279,0.041237113402061855,-1.1949036829106823,1.1949036829106823
data mining methods,34,1,33,0.029411764705882353,-1.1937103653466403,1.1937103653466403
government advocacy,34,1,33,0.029411764705882353,-1.1937103653466403,1.1937103653466403
english language skills,34,1,33,0.029411764705882353,-1.1937103653466403,1.1937103653466403
online content creation,34,1,33,0.029411764705882353,-1.1937103653466403,1.1937103653466403
laboratory quality assurance,34,1,33,0.029411764705882353,-1.1937103653466403,1.1937103653466403
office 365 exchange online,28,9,19,0.32142857142857145,1.1932472984130094,1.1932472984130094
income tax compliance,25,8,17,0.32,1.1902352479430185,1.1902352479430185
spss software,57,2,55,0.03508771929824561,-1.187722323502018,1.187722323502018
government law,57,2,55,0.03508771929824561,-1.187722323502018,1.187722323502018
new media marketing,80,3,77,0.0375,-1.185145002487717,1.185145002487717
derivative valuation,662,215,447,0.324773413897281,1.1816543372051083,1.1816543372051083
ansys simulation software,19,6,13,0.3157894736842105,1.1814824568334235,1.1814824568334235
computer-aided software engineering,19,6,13,0.3157894736842105,1.1814824568334235,1.1814824568334235
system architecture,19,6,13,0.3157894736842105,1.1814824568334235,1.1814824568334235
cuda,19,6,13,0.3157894736842105,1.1814824568334235,1.1814824568334235
legal writing,840,36,804,0.04285714285714286,-1.1805387404677763,1.1805387404677763
prototype javascript framework,2027,658,1369,0.32461766156882094,1.1801334978564189,1.1801334978564189
qualitative data analysis,448,19,429,0.04241071428571429,-1.1798373104783932,1.1798373104783932
embedded systems development,244,79,165,0.3237704918032787,1.179155792219384,1.179155792219384
social media storytelling,1874,81,1793,0.0432230522945571,-1.1789513113493044,1.1789513113493044
information security management systems,16,5,11,0.3125,1.1747710222454364,1.1747710222454364
nestjs,16,5,11,0.3125,1.1747710222454364,1.1747710222454364
mcafee network security,16,5,11,0.3125,1.1747710222454364,1.1747710222454364
digital media strategy,79,3,76,0.0379746835443038,-1.1721578069609064,1.1721578069609064
plant biotechnology,216,9,207,0.041666666666666664,-1.1714695756880422,1.1714695756880422
film production,193,8,185,0.04145077720207254,-1.1706187531750034,1.1706187531750034
event coordination,56,2,54,0.03571428571428571,-1.1695400044188276,1.1695400044188276
athletic training,56,2,54,0.03571428571428571,-1.1695400044188276,1.1695400044188276
3d graphic design,56,2,54,0.03571428571428571,-1.1695400044188276,1.1695400044188276
data storytelling,56,2,54,0.03571428571428571,-1.1695400044188276,1.1695400044188276
information and communications technology,56,2,54,0.03571428571428571,-1.1695400044188276,1.1695400044188276
preparation of business cases,13,4,9,0.3076923076923077,1.1651555635459943,1.1651555635459943
helicopter underwater escape training,13,4,9,0.3076923076923077,1.1651555635459943,1.1651555635459943
factset,13,4,9,0.3076923076923077,1.1651555635459943,1.1651555635459943
software engineering,13,4,9,0.3076923076923077,1.1651555635459943,1.1651555635459943
vmware virtualization,13,4,9,0.3076923076923077,1.1651555635459943,1.1651555635459943
java architecture for xml binding,13,4,9,0.3076923076923077,1.1651555635459943,1.1651555635459943
corporate financial reporting,153,49,104,0.3202614379084967,1.1651555635459943,1.1651555635459943
international banking services,13,4,9,0.3076923076923077,1.1651555635459943,1.1651555635459943
yahoo search marketing,13,4,9,0.3076923076923077,1.1651555635459943,1.1651555635459943
property management,13,4,9,0.3076923076923077,1.1651555635459943,1.1651555635459943
amazon s3 buckets,69,22,47,0.3188405797101449,1.1651555635459943,1.1651555635459943
relationship development,33,1,32,0.030303030303030304,-1.1634050158513114,1.1634050158513114
discussion facilitation,33,1,32,0.030303030303030304,-1.1634050158513114,1.1634050158513114
hospitality operations,33,1,32,0.030303030303030304,-1.1634050158513114,1.1634050158513114
investigative interviewing,33,1,32,0.030303030303030304,-1.1634050158513114,1.1634050158513114
k12 education,33,1,32,0.030303030303030304,-1.1634050158513114,1.1634050158513114
laboratory instrumentation,33,1,32,0.030303030303030304,-1.1634050158513114,1.1634050158513114
patient self management,33,1,32,0.030303030303030304,-1.1634050158513114,1.1634050158513114
account marketing,33,1,32,0.030303030303030304,-1.1634050158513114,1.1634050158513114
employment training,33,1,32,0.030303030303030304,-1.1634050158513114,1.1634050158513114
pediatric cpr,33,1,32,0.030303030303030304,-1.1634050158513114,1.1634050158513114
business impact analysis,33,1,32,0.030303030303030304,-1.1634050158513114,1.1634050158513114
microservices development,38,12,26,0.3157894736842105,1.1609538766922949,1.1609538766922949
legal analysis,38,12,26,0.3157894736842105,1.1609538766922949,1.1609538766922949
spring data,113,36,77,0.3185840707964602,1.1594042896053605,1.1594042896053605
project portfolio management,357,114,243,0.31932773109243695,1.1578278458478657,1.1578278458478657
leadership psychology,167,7,160,0.041916167664670656,-1.1510209566515908,1.1510209566515908
team collaboration,55,2,53,0.03636363636363636,-1.1510209566515899,1.1510209566515899
bazel,10,3,7,0.3,1.1502299133293192,1.1502299133293192
automotive open system architecture,10,3,7,0.3,1.1502299133293192,1.1502299133293192
global accounting,10,3,7,0.3,1.1502299133293192,1.1502299133293192
internal control system,10,3,7,0.3,1.1502299133293192,1.1502299133293192
hasura graphql engine,10,3,7,0.3,1.1502299133293192,1.1502299133293192
marketing analysis,10,3,7,0.3,1.1502299133293192,1.1502299133293192
systems simulation,10,3,7,0.3,1.1502299133293192,1.1502299133293192
amazon s3,10,3,7,0.3,1.1502299133293192,1.1502299133293192
digital transformation,10,3,7,0.3,1.1502299133293192,1.1502299133293192
microsoft exchange servers,10,3,7,0.3,1.1502299133293192,1.1502299133293192
logic pro x,10,3,7,0.3,1.1502299133293192,1.1502299133293192
android software development,73,23,50,0.3150684931506849,1.147397050245015,1.147397050245015
architectural design,77,3,74,0.03896103896103896,-1.1456661915139295,1.1456661915139295
technical report writing,77,3,74,0.03896103896103896,-1.1456661915139295,1.1456661915139295
real estate project management,165,7,158,0.04242424242424243,-1.1384816073988553,1.1384816073988553
university teaching,341,15,326,0.04398826979472141,-1.135219959415069,1.135219959415069
react jsx,61,19,42,0.3114754098360656,1.133280355015546,1.133280355015546
resort,10,0,10,0.0,-1.1321524723472072,1.1321524723472072
resource allocation,10,0,10,0.0,-1.1321524723472072,1.1321524723472072
laboratory medicine,10,0,10,0.0,-1.1321524723472072,1.1321524723472072
grant reviewing,10,0,10,0.0,-1.1321524723472072,1.1321524723472072
multimedia art,10,0,10,0.0,-1.1321524723472072,1.1321524723472072
global logistics,10,0,10,0.0,-1.1321524723472072,1.1321524723472072
residential real estate,10,0,10,0.0,-1.1321524723472072,1.1321524723472072
sql optimization,98,4,94,0.04081632653061224,-1.1321524723472072,1.1321524723472072
new hire orientations,10,0,10,0.0,-1.1321524723472072,1.1321524723472072
museum education,10,0,10,0.0,-1.1321524723472072,1.1321524723472072
ultrasound,10,0,10,0.0,-1.1321524723472072,1.1321524723472072
law enforcement,10,0,10,0.0,-1.1321524723472072,1.1321524723472072
health and wellness management,10,0,10,0.0,-1.1321524723472072,1.1321524723472072
music ensembles,10,0,10,0.0,-1.1321524723472072,1.1321524723472072
tourism management,10,0,10,0.0,-1.1321524723472072,1.1321524723472072
retail replenishment,10,0,10,0.0,-1.1321524723472072,1.1321524723472072
news editing,32,1,31,0.03125,-1.1321524723472072,1.1321524723472072
drainage,10,0,10,0.0,-1.1321524723472072,1.1321524723472072
music videos,10,0,10,0.0,-1.1321524723472072,1.1321524723472072
art handling,10,0,10,0.0,-1.1321524723472072,1.1321524723472072
translational research,10,0,10,0.0,-1.1321524723472072,1.1321524723472072
news management,10,0,10,0.0,-1.1321524723472072,1.1321524723472072
gurobi,10,0,10,0.0,-1.1321524723472072,1.1321524723472072
lean product development,10,0,10,0.0,-1.1321524723472072,1.1321524723472072
music supervision,10,0,10,0.0,-1.1321524723472072,1.1321524723472072
distance learning,10,0,10,0.0,-1.1321524723472072,1.1321524723472072
rna-seq,10,0,10,0.0,-1.1321524723472072,1.1321524723472072
spoken english,54,2,52,0.037037037037037035,-1.1321524723472072,1.1321524723472072
cultural heritage,10,0,10,0.0,-1.1321524723472072,1.1321524723472072
legal support services,10,0,10,0.0,-1.1321524723472072,1.1321524723472072
nanoparticles,10,0,10,0.0,-1.1321524723472072,1.1321524723472072
hard news reporting,10,0,10,0.0,-1.1321524723472072,1.1321524723472072
customer feedback,10,0,10,0.0,-1.1321524723472072,1.1321524723472072
newsletters,10,0,10,0.0,-1.1321524723472072,1.1321524723472072
animation production,10,0,10,0.0,-1.1321524723472072,1.1321524723472072
motion planning,10,0,10,0.0,-1.1321524723472072,1.1321524723472072
international criminal law,54,2,52,0.037037037037037035,-1.1321524723472072,1.1321524723472072
autoclave,10,0,10,0.0,-1.1321524723472072,1.1321524723472072
immunostaining,10,0,10,0.0,-1.1321524723472072,1.1321524723472072
dental public health,10,0,10,0.0,-1.1321524723472072,1.1321524723472072
convenience store management,76,3,73,0.039473684210526314,-1.1321524723472072,1.1321524723472072
manual therapy,10,0,10,0.0,-1.1321524723472072,1.1321524723472072
medical physics,10,0,10,0.0,-1.1321524723472072,1.1321524723472072
industrial sewing,10,0,10,0.0,-1.1321524723472072,1.1321524723472072
medical office support,10,0,10,0.0,-1.1321524723472072,1.1321524723472072
marine biology,10,0,10,0.0,-1.1321524723472072,1.1321524723472072
structural analysis,10,0,10,0.0,-1.1321524723472072,1.1321524723472072
medical microbiology,10,0,10,0.0,-1.1321524723472072,1.1321524723472072
infant mental health,10,0,10,0.0,-1.1321524723472072,1.1321524723472072
medical imaging physics,10,0,10,0.0,-1.1321524723472072,1.1321524723472072
information literacy,10,0,10,0.0,-1.1321524723472072,1.1321524723472072
sql server integration services,10,0,10,0.0,-1.1321524723472072,1.1321524723472072
data integration tools,10,0,10,0.0,-1.1321524723472072,1.1321524723472072
media strategy,10,0,10,0.0,-1.1321524723472072,1.1321524723472072
azure iot,10,0,10,0.0,-1.1321524723472072,1.1321524723472072
data manipulation,10,0,10,0.0,-1.1321524723472072,1.1321524723472072
short correspondence,10,0,10,0.0,-1.1321524723472072,1.1321524723472072
media outreach,10,0,10,0.0,-1.1321524723472072,1.1321524723472072
courts,54,2,52,0.037037037037037035,-1.1321524723472072,1.1321524723472072
security operations management,10,0,10,0.0,-1.1321524723472072,1.1321524723472072
student counseling,32,1,31,0.03125,-1.1321524723472072,1.1321524723472072
database development,10,0,10,0.0,-1.1321524723472072,1.1321524723472072
anomaly detection,10,0,10,0.0,-1.1321524723472072,1.1321524723472072
annuity sales,10,0,10,0.0,-1.1321524723472072,1.1321524723472072
sewing machine,10,0,10,0.0,-1.1321524723472072,1.1321524723472072
immigration,10,0,10,0.0,-1.1321524723472072,1.1321524723472072
medical surgical nursing,10,0,10,0.0,-1.1321524723472072,1.1321524723472072
maintenance,32,1,31,0.03125,-1.1321524723472072,1.1321524723472072
inventory valuation,10,0,10,0.0,-1.1321524723472072,1.1321524723472072
concrete design,10,0,10,0.0,-1.1321524723472072,1.1321524723472072
linux kvm,10,0,10,0.0,-1.1321524723472072,1.1321524723472072
techno economic analysis,10,0,10,0.0,-1.1321524723472072,1.1321524723472072
model casting,10,0,10,0.0,-1.1321524723472072,1.1321524723472072
technical skills,10,0,10,0.0,-1.1321524723472072,1.1321524723472072
mobile ux design,10,0,10,0.0,-1.1321524723472072,1.1321524723472072
high organizational skills,10,0,10,0.0,-1.1321524723472072,1.1321524723472072
biological anthropology,10,0,10,0.0,-1.1321524723472072,1.1321524723472072
litigation,10,0,10,0.0,-1.1321524723472072,1.1321524723472072
critical care medicine,10,0,10,0.0,-1.1321524723472072,1.1321524723472072
digital communications,10,0,10,0.0,-1.1321524723472072,1.1321524723472072
digital cinematography,10,0,10,0.0,-1.1321524723472072,1.1321524723472072
constituent relations,10,0,10,0.0,-1.1321524723472072,1.1321524723472072
iv insertion,10,0,10,0.0,-1.1321524723472072,1.1321524723472072
differential scanning calorimetry,10,0,10,0.0,-1.1321524723472072,1.1321524723472072
developmental disabilities,10,0,10,0.0,-1.1321524723472072,1.1321524723472072
apparel industry,10,0,10,0.0,-1.1321524723472072,1.1321524723472072
store sales,10,0,10,0.0,-1.1321524723472072,1.1321524723472072
design studio,10,0,10,0.0,-1.1321524723472072,1.1321524723472072
behavioral health hospital,10,0,10,0.0,-1.1321524723472072,1.1321524723472072
team development,10,0,10,0.0,-1.1321524723472072,1.1321524723472072
local marketing,10,0,10,0.0,-1.1321524723472072,1.1321524723472072
data automation,10,0,10,0.0,-1.1321524723472072,1.1321524723472072
school nursing,10,0,10,0.0,-1.1321524723472072,1.1321524723472072
science outreach,10,0,10,0.0,-1.1321524723472072,1.1321524723472072
logistics management,142,6,136,0.04225352112676056,-1.1321524723472072,1.1321524723472072
contemporary teaching,10,0,10,0.0,-1.1321524723472072,1.1321524723472072
root cause analysis,10,0,10,0.0,-1.1321524723472072,1.1321524723472072
large datasets,10,0,10,0.0,-1.1321524723472072,1.1321524723472072
early childhood literacy,10,0,10,0.0,-1.1321524723472072,1.1321524723472072
chamber music,10,0,10,0.0,-1.1321524723472072,1.1321524723472072
reliability prediction for electronic components,10,0,10,0.0,-1.1321524723472072,1.1321524723472072
esg investing,10,0,10,0.0,-1.1321524723472072,1.1321524723472072
clinical data,10,0,10,0.0,-1.1321524723472072,1.1321524723472072
reagent manufacturing,10,0,10,0.0,-1.1321524723472072,1.1321524723472072
energy systems analysis,10,0,10,0.0,-1.1321524723472072,1.1321524723472072
remote sensing,10,0,10,0.0,-1.1321524723472072,1.1321524723472072
remote troubleshooting,10,0,10,0.0,-1.1321524723472072,1.1321524723472072
producing,32,1,31,0.03125,-1.1321524723472072,1.1321524723472072
personal injury law,10,0,10,0.0,-1.1321524723472072,1.1321524723472072
functional family therapy,10,0,10,0.0,-1.1321524723472072,1.1321524723472072
electronic document management systems,10,0,10,0.0,-1.1321524723472072,1.1321524723472072
energy efficiency,10,0,10,0.0,-1.1321524723472072,1.1321524723472072
production sound,10,0,10,0.0,-1.1321524723472072,1.1321524723472072
ableton live,10,0,10,0.0,-1.1321524723472072,1.1321524723472072
email management,32,1,31,0.03125,-1.1321524723472072,1.1321524723472072
payroll services,10,0,10,0.0,-1.1321524723472072,1.1321524723472072
commercial real estate assessment management,10,0,10,0.0,-1.1321524723472072,1.1321524723472072
patient satisfaction,10,0,10,0.0,-1.1321524723472072,1.1321524723472072
patient administration,10,0,10,0.0,-1.1321524723472072,1.1321524723472072
cognitivebehavioral interventions,10,0,10,0.0,-1.1321524723472072,1.1321524723472072
fitness,10,0,10,0.0,-1.1321524723472072,1.1321524723472072
visual design skills,10,0,10,0.0,-1.1321524723472072,1.1321524723472072
real estate investment,10,0,10,0.0,-1.1321524723472072,1.1321524723472072
video production,10,0,10,0.0,-1.1321524723472072,1.1321524723472072
visual research,10,0,10,0.0,-1.1321524723472072,1.1321524723472072
engineering technology,10,0,10,0.0,-1.1321524723472072,1.1321524723472072
environmental analysis,10,0,10,0.0,-1.1321524723472072,1.1321524723472072
food handling,10,0,10,0.0,-1.1321524723472072,1.1321524723472072
problem analysis,10,0,10,0.0,-1.1321524723472072,1.1321524723472072
cloud security infrastructure,10,0,10,0.0,-1.1321524723472072,1.1321524723472072
commercial lines underwriting,10,0,10,0.0,-1.1321524723472072,1.1321524723472072
presentation layer,10,0,10,0.0,-1.1321524723472072,1.1321524723472072
foreclosures,10,0,10,0.0,-1.1321524723472072,1.1321524723472072
fashion buying,10,0,10,0.0,-1.1321524723472072,1.1321524723472072
campaign administration,10,0,10,0.0,-1.1321524723472072,1.1321524723472072
point of sale management,10,0,10,0.0,-1.1321524723472072,1.1321524723472072
gas chromatography mass spectrometry,10,0,10,0.0,-1.1321524723472072,1.1321524723472072
case presentations,10,0,10,0.0,-1.1321524723472072,1.1321524723472072
character art,32,1,31,0.03125,-1.1321524723472072,1.1321524723472072
public budgeting,10,0,10,0.0,-1.1321524723472072,1.1321524723472072
psychiatric treatments,10,0,10,0.0,-1.1321524723472072,1.1321524723472072
branding development,10,0,10,0.0,-1.1321524723472072,1.1321524723472072
broadcast,10,0,10,0.0,-1.1321524723472072,1.1321524723472072
online newsletters,10,0,10,0.0,-1.1321524723472072,1.1321524723472072
compassion,32,1,31,0.03125,-1.1321524723472072,1.1321524723472072
online sales management,10,0,10,0.0,-1.1321524723472072,1.1321524723472072
azure devops services,42,13,29,0.30952380952380953,1.1306693874748257,1.1306693874748257
scala,74,23,51,0.3108108108108108,1.1277885788566389,1.1277885788566389
alteryx bi visualization solutions,23,7,16,0.30434782608695654,1.1239126050119452,1.1239126050119452
international relations,315,14,301,0.044444444444444446,-1.1222514013644957,1.1222514013644957
design of experiments,53,2,51,0.03773584905660377,-1.112921110419319,1.112921110419319
sustainable design,96,4,92,0.041666666666666664,-1.11076128236589,1.11076128236589
youth development,96,4,92,0.041666666666666664,-1.11076128236589,1.11076128236589
product lifecycle management,20,6,14,0.3,1.110023492851278,1.110023492851278
retail marketing strategy,246,11,235,0.044715447154471545,-1.1069939127110526,1.1069939127110526
software design documents,33,10,23,0.30303030303030304,1.1067448013895795,1.1067448013895795
lateral communication,33,10,23,0.30303030303030304,1.1067448013895795,1.1067448013895795
kernel debugging,33,10,23,0.30303030303030304,1.1067448013895795,1.1067448013895795
presentation coaching,117,5,112,0.042735042735042736,-1.1058351640298332,1.1058351640298332
html components,1968,607,1361,0.3084349593495935,1.1053798284771053,1.1053798284771053
project engineering,74,3,71,0.04054054054054054,-1.1045645158283781,1.1045645158283781
engineering procurement and construction management,74,3,71,0.04054054054054054,-1.1045645158283781,1.1045645158283781
stock valuation,199,61,138,0.3065326633165829,1.1005368145612953,1.1005368145612953
community engagement,287,13,274,0.04529616724738676,-1.0998916101289855,1.0998916101289855
interpersonal leadership,31,1,30,0.03225806451612903,-1.099891610128985,1.099891610128985
cloud sql,31,1,30,0.03225806451612903,-1.099891610128985,1.099891610128985
safety training,31,1,30,0.03225806451612903,-1.099891610128985,1.099891610128985
sas statistical analysis,31,1,30,0.03225806451612903,-1.099891610128985,1.099891610128985
procurement management,31,1,30,0.03225806451612903,-1.099891610128985,1.099891610128985
banquet event orders,31,1,30,0.03225806451612903,-1.099891610128985,1.099891610128985
intelligence analysis,31,1,30,0.03225806451612903,-1.099891610128985,1.099891610128985
visual communication,31,1,30,0.03225806451612903,-1.099891610128985,1.099891610128985
linux commands,56,17,39,0.30357142857142855,1.0982701743986079,1.0982701743986079
unsecured loans,30,9,21,0.3,1.0956088288490937,1.0956088288490937
applied economics,530,162,368,0.30566037735849055,1.0936072555166163,1.0936072555166163
front office trading systems,66,20,46,0.30303030303030304,1.093342538927268,1.093342538927268
imagej,52,2,50,0.038461538461538464,-1.093312639030943,1.093312639030943
questionnaire design,52,2,50,0.038461538461538464,-1.093312639030943,1.093312639030943
healthcare analytics,52,2,50,0.038461538461538464,-1.093312639030943,1.093312639030943
investment banking,1174,359,815,0.30579216354344124,1.0932827204762487,1.0932827204762487
emerging markets,17,5,12,0.29411764705882354,1.091389413306386,1.091389413306386
personal branding,17,5,12,0.29411764705882354,1.091389413306386,1.091389413306386
career management,17,5,12,0.29411764705882354,1.091389413306386,1.091389413306386
asp.net mvc framework,53,16,37,0.3018867924528302,1.091389413306386,1.091389413306386
instructure canvas,73,3,70,0.0410958904109589,-1.0904797759466387,1.0904797759466387
terraform,76,23,53,0.3026315789473684,1.089688732624368,1.089688732624368
internal audit best practices,40,12,28,0.3,1.088194522409867,1.088194522409867
employee conflict resolution,157,7,150,0.044585987261146494,-1.0866900982704504,1.0866900982704504
nonprofit marketing,178,8,170,0.0449438202247191,-1.0862991678510845,1.0862991678510845
ux research,1343,408,935,0.3037974683544304,1.083780733962129,1.083780733962129
requirements analysis,27,8,19,0.2962962962962963,1.0820216633027853,1.0820216633027853
technical leadership,1180,358,822,0.30338983050847457,1.0819501427763638,1.0819501427763638
equities,1161,352,809,0.3031869078380706,1.0810038145108494,1.0810038145108494
adobe creative suite,428,20,408,0.04672897196261682,-1.0796970627794793,1.0796970627794793
linkedin training,114,5,109,0.043859649122807015,-1.078806491641914,1.078806491641914
petty cash,51,2,49,0.0392156862745098,-1.0733119723242739,1.0733119723242739
digital illustration,51,2,49,0.0392156862745098,-1.0733119723242739,1.0733119723242739
retail management,51,2,49,0.0392156862745098,-1.0733119723242739,1.0733119723242739
international research,51,2,49,0.0392156862745098,-1.0733119723242739,1.0733119723242739
editorial design,51,2,49,0.0392156862745098,-1.0733119723242739,1.0733119723242739
consumer research,51,2,49,0.0392156862745098,-1.0733119723242739,1.0733119723242739
environmental consulting,51,2,49,0.0392156862745098,-1.0733119723242739,1.0733119723242739
digital strategy,51,2,49,0.0392156862745098,-1.0733119723242739,1.0733119723242739
economic analysis,637,192,445,0.30141287284144425,1.0732688721931907,1.0732688721931907
lesson planning,425,20,405,0.047058823529411764,-1.072326022034889,1.072326022034889
commercial finance,954,287,667,0.3008385744234801,1.0700534353392162,1.0700534353392162
hedge funds,416,125,291,0.3004807692307692,1.0696357181575076,1.0696357181575076
java xml,662,199,463,0.30060422960725075,1.0693778167002241,1.0693778167002241
real estate private equity,380,114,266,0.3,1.0675705447646107,1.0675705447646107
news writing,216,10,206,0.046296296296296294,-1.0665551898613943,1.0665551898613943
electronic bank account management,30,1,29,0.03333333333333333,-1.0665551898613934,1.0665551898613934
computerized laboratory equipment,30,1,29,0.03333333333333333,-1.0665551898613934,1.0665551898613934
it products,30,1,29,0.03333333333333333,-1.0665551898613934,1.0665551898613934
software documentation,30,1,29,0.03333333333333333,-1.0665551898613934,1.0665551898613934
tier 1 technical support,30,1,29,0.03333333333333333,-1.0665551898613934,1.0665551898613934
training records management,30,1,29,0.03333333333333333,-1.0665551898613934,1.0665551898613934
broadcast operations,30,1,29,0.03333333333333333,-1.0665551898613934,1.0665551898613934
mental health case management,30,1,29,0.03333333333333333,-1.0665551898613934,1.0665551898613934
corporate training,30,1,29,0.03333333333333333,-1.0665551898613934,1.0665551898613934
culinary,30,1,29,0.03333333333333333,-1.0665551898613934,1.0665551898613934
database programmers toolkits,14,4,10,0.2857142857142857,1.065072104989012,1.065072104989012
siemens nx,74,22,52,0.2972972972972973,1.065072104989012,1.065072104989012
graphical user interface,14,4,10,0.2857142857142857,1.065072104989012,1.065072104989012
statutory accounting principles,24,7,17,0.2916666666666667,1.065072104989012,1.065072104989012
soc 2 auditing,24,7,17,0.2916666666666667,1.065072104989012,1.065072104989012
microsoft azure,14,4,10,0.2857142857142857,1.065072104989012,1.065072104989012
sports management,133,6,127,0.045112781954887216,-1.063944222320674,1.063944222320674
marketing science,71,3,68,0.04225352112676056,-1.0617008113965953,1.0617008113965953
financial report writing,256,12,244,0.046875,-1.061116699230455,1.061116699230455
c#,1473,440,1033,0.2987101154107264,1.059574031630627,1.059574031630627
java virtual machine,41,12,29,0.2926829268292683,1.0537083463386976,1.0537083463386976
grpc,41,12,29,0.2926829268292683,1.0537083463386976,1.0537083463386976
office management,50,2,48,0.04,-1.052903100693067,1.052903100693067
customer service training,927,45,882,0.04854368932038835,-1.0526764974743315,1.0526764974743315
web cache communication protocols,398,118,280,0.2964824120603015,1.0507092009886505,1.0507092009886505
business communications,31,9,22,0.2903225806451613,1.050146454772336,1.050146454772336
git flow,1231,365,866,0.2965069049553209,1.0491741354103885,1.0491741354103885
pharmaceutical industry,131,6,125,0.04580152671755725,-1.0481336162940318,1.0481336162940318
traditional chinese medicine,21,6,15,0.2857142857142857,1.0433321183526063,1.0433321183526063
financial modeling,1367,403,964,0.2948061448427213,1.0409366207404354,1.0409366207404354
oracle retail,38,11,27,0.2894736842105263,1.0405309960728948,1.0405309960728948
gui test automation,38,11,27,0.2894736842105263,1.0405309960728948,1.0405309960728948
visual merchandising standards,150,7,143,0.04666666666666667,-1.0390620492811955,1.0390620492811955
mortgage banking,45,13,32,0.28888888888888886,1.0338195614849077,1.0338195614849077
digital communication strategy,69,3,66,0.043478260869565216,-1.0320690137902249,1.0320690137902249
communication studies,49,2,47,0.04081632653061224,-1.0320690137902249,1.0320690137902249
feature articles,49,2,47,0.04081632653061224,-1.0320690137902249,1.0320690137902249
current manufacturing practices,89,4,85,0.0449438202247191,-1.0320690137902249,1.0320690137902249
materials science,89,4,85,0.0449438202247191,-1.0320690137902249,1.0320690137902249
salesforce.com administration,49,2,47,0.04081632653061224,-1.0320690137902249,1.0320690137902249
delegation skills,29,1,28,0.034482758620689655,-1.032069013790224,1.032069013790224
data manipulation language,29,1,28,0.034482758620689655,-1.032069013790224,1.032069013790224
rural community development,29,1,28,0.034482758620689655,-1.032069013790224,1.032069013790224
chemical research,29,1,28,0.034482758620689655,-1.032069013790224,1.032069013790224
immunofluorescence,29,1,28,0.034482758620689655,-1.032069013790224,1.032069013790224
sociology of education,29,1,28,0.034482758620689655,-1.032069013790224,1.032069013790224
production budgeting,29,1,28,0.034482758620689655,-1.032069013790224,1.032069013790224
business insights,29,1,28,0.034482758620689655,-1.032069013790224,1.032069013790224
game theory,29,1,28,0.034482758620689655,-1.032069013790224,1.032069013790224
aspen plus,29,1,28,0.034482758620689655,-1.032069013790224,1.032069013790224
cause marketing,29,1,28,0.034482758620689655,-1.032069013790224,1.032069013790224
survey design,29,1,28,0.034482758620689655,-1.032069013790224,1.032069013790224
sustainable urban planning,29,1,28,0.034482758620689655,-1.032069013790224,1.032069013790224
sports communication,29,1,28,0.034482758620689655,-1.032069013790224,1.032069013790224
strategic financial planning,29,1,28,0.034482758620689655,-1.032069013790224,1.032069013790224
semiconductor device physics,28,8,20,0.2857142857142857,1.0320112427281245,1.0320112427281245
flask,206,60,146,0.2912621359223301,1.0279879019558895,1.0279879019558895
securities underwriting,11,3,8,0.2727272727272727,1.0250667703753136,1.0250667703753136
linkedin recruiter,11,3,8,0.2727272727272727,1.0250667703753136,1.0250667703753136
ca software change management,11,3,8,0.2727272727272727,1.0250667703753136,1.0250667703753136
restorative justice,11,3,8,0.2727272727272727,1.0250667703753136,1.0250667703753136
load testing,11,3,8,0.2727272727272727,1.0250667703753136,1.0250667703753136
information technology architecture,11,3,8,0.2727272727272727,1.0250667703753136,1.0250667703753136
model-driven software engineering,11,3,8,0.2727272727272727,1.0250667703753136,1.0250667703753136
return on investment,11,3,8,0.2727272727272727,1.0250667703753136,1.0250667703753136
software quality control,11,3,8,0.2727272727272727,1.0250667703753136,1.0250667703753136
ampl,11,3,8,0.2727272727272727,1.0250667703753136,1.0250667703753136
electrochemical engineering,11,3,8,0.2727272727272727,1.0250667703753136,1.0250667703753136
websocket,11,3,8,0.2727272727272727,1.0250667703753136,1.0250667703753136
evolutionary algorithm,11,3,8,0.2727272727272727,1.0250667703753136,1.0250667703753136
universal verification methodology,11,3,8,0.2727272727272727,1.0250667703753136,1.0250667703753136
digital content strategy,148,7,141,0.0472972972972973,-1.0250267311648118,1.0250267311648118
sound editing,187,9,178,0.0481283422459893,-1.020926837236983,1.020926837236983
social media trends,88,4,84,0.045454545454545456,-1.020304172210638,1.020304172210638
model based systems engineering,73,21,52,0.2876712328767123,1.0196097309122543,1.0196097309122543
multimedia marketing communications,167,8,159,0.04790419161676647,-1.0196077933524128,1.0196077933524128
music video production,147,7,140,0.047619047619047616,-1.0179345028553204,1.0179345028553204
memory management,18,5,13,0.2777777777777778,1.0144283721702578,1.0144283721702578
automotive products,18,5,13,0.2777777777777778,1.0144283721702578,1.0144283721702578
manual data entry,402,20,382,0.04975124378109453,-1.013933801746012,1.013933801746012
bloomberg,364,105,259,0.28846153846153844,1.0123242156863932,1.0123242156863932
hospitality design,48,2,46,0.041666666666666664,-1.0107916153429395,1.0107916153429395
restaurant operation,48,2,46,0.041666666666666664,-1.0107916153429395,1.0107916153429395
defense satellite communications systems,25,7,18,0.28,1.0095022538342011,1.0095022538342011
business finance,25,7,18,0.28,1.0095022538342011,1.0095022538342011
windows template libraries,25,7,18,0.28,1.0095022538342011,1.0095022538342011
investment strategy,604,174,430,0.28807947019867547,1.0093473831509119,1.0093473831509119
qualtrics,87,4,83,0.04597701149425287,-1.00839926970432,1.00839926970432
firebase cloud messaging,98,28,70,0.2857142857142857,1.0066613428325981,1.0066613428325981
system level testing,32,9,23,0.28125,1.0066613428325972,1.0066613428325972
financial advising,32,9,23,0.28125,1.0066613428325972,1.0066613428325972
selenium testing,32,9,23,0.28125,1.0066613428325972,1.0066613428325972
enterprise risk management,39,11,28,0.28205128205128205,1.0048129134708157,1.0048129134708157
corporate finance principles,1079,310,769,0.2873030583873957,1.0048129134708152,1.0048129134708152
visual merchandising,125,6,119,0.048,-0.9991442290937584,0.9991442290937584
economic policy analysis,125,6,119,0.048,-0.9991442290937584,0.9991442290937584
electrical project management,28,1,27,0.03571428571428571,-0.9963509311881449,0.9963509311881449
video content,28,1,27,0.03571428571428571,-0.9963509311881449,0.9963509311881449
patience,28,1,27,0.03571428571428571,-0.9963509311881449,0.9963509311881449
teaching classes,28,1,27,0.03571428571428571,-0.9963509311881449,0.9963509311881449
intercultural training,28,1,27,0.03571428571428571,-0.9963509311881449,0.9963509311881449
sports writing,28,1,27,0.03571428571428571,-0.9963509311881449,0.9963509311881449
program evaluation and review technique,28,1,27,0.03571428571428571,-0.9963509311881449,0.9963509311881449
global business planning,28,1,27,0.03571428571428571,-0.9963509311881449,0.9963509311881449
patient management,28,1,27,0.03571428571428571,-0.9963509311881449,0.9963509311881449
jury management,28,1,27,0.03571428571428571,-0.9963509311881449,0.9963509311881449
robotic automation software,28,1,27,0.03571428571428571,-0.9963509311881449,0.9963509311881449
html emails,28,1,27,0.03571428571428571,-0.9963509311881449,0.9963509311881449
community management,28,1,27,0.03571428571428571,-0.9963509311881449,0.9963509311881449
phone banking,28,1,27,0.03571428571428571,-0.9963509311881449,0.9963509311881449
local government,28,1,27,0.03571428571428571,-0.9963509311881449,0.9963509311881449
military hospital,28,1,27,0.03571428571428571,-0.9963509311881449,0.9963509311881449
online inventory management,28,1,27,0.03571428571428571,-0.9963509311881449,0.9963509311881449
sales strategy,28,1,27,0.03571428571428571,-0.9963509311881449,0.9963509311881449
soldering,28,1,27,0.03571428571428571,-0.9963509311881449,0.9963509311881449
bioinformatics databases,28,1,27,0.03571428571428571,-0.9963509311881449,0.9963509311881449
purified protein derivative,28,1,27,0.03571428571428571,-0.9963509311881449,0.9963509311881449
retail accounts,28,1,27,0.03571428571428571,-0.9963509311881449,0.9963509311881449
it service management,28,1,27,0.03571428571428571,-0.9963509311881449,0.9963509311881449
integrated marketing,28,1,27,0.03571428571428571,-0.9963509311881449,0.9963509311881449
mammalian cell culture,337,17,320,0.050445103857566766,-0.9953114300550401,0.9953114300550401
marketing law,85,24,61,0.2823529411764706,0.9920059081144252,0.9920059081144252
web content writing,124,6,118,0.04838709677419355,-0.9907408182973789,0.9907408182973789
public relations skills,374,19,355,0.05080213903743316,-0.9907408182973789,0.9907408182973789
amazon dynamodb,50,14,36,0.28,0.9892063542142981,0.9892063542142981
mental health court,47,2,45,0.0425531914893617,-0.9890516287065338,0.9890516287065338
child cardiopulmonary resuscitation,47,2,45,0.0425531914893617,-0.9890516287065338,0.9890516287065338
restaurant management software,47,2,45,0.0425531914893617,-0.9890516287065338,0.9890516287065338
crispr gene editing,239,12,227,0.0502092050209205,-0.9890516287065338,0.9890516287065338
big data technology,43,12,31,0.27906976744186046,0.9881110638528838,0.9881110638528838
linux console,36,10,26,0.2777777777777778,0.9866004895475164,0.9866004895475164
adobe acrobat,66,3,63,0.045454545454545456,-0.9859069720270623,0.9859069720270623
docker compose,163,46,117,0.2822085889570552,0.9853839443853123,0.9853839443853123
multitasking skills,238,12,226,0.05042016806722689,-0.984646335238617,0.984646335238617
intellij idea,22,6,16,0.2727272727272727,0.9808117613712719,0.9808117613712719
strategic public relations planning,1016,53,963,0.05216535433070866,-0.9785208685762443,0.9785208685762443
management due diligence,178,50,128,0.2808988764044944,0.9784143973222554,0.9784143973222554
marketing data analysis,407,21,386,0.051597051597051594,-0.9767089675176441,0.9767089675176441
express.js,157,44,113,0.2802547770700637,0.976056317626953,0.976056317626953
software deployment,15,4,11,0.26666666666666666,0.9741003267832848,0.9741003267832848
mern stack,15,4,11,0.26666666666666666,0.9741003267832848,0.9741003267832848
autocad map,15,4,11,0.26666666666666666,0.9741003267832848,0.9741003267832848
oracle database vault,15,4,11,0.26666666666666666,0.9741003267832848,0.9741003267832848
cash management,15,4,11,0.26666666666666666,0.9741003267832848,0.9741003267832848
bluetooth low energy,15,4,11,0.26666666666666666,0.9741003267832848,0.9741003267832848
sql tuning,15,4,11,0.26666666666666666,0.9741003267832848,0.9741003267832848
data structure libraries,535,150,385,0.2803738317757009,0.9717918565617616,0.9717918565617616
java annotation,122,34,88,0.2786885245901639,0.9703267373996463,0.9703267373996463
onshape,40,11,29,0.275,0.9703267373996463,0.9703267373996463
mathematics education,65,3,62,0.046153846153846156,-0.9700336228707718,0.9700336228707718
portfolio management,222,62,160,0.27927927927927926,0.9692425795485007,0.9692425795485007
full stack development,208,58,150,0.27884615384615385,0.9674336354250963,0.9674336354250963
logical data modeling,46,2,44,0.043478260869565216,-0.9668284919218237,0.9668284919218237
hospitality preferred,46,2,44,0.043478260869565216,-0.9668284919218237,0.9668284919218237
opencv,83,23,60,0.27710843373493976,0.9667270214895334,0.9667270214895334
inmemory database,194,54,140,0.27835051546391754,0.9653631782716134,0.9653631782716134
typescript,581,162,419,0.27882960413080893,0.9639844412387473,0.9639844412387473
student recruiting,102,5,97,0.049019607843137254,-0.9627343203891598,0.9627343203891598
distributed systems,51,14,37,0.27450980392156865,0.962177681826379,0.962177681826379
fixed income products,51,14,37,0.27450980392156865,0.962177681826379,0.962177681826379
interpersonal skills,831,44,787,0.052948255114320095,-0.9610042161513781,0.9610042161513781
structured query language procedural language,2890,804,2086,0.2782006920415225,0.9593476317770464,0.9593476317770464
higher education administration,139,7,132,0.050359712230215826,-0.959309659507797,0.959309659507797
social media content creation,83,4,79,0.04819277108433735,-0.9593096595077961,0.9593096595077961
strategic workforce planning,27,1,26,0.037037037037037035,-0.9593096595077961,0.9593096595077961
sustainability strategies,27,1,26,0.037037037037037035,-0.9593096595077961,0.9593096595077961
french speaking,27,1,26,0.037037037037037035,-0.9593096595077961,0.9593096595077961
entrepreneurship education,83,4,79,0.04819277108433735,-0.9593096595077961,0.9593096595077961
guest service standards,27,1,26,0.037037037037037035,-0.9593096595077961,0.9593096595077961
chinese medicine,27,1,26,0.037037037037037035,-0.9593096595077961,0.9593096595077961
descriptive statistics,27,1,26,0.037037037037037035,-0.9593096595077961,0.9593096595077961
sales and marketing audit platform,27,1,26,0.037037037037037035,-0.9593096595077961,0.9593096595077961
effective leadership,27,1,26,0.037037037037037035,-0.9593096595077961,0.9593096595077961
entertainment journalism,27,1,26,0.037037037037037035,-0.9593096595077961,0.9593096595077961
workshops,27,1,26,0.037037037037037035,-0.9593096595077961,0.9593096595077961
international medical education directory,27,1,26,0.037037037037037035,-0.9593096595077961,0.9593096595077961
youth fitness training,27,1,26,0.037037037037037035,-0.9593096595077961,0.9593096595077961
real estate financing,27,1,26,0.037037037037037035,-0.9593096595077961,0.9593096595077961
data wrangling,27,1,26,0.037037037037037035,-0.9593096595077961,0.9593096595077961
software industry,44,12,32,0.2727272727272727,0.9568585203487796,0.9568585203487796
agile product management,26,7,19,0.2692307692307692,0.9568585203487787,0.9568585203487787
agile application development,26,7,19,0.2692307692307692,0.9568585203487787,0.9568585203487787
enterprise social networking,1088,58,1030,0.05330882352941176,-0.9564026807164869,0.9564026807164869
financial markets,199,55,144,0.27638190954773867,0.9554734785761179,0.9554734785761179
providing legal advice,64,3,61,0.046875,-0.9539042409408882,0.9539042409408882
survey data analysis,64,3,61,0.046875,-0.9539042409408882,0.9539042409408882
startup marketing,64,3,61,0.046875,-0.9539042409408882,0.9539042409408882
human resource management,64,3,61,0.046875,-0.9539042409408882,0.9539042409408882
adult cardiopulmonary resuscitation,101,5,96,0.04950495049504951,-0.9524249507302986,0.9524249507302986
google cloud platform,149,41,108,0.2751677852348993,0.9513132196323544,0.9513132196323544
android development,37,10,27,0.2702702702702703,0.9495592178671677,0.9495592178671677
compliance training,37,10,27,0.2702702702702703,0.9495592178671677,0.9495592178671677
design research,119,6,113,0.05042016806722689,-0.9476306946436504,0.9476306946436504
design project management,82,4,78,0.04878048780487805,-0.9466512626358732,0.9466512626358732
independent projects,82,4,78,0.04878048780487805,-0.9466512626358732,0.9466512626358732
native sql,930,256,674,0.2752688172043011,0.9455269543392295,0.9455269543392295
security research,48,13,35,0.2708333333333333,0.9455269543392291,0.9455269543392291
application-specific integrated circuits,48,13,35,0.2708333333333333,0.9455269543392291,0.9455269543392291
linux kernel,48,13,35,0.2708333333333333,0.9455269543392291,0.9455269543392291
client relationships,303,16,287,0.052805280528052806,-0.9454925139546542,0.9454925139546542
online video production,174,9,165,0.05172413793103448,-0.9453094308344072,0.9453094308344072
requirements engineering,88,24,64,0.2727272727272727,0.9443778591251704,0.9443778591251704
numeric data entry,137,7,130,0.051094890510948905,-0.9441002408442678,0.9441002408442678
retail environment,45,2,43,0.044444444444444446,-0.9441002408442678,0.9441002408442678
yaml,19,5,14,0.2631578947368421,0.9429694081881124,0.9429694081881124
management auditing,19,5,14,0.2631578947368421,0.9429694081881124,0.9429694081881124
cloud firestore,19,5,14,0.2631578947368421,0.9429694081881124,0.9429694081881124
operating systems design,92,25,67,0.2717391304347826,0.9389208196621119,0.9389208196621119
spanish language,118,6,112,0.05084745762711865,-0.9387810793666675,0.9387810793666675
nonprofit organizations,301,16,285,0.053156146179401995,-0.9385116828133135,0.9385116828133135
clinical research informatics,63,3,60,0.047619047619047616,-0.9375104311652116,0.9375104311652116
java media framework,63,3,60,0.047619047619047616,-0.9375104311652116,0.9375104311652116
java android,52,14,38,0.2692307692307692,0.9358603735090059,0.9358603735090059
curriculum design,628,34,594,0.054140127388535034,-0.9343914267173061,0.9343914267173061
new business development,81,4,77,0.04938271604938271,-0.9338305742068114,0.9338305742068114
environmental data analysis,81,4,77,0.04938271604938271,-0.9338305742068114,0.9338305742068114
react native,807,220,587,0.27261462205700127,0.9323914142448024,0.9323914142448024
sports marketing,99,5,94,0.050505050505050504,-0.9314817768850556,0.9314817768850556
sketchup,99,5,94,0.050505050505050504,-0.9314817768850556,0.9314817768850556
active learning,99,5,94,0.050505050505050504,-0.9314817768850556,0.9314817768850556
aws,639,174,465,0.27230046948356806,0.9311826103015757,0.9311826103015757
leadership in energy and environmental design rating system,56,15,41,0.26785714285714285,0.9275165620647643,0.9275165620647643
asp.net extensions for ajax,23,6,17,0.2608695652173913,0.9219712613483386,0.9219712613483386
information assurance,23,6,17,0.2608695652173913,0.9219712613483386,0.9219712613483386
operational tests,23,6,17,0.2608695652173913,0.9219712613483386,0.9219712613483386
swift messaging,23,6,17,0.2608695652173913,0.9219712613483386,0.9219712613483386
rhino,116,6,110,0.05172413793103448,-0.9208433786800008,0.9208433786800008
television production,26,1,25,0.038461538461538464,-0.9208433786799999,0.9208433786799999
district sales management,26,1,25,0.038461538461538464,-0.9208433786799999,0.9208433786799999
tiktok marketing,26,1,25,0.038461538461538464,-0.9208433786799999,0.9208433786799999
model making,26,1,25,0.038461538461538464,-0.9208433786799999,0.9208433786799999
force protection,62,3,59,0.04838709677419355,-0.9208433786799999,0.9208433786799999
hotel and restaurant management,44,2,42,0.045454545454545456,-0.9208433786799999,0.9208433786799999
partner relationship management,26,1,25,0.038461538461538464,-0.9208433786799999,0.9208433786799999
marketing consulting,62,3,59,0.04838709677419355,-0.9208433786799999,0.9208433786799999
content marketing,62,3,59,0.04838709677419355,-0.9208433786799999,0.9208433786799999
advertising strategy,26,1,25,0.038461538461538464,-0.9208433786799999,0.9208433786799999
commercial real estate analysis,44,2,42,0.045454545454545456,-0.9208433786799999,0.9208433786799999
patient safety initiatives,26,1,25,0.038461538461538464,-0.9208433786799999,0.9208433786799999
grassroots fundraising,242,13,229,0.05371900826446281,-0.9208433786799999,0.9208433786799999
public programming,26,1,25,0.038461538461538464,-0.9208433786799999,0.9208433786799999
crossfunctional collaboration,62,3,59,0.04838709677419355,-0.9208433786799999,0.9208433786799999
educational psychology,26,1,25,0.038461538461538464,-0.9208433786799999,0.9208433786799999
legal pleadings,44,2,42,0.045454545454545456,-0.9208433786799999,0.9208433786799999
systems engineering,60,16,44,0.26666666666666666,0.9202411571105564,0.9202411571105564
debugging code,127,34,93,0.2677165354330709,0.9153678531188891,0.9153678531188891
user journey mapping,12,3,9,0.25,0.9138411352650886,0.9138411352650886
mockito,12,3,9,0.25,0.9138411352650886,0.9138411352650886
oracle sql developer,12,3,9,0.25,0.9138411352650886,0.9138411352650886
sas business intelligence,12,3,9,0.25,0.9138411352650886,0.9138411352650886
exchange traded derivatives,12,3,9,0.25,0.9138411352650886,0.9138411352650886
software design description,12,3,9,0.25,0.9138411352650886,0.9138411352650886
design patterns,12,3,9,0.25,0.9138411352650886,0.9138411352650886
structural design,12,3,9,0.25,0.9138411352650886,0.9138411352650886
international economics,12,3,9,0.25,0.9138411352650886,0.9138411352650886
refinance,12,3,9,0.25,0.9138411352650886,0.9138411352650886
machine design,12,3,9,0.25,0.9138411352650886,0.9138411352650886
scss,12,3,9,0.25,0.9138411352650886,0.9138411352650886
aerodynamic heating,12,3,9,0.25,0.9138411352650886,0.9138411352650886
events management,12,3,9,0.25,0.9138411352650886,0.9138411352650886
java rmi,12,3,9,0.25,0.9138411352650886,0.9138411352650886
retail standards,12,3,9,0.25,0.9138411352650886,0.9138411352650886
military court,12,3,9,0.25,0.9138411352650886,0.9138411352650886
equity capital markets,224,60,164,0.26785714285714285,0.9121027602075853,0.9121027602075853
cascading style sheets,1988,534,1454,0.2686116700201207,0.9112842179060592,0.9112842179060592
daily scrum,284,76,208,0.2676056338028169,0.9097216649698501,0.9097216649698501
inventory management system,79,4,75,0.05063291139240506,-0.9076852941024898,0.9076852941024898
options trading,27,7,20,0.25925925925925924,0.906848099774118,0.906848099774118
machining,27,7,20,0.25925925925925924,0.906848099774118,0.906848099774118
youth mentoring,132,7,125,0.05303030303030303,-0.9050327726533585,0.9050327726533585
nonprofit management,327,18,309,0.05504587155963303,-0.9048173946641556,0.9048173946641556
online survey design,61,3,58,0.04918032786885246,-0.9038938203662266,0.9038938203662266
systems project management,61,3,58,0.04918032786885246,-0.9038938203662266,0.9038938203662266
business mathematics,57,15,42,0.2631578947368421,0.9037059133710459,0.9037059133710459
customer service management,149,8,141,0.053691275167785234,-0.8998635882108053,0.8998635882108053
film editing,96,5,91,0.052083333333333336,-0.8992209146668344,0.8992209146668344
service portfolio management,91,24,67,0.26373626373626374,0.8989154850484136,0.8989154850484136
chemical analysis,184,10,174,0.05434782608695652,-0.898179519102789,0.898179519102789
sales order processing,43,2,41,0.046511627906976744,-0.8970327299862815,0.8970327299862815
media management,43,2,41,0.046511627906976744,-0.8970327299862815,0.8970327299862815
environmental biotechnology,43,2,41,0.046511627906976744,-0.8970327299862815,0.8970327299862815
entertainment,43,2,41,0.046511627906976744,-0.8970327299862815,0.8970327299862815
data programming,31,8,23,0.25806451612903225,0.8954357077223731,0.8954357077223731
financial risk monitoring,31,8,23,0.25806451612903225,0.8954357077223731,0.8954357077223731
internet software,16,4,12,0.25,0.8907187178442344,0.8907187178442344
pytest,16,4,12,0.25,0.8907187178442344,0.8907187178442344
grasshopper,16,4,12,0.25,0.8907187178442344,0.8907187178442344
litigation management,220,58,162,0.2636363636363636,0.8907187178442344,0.8907187178442344
aerial photography,16,4,12,0.25,0.8907187178442344,0.8907187178442344
retail customer service,410,23,387,0.05609756097560976,-0.8903454622670726,0.8903454622670726
go,277,73,204,0.26353790613718414,0.8890873961121502,0.8890873961121502
editorial photography,95,5,90,0.05263157894736842,-0.8882317930912391,0.8882317930912391
ultrahigh performance liquid chromatography,95,5,90,0.05263157894736842,-0.8882317930912391,0.8882317930912391
sap inventory management,95,5,90,0.05263157894736842,-0.8882317930912391,0.8882317930912391
predictive analytics software,60,3,57,0.05,-0.8866520139317204,0.8866520139317204
vba,35,9,26,0.2571428571428571,0.8865170309905341,0.8865170309905341
online video marketing,77,4,73,0.05194805194805195,-0.8808380440663015,0.8808380440663015
virtual classroom,77,4,73,0.05194805194805195,-0.8808380440663015,0.8808380440663015
primary care case management,25,1,24,0.04,-0.8808380440663006,0.8808380440663006
social science,25,1,24,0.04,-0.8808380440663006,0.8808380440663006
business intelligence projects,25,1,24,0.04,-0.8808380440663006,0.8808380440663006
communications systems,25,1,24,0.04,-0.8808380440663006,0.8808380440663006
retail channels,25,1,24,0.04,-0.8808380440663006,0.8808380440663006
hdr photography,25,1,24,0.04,-0.8808380440663006,0.8808380440663006
healthcare effectiveness data and information set,25,1,24,0.04,-0.8808380440663006,0.8808380440663006
self learning,25,1,24,0.04,-0.8808380440663006,0.8808380440663006
website maintenance,25,1,24,0.04,-0.8808380440663006,0.8808380440663006
business operations,25,1,24,0.04,-0.8808380440663006,0.8808380440663006
water sensitive urban design,25,1,24,0.04,-0.8808380440663006,0.8808380440663006
trade fund management,25,1,24,0.04,-0.8808380440663006,0.8808380440663006
timeline management,25,1,24,0.04,-0.8808380440663006,0.8808380440663006
human subject research,25,1,24,0.04,-0.8808380440663006,0.8808380440663006
term life insurance,25,1,24,0.04,-0.8808380440663006,0.8808380440663006
visual programming language,25,1,24,0.04,-0.8808380440663006,0.8808380440663006
cluster analysis,25,1,24,0.04,-0.8808380440663006,0.8808380440663006
treasury management,39,10,29,0.2564102564102564,0.8793549591939192,0.8793549591939192
economic research,683,179,504,0.26207906295754024,0.8789773335108859,0.8789773335108859
global project management,283,74,209,0.26148409893992935,0.8784453513995372,0.8784453513995372
public policy,94,5,89,0.05319148936170213,-0.8771205676661689,0.8771205676661689
industrial research,94,5,89,0.05319148936170213,-0.8771205676661689,0.8771205676661689
sales training,353,20,333,0.056657223796033995,-0.8768480138351,0.8768480138351
embedded software,104,27,77,0.25961538461538464,0.8762780336894407,0.8762780336894407
cloud collaboration,20,5,15,0.25,0.8762780336894407,0.8762780336894407
business risk management,20,5,15,0.25,0.8762780336894407,0.8762780336894407
bitbucket,20,5,15,0.25,0.8762780336894407,0.8762780336894407
investment advisory,85,22,63,0.25882352941176473,0.8748453686879438,0.8748453686879438
digital fundraising,111,6,105,0.05405405405405406,-0.8745388106383141,0.8745388106383141
ocaml,173,45,128,0.26011560693641617,0.874153386997846,0.874153386997846
rest api development,288,75,213,0.2604166666666667,0.8728657889625158,0.8728657889625158
wordpress admin,42,2,40,0.047619047619047616,-0.8726412768621223,0.8726412768621223
pricing,42,2,40,0.047619047619047616,-0.8726412768621223,0.8726412768621223
customer interaction management,42,2,40,0.047619047619047616,-0.8726412768621223,0.8726412768621223
music production,42,2,40,0.047619047619047616,-0.8726412768621223,0.8726412768621223
doubleclick digital marketing,214,12,202,0.056074766355140186,-0.8726412768621223,0.8726412768621223
molecular and cellular biology,42,2,40,0.047619047619047616,-0.8726412768621223,0.8726412768621223
social video marketing,42,2,40,0.047619047619047616,-0.8726412768621223,0.8726412768621223
writing news releases,59,3,56,0.05084745762711865,-0.8691077042808111,0.8691077042808111
residential design,59,3,56,0.05084745762711865,-0.8691077042808111,0.8691077042808111
portuguese language,59,3,56,0.05084745762711865,-0.8691077042808111,0.8691077042808111
credit risk management,143,37,106,0.25874125874125875,0.868565913203101,0.868565913203101
international financial management,47,12,35,0.2553191489361702,0.868565913203101,0.868565913203101
national security,76,4,72,0.05263157894736842,-0.8671391997081397,0.8671391997081397
legal marketing,24,6,18,0.25,0.8664014101935278,0.8664014101935278
project management,24,6,18,0.25,0.8664014101935278,0.8664014101935278
public relations campaigns,366,21,345,0.05737704918032787,-0.864569742697892,0.864569742697892
fixed income analysis,155,40,115,0.25806451612903225,0.8644014095268608,0.8644014095268608
recruitment marketing,144,8,136,0.05555555555555555,-0.8638884857525273,0.8638884857525273
food and beverage management,280,16,264,0.05714285714285714,-0.8621109050156028,0.8621109050156028
acquisition due diligence,221,57,164,0.2579185520361991,0.8612443429740946,0.8612443429740946
unit testing,55,14,41,0.2545454545454545,0.8608251875660917,0.8608251875660917
software engineering 2004,283,73,210,0.2579505300353357,0.8601697184725703,0.8601697184725703
microsoft visio,28,7,21,0.25,0.8592200507848631,0.8592200507848631
android emulators,28,7,21,0.25,0.8592200507848631,0.8592200507848631
organization skills,1381,81,1300,0.05865314989138305,-0.8575310992656733,0.8575310992656733
mathematical modeling,126,7,119,0.05555555555555555,-0.8560433854530851,0.8560433854530851
empirical research,109,6,103,0.05504587155963303,-0.8553994704276171,0.8553994704276171
gitlab,63,16,47,0.25396825396825395,0.8550006352421553,0.8550006352421553
retail budget management,92,5,87,0.05434782608695652,-0.8545207357489275,0.8545207357489275
finance,32,8,24,0.25,0.8537630113218055,0.8537630113218055
blogging software,75,4,71,0.05333333333333334,-0.8532500875474724,0.8532500875474724
marketing resource management,75,4,71,0.05333333333333334,-0.8532500875474724,0.8532500875474724
industrial robotics,67,17,50,0.2537313432835821,0.8525975100243706,0.8525975100243706
international development,58,3,55,0.05172413793103448,-0.8512500868808051,0.8512500868808051
autodesk revit,176,10,166,0.056818181818181816,-0.8512500868808051,0.8512500868808051
customer needs,58,3,55,0.05172413793103448,-0.8512500868808051,0.8512500868808051
design education,58,3,55,0.05172413793103448,-0.8512500868808051,0.8512500868808051
lbo,36,9,27,0.25,0.8494757593101854,0.8494757593101854
marketing management,663,39,624,0.058823529411764705,-0.8482806922823403,0.8482806922823403
sales relationships,41,2,39,0.04878048780487805,-0.8476399746567056,0.8476399746567056
spss modeler,41,2,39,0.04878048780487805,-0.8476399746567056,0.8476399746567056
siebel marketing,41,2,39,0.04878048780487805,-0.8476399746567056,0.8476399746567056
hospitality industry standards,41,2,39,0.04878048780487805,-0.8476399746567056,0.8476399746567056
luxury sales,41,2,39,0.04878048780487805,-0.8476399746567056,0.8476399746567056
marketing presentations,41,2,39,0.04878048780487805,-0.8476399746567056,0.8476399746567056
linux development,118,30,88,0.2542372881355932,0.8470940969756979,0.8470940969756979
corporate strategy formulation,126,32,94,0.25396825396825395,0.8450102202122105,0.8450102202122105
protein biochemistry,475,28,447,0.05894736842105263,-0.8414024850640893,0.8414024850640893
real estate due diligence,24,1,23,0.041666666666666664,-0.839165347665733,0.839165347665733
linear algebra,24,1,23,0.041666666666666664,-0.839165347665733,0.839165347665733
flat sketching,24,1,23,0.041666666666666664,-0.839165347665733,0.839165347665733
synthetic chemistry,24,1,23,0.041666666666666664,-0.839165347665733,0.839165347665733
asp.net mvc,24,1,23,0.041666666666666664,-0.839165347665733,0.839165347665733
environmental compliance,24,1,23,0.041666666666666664,-0.839165347665733,0.839165347665733
change orders,24,1,23,0.041666666666666664,-0.839165347665733,0.839165347665733
protein purification,74,4,70,0.05405405405405406,-0.839165347665733,0.839165347665733
business storytelling,24,1,23,0.041666666666666664,-0.839165347665733,0.839165347665733
web development technology,74,4,70,0.05405405405405406,-0.839165347665733,0.839165347665733
corporate social responsibility,24,1,23,0.041666666666666664,-0.839165347665733,0.839165347665733
google ad manager,24,1,23,0.041666666666666664,-0.839165347665733,0.839165347665733
qualitative data analysis software,24,1,23,0.041666666666666664,-0.839165347665733,0.839165347665733
graphpad,24,1,23,0.041666666666666664,-0.839165347665733,0.839165347665733
nonlinear regression,24,1,23,0.041666666666666664,-0.839165347665733,0.839165347665733
nir spectroscopy,24,1,23,0.041666666666666664,-0.839165347665733,0.839165347665733
retail design,24,1,23,0.041666666666666664,-0.839165347665733,0.839165347665733
ec2,52,13,39,0.25,0.838758978913523,0.838758978913523
software testing automation framework,111,28,83,0.25225225225225223,0.8374274207940111,0.8374274207940111
snowflake schema,56,14,42,0.25,0.8370145388723733,0.8370145388723733
tax training,233,59,174,0.2532188841201717,0.8364215362853176,0.8364215362853176
algorithm design,123,31,92,0.25203252032520324,0.8351488666894236,0.8351488666894236
inbound lead generation,57,3,54,0.05263157894736842,-0.8330677677976146,0.8330677677976146
creative development,57,3,54,0.05263157894736842,-0.8330677677976146,0.8330677677976146
flight training,57,3,54,0.05263157894736842,-0.8330677677976146,0.8330677677976146
addressing schemes,68,17,51,0.25,0.8329890386359944,0.8329890386359944
liquidity risk management,72,18,54,0.25,0.8319399957912967,0.8319399957912967
php frameworks,637,161,476,0.25274725274725274,0.83040738494467,0.83040738494467
organizational leadership,189,11,178,0.0582010582010582,-0.8298716004742737,0.8298716004742737
cloud computing architecture,175,44,131,0.25142857142857145,0.8288523029305912,0.8288523029305912
educational statistics,271,16,255,0.05904059040590406,-0.8274920633610079,0.8274920633610079
sales customer service,238,14,224,0.058823529411764705,-0.8273570923795646,0.8273570923795646
capital market operations,207,52,155,0.25120772946859904,0.8265374033545045,0.8265374033545045
model training,734,185,549,0.25204359673024523,0.8264160735800297,0.8264160735800297
event photography,73,4,69,0.0547945205479452,-0.824879390418257,0.824879390418257
key performance indicators,40,2,38,0.05,-0.8219975440433673,0.8219975440433673
electronic clinical research information system,40,2,38,0.05,-0.8219975440433673,0.8219975440433673
system center operations management,40,2,38,0.05,-0.8219975440433673,0.8219975440433673
thesis writing,40,2,38,0.05,-0.8219975440433673,0.8219975440433673
biotechnology industry,105,6,99,0.05714285714285714,-0.8159855018867406,0.8159855018867406
3d modeling software,56,3,53,0.05357142857142857,-0.8145487200303769,0.8145487200303769
governance risk management and compliance,13,3,10,0.23076923076923078,0.8137576767081063,0.8137576767081063
productivity improvement,17,4,13,0.23529411764705882,0.8137576767081063,0.8137576767081063
google data studio,13,3,10,0.23076923076923078,0.8137576767081063,0.8137576767081063
valuation models,13,3,10,0.23076923076923078,0.8137576767081063,0.8137576767081063
functional programming,53,13,40,0.24528301886792453,0.8137576767081063,0.8137576767081063
ubuntu server,21,5,16,0.23809523809523808,0.8137576767081063,0.8137576767081063
google kubernetes engine,13,3,10,0.23076923076923078,0.8137576767081063,0.8137576767081063
political strategy,13,3,10,0.23076923076923078,0.8137576767081063,0.8137576767081063
microsoft analysis services,45,11,34,0.24444444444444444,0.8137576767081063,0.8137576767081063
experimental software engineering,17,4,13,0.23529411764705882,0.8137576767081063,0.8137576767081063
energy management,13,3,10,0.23076923076923078,0.8137576767081063,0.8137576767081063
market risk,17,4,13,0.23529411764705882,0.8137576767081063,0.8137576767081063
creo elementspro,21,5,16,0.23809523809523808,0.8137576767081063,0.8137576767081063
azure kubernetes,141,35,106,0.24822695035460993,0.8137576767081063,0.8137576767081063
adaptation,13,3,10,0.23076923076923078,0.8137576767081063,0.8137576767081063
continuum mechanics,13,3,10,0.23076923076923078,0.8137576767081063,0.8137576767081063
scratch programming,13,3,10,0.23076923076923078,0.8137576767081063,0.8137576767081063
cloud strategy,17,4,13,0.23529411764705882,0.8137576767081063,0.8137576767081063
mac os x server,17,4,13,0.23529411764705882,0.8137576767081063,0.8137576767081063
sap manufacturing,13,3,10,0.23076923076923078,0.8137576767081063,0.8137576767081063
sap banking,13,3,10,0.23076923076923078,0.8137576767081063,0.8137576767081063
linux device driver,49,12,37,0.24489795918367346,0.8137576767081063,0.8137576767081063
supervised learning,13,3,10,0.23076923076923078,0.8137576767081063,0.8137576767081063
model view controller,33,8,25,0.24242424242424243,0.8137576767081063,0.8137576767081063
test strategy,17,4,13,0.23529411764705882,0.8137576767081063,0.8137576767081063
xml markup languages,17,4,13,0.23529411764705882,0.8137576767081063,0.8137576767081063
vhsic hardware description language,45,11,34,0.24444444444444444,0.8137576767081063,0.8137576767081063
xilinx,21,5,16,0.23809523809523808,0.8137576767081063,0.8137576767081063
hindi language,21,5,16,0.23809523809523808,0.8137576767081063,0.8137576767081063
probabilistic risk assessments,13,3,10,0.23076923076923078,0.8137576767081063,0.8137576767081063
8051 microcontroller,25,6,19,0.24,0.8137576767081054,0.8137576767081054
interactive web development,29,7,22,0.2413793103448276,0.8137576767081054,0.8137576767081054
monetary economics,29,7,22,0.2413793103448276,0.8137576767081054,0.8137576767081054
software architecture,25,6,19,0.24,0.8137576767081054,0.8137576767081054
xcode,41,10,31,0.24390243902439024,0.8137576767081054,0.8137576767081054
science journalism,25,6,19,0.24,0.8137576767081054,0.8137576767081054
oracle bpel process management,29,7,22,0.2413793103448276,0.8137576767081054,0.8137576767081054
html generation,29,7,22,0.2413793103448276,0.8137576767081054,0.8137576767081054
software design patterns,29,7,22,0.2413793103448276,0.8137576767081054,0.8137576767081054
systematic trading,25,6,19,0.24,0.8137576767081054,0.8137576767081054
laser physics,72,4,68,0.05555555555555555,-0.8103863831156897,0.8103863831156897
customer relationship management software,72,4,68,0.05555555555555555,-0.8103863831156897,0.8103863831156897
parametric modeling,72,4,68,0.05555555555555555,-0.8103863831156897,0.8103863831156897
8d problem solving,445,27,418,0.060674157303370786,-0.8101209198807884,0.8101209198807884
computer science engineering,575,143,432,0.24869565217391304,0.8091226742039574,0.8091226742039574
market leadership,88,5,83,0.056818181818181816,-0.8077285742421685,0.8077285742421685
cold calling,88,5,83,0.056818181818181816,-0.8077285742421685,0.8077285742421685
entertainment writing,88,5,83,0.056818181818181816,-0.8077285742421685,0.8077285742421685
marketing operations management,136,8,128,0.058823529411764705,-0.8034927754627876,0.8034927754627876
apollo graphql,118,29,89,0.2457627118644068,0.8025216034411802,0.8025216034411802
python flask,3125,771,2354,0.24672,0.7966229674958222,0.7966229674958222
project libre,23,1,22,0.043478260869565216,-0.7956802357259942,0.7956802357259942
facebook business,23,1,22,0.043478260869565216,-0.7956802357259942,0.7956802357259942
arduino ide,55,3,52,0.05454545454545454,-0.7956802357259942,0.7956802357259942
resort management,23,1,22,0.043478260869565216,-0.7956802357259942,0.7956802357259942
curb appeal,23,1,22,0.043478260869565216,-0.7956802357259942,0.7956802357259942
supply chain strategy,23,1,22,0.043478260869565216,-0.7956802357259942,0.7956802357259942
hotel management,23,1,22,0.043478260869565216,-0.7956802357259942,0.7956802357259942
data visualization tools,23,1,22,0.043478260869565216,-0.7956802357259942,0.7956802357259942
marketing mix modeling,23,1,22,0.043478260869565216,-0.7956802357259942,0.7956802357259942
google ads certification,23,1,22,0.043478260869565216,-0.7956802357259942,0.7956802357259942
aqueous chemistry,23,1,22,0.043478260869565216,-0.7956802357259942,0.7956802357259942
mobile game development,23,1,22,0.043478260869565216,-0.7956802357259942,0.7956802357259942
process scheduler,23,1,22,0.043478260869565216,-0.7956802357259942,0.7956802357259942
hepatobiliary surgery,23,1,22,0.043478260869565216,-0.7956802357259942,0.7956802357259942
vlookup,23,1,22,0.043478260869565216,-0.7956802357259942,0.7956802357259942
molecular microbiology,39,2,37,0.05128205128205128,-0.7956802357259942,0.7956802357259942
revenue analysis,23,1,22,0.043478260869565216,-0.7956802357259942,0.7956802357259942
real estate finance,23,1,22,0.043478260869565216,-0.7956802357259942,0.7956802357259942
strategic negotiations,23,1,22,0.043478260869565216,-0.7956802357259942,0.7956802357259942
real estate economics,23,1,22,0.043478260869565216,-0.7956802357259942,0.7956802357259942
thermodynamic systems,23,1,22,0.043478260869565216,-0.7956802357259942,0.7956802357259942
property management systems,23,1,22,0.043478260869565216,-0.7956802357259942,0.7956802357259942
software prototyping,23,1,22,0.043478260869565216,-0.7956802357259942,0.7956802357259942
client confidentiality,23,1,22,0.043478260869565216,-0.7956802357259942,0.7956802357259942
fashion merchandising,71,4,67,0.056338028169014086,-0.7956802357259942,0.7956802357259942
merchandising standards,55,3,52,0.05454545454545454,-0.7956802357259942,0.7956802357259942
public affairs,23,1,22,0.043478260869565216,-0.7956802357259942,0.7956802357259942
information technology infrastructure library,39,2,37,0.05128205128205128,-0.7956802357259942,0.7956802357259942
content development,23,1,22,0.043478260869565216,-0.7956802357259942,0.7956802357259942
pharmaceutical sales,23,1,22,0.043478260869565216,-0.7956802357259942,0.7956802357259942
mobile application development,70,17,53,0.24285714285714285,0.7948891924037236,0.7948891924037236
ruby version management,66,16,50,0.24242424242424243,0.7937570100014373,0.7937570100014373
sqlite,66,16,50,0.24242424242424243,0.7937570100014373,0.7937570100014373
redis,58,14,44,0.2413793103448276,0.7910294256305495,0.7910294256305495
microsoft sql server databases,303,74,229,0.24422442244224424,0.7872660612611302,0.7872660612611302
investment management,479,117,362,0.24425887265135698,0.7857838246657001,0.7857838246657001
organizational development,102,6,96,0.058823529411764705,-0.785370866067133,0.785370866067133
aerospace engineering,91,22,69,0.24175824175824176,0.7845585220158435,0.7845585220158435
paid social media advertising,433,27,406,0.06235565819861432,-0.7810279589391236,0.7810279589391236
technology sales,108,26,82,0.24074074074074073,0.7767164050277566,0.7767164050277566
global brand development,54,3,51,0.05555555555555555,-0.7764488737981061,0.7764488737981061
fundraising software,54,3,51,0.05555555555555555,-0.7764488737981061,0.7764488737981061
italian language,54,3,51,0.05555555555555555,-0.7764488737981061,0.7764488737981061
persistent data structure,54,3,51,0.05555555555555555,-0.7764488737981061,0.7764488737981061
dynamic html,71,17,54,0.23943661971830985,0.7763701446364859,0.7763701446364859
ai strategy,34,8,26,0.23529411764705882,0.77529139588031,0.77529139588031
aws iot,34,8,26,0.23529411764705882,0.77529139588031,0.77529139588031
sql database design,101,6,95,0.0594059405940594,-0.7749541052088773,0.7749541052088773
cybersecurity incident management,67,16,51,0.23880597014925373,0.7741485386130611,0.7741485386130611
wealth management,63,15,48,0.23809523809523808,0.7716461913579789,0.7716461913579789
social media monitoring,85,5,80,0.058823529411764705,-0.7711391268098762,0.7711391268098762
equity research,844,204,640,0.24170616113744076,0.7706888195222832,0.7706888195222832
vue.js,92,22,70,0.2391304347826087,0.7702725647683675,0.7702725647683675
commercial software development,30,7,23,0.23333333333333334,0.7702725647683666,0.7702725647683666
food science,38,2,36,0.05263157894736842,-0.768651563338075,0.768651563338075
public engagement,38,2,36,0.05263157894736842,-0.768651563338075,0.768651563338075
discrete event simulation,38,2,36,0.05263157894736842,-0.768651563338075,0.768651563338075
quantum information science,38,2,36,0.05263157894736842,-0.768651563338075,0.768651563338075
doubleentry bookkeeping systems,38,2,36,0.05263157894736842,-0.768651563338075,0.768651563338075
scholarship of teaching and learning,254,61,193,0.24015748031496062,0.7661296277188518,0.7661296277188518
media communications,69,4,65,0.057971014492753624,-0.7656027804887167,0.7656027804887167
electronic circuit design,109,26,83,0.23853211009174313,0.7646680665115824,0.7646680665115824
creative writing,193,12,181,0.06217616580310881,-0.763157044020434,0.763157044020434
oral written communication skills,394,25,369,0.06345177664974619,-0.7611023228476608,0.7611023228476608
finance law,53,3,50,0.05660377358490566,-0.7568404024097299,0.7568404024097299
public health research,53,3,50,0.05660377358490566,-0.7568404024097299,0.7568404024097299
computer graphics design,22,5,17,0.22727272727272727,0.754917176685173,0.754917176685173
x86 assembly languages,68,16,52,0.23529411764705882,0.754917176685173,0.754917176685173
cryptocurrency trading,22,5,17,0.22727272727272727,0.754917176685173,0.754917176685173
sass,22,5,17,0.22727272727272727,0.754917176685173,0.754917176685173
trade finance,43,10,33,0.23255813953488372,0.7521997837086722,0.7521997837086722
kotlin,106,25,81,0.2358490566037736,0.7504453972937792,0.7504453972937792
executive calendar management,68,4,64,0.058823529411764705,-0.7502178616492374,0.7502178616492374
eeg,22,1,21,0.045454545454545456,-0.7502178616492365,0.7502178616492365
specialty retail environment,22,1,21,0.045454545454545456,-0.7502178616492365,0.7502178616492365
exercise physiology,22,1,21,0.045454545454545456,-0.7502178616492365,0.7502178616492365
retail loss prevention,22,1,21,0.045454545454545456,-0.7502178616492365,0.7502178616492365
luxury brand marketing,22,1,21,0.045454545454545456,-0.7502178616492365,0.7502178616492365
disaster response,22,1,21,0.045454545454545456,-0.7502178616492365,0.7502178616492365
soccer coaching,22,1,21,0.045454545454545456,-0.7502178616492365,0.7502178616492365
biomedical research,22,1,21,0.045454545454545456,-0.7502178616492365,0.7502178616492365
creative ideation,22,1,21,0.045454545454545456,-0.7502178616492365,0.7502178616492365
return on marketing investment,22,1,21,0.045454545454545456,-0.7502178616492365,0.7502178616492365
flexible manufacturing cells,22,1,21,0.045454545454545456,-0.7502178616492365,0.7502178616492365
guided tours,22,1,21,0.045454545454545456,-0.7502178616492365,0.7502178616492365
project quality assurance,22,1,21,0.045454545454545456,-0.7502178616492365,0.7502178616492365
sports analytics,22,1,21,0.045454545454545456,-0.7502178616492365,0.7502178616492365
trunks integrated record keeping systems,22,1,21,0.045454545454545456,-0.7502178616492365,0.7502178616492365
docker swarm,22,1,21,0.045454545454545456,-0.7502178616492365,0.7502178616492365
confocal laser scanning microscopy,22,1,21,0.045454545454545456,-0.7502178616492365,0.7502178616492365
institutional cooking,22,1,21,0.045454545454545456,-0.7502178616492365,0.7502178616492365
personal assistance,22,1,21,0.045454545454545456,-0.7502178616492365,0.7502178616492365
dance instruction,22,1,21,0.045454545454545456,-0.7502178616492365,0.7502178616492365
food service procedures,22,1,21,0.045454545454545456,-0.7502178616492365,0.7502178616492365
english communication,22,1,21,0.045454545454545456,-0.7502178616492365,0.7502178616492365
governmental affairs,22,1,21,0.045454545454545456,-0.7502178616492365,0.7502178616492365
private equity,22,1,21,0.045454545454545456,-0.7502178616492365,0.7502178616492365
front to back office,22,1,21,0.045454545454545456,-0.7502178616492365,0.7502178616492365
marketing education,22,1,21,0.045454545454545456,-0.7502178616492365,0.7502178616492365
interactive web design,22,1,21,0.045454545454545456,-0.7502178616492365,0.7502178616492365
vr,22,1,21,0.045454545454545456,-0.7502178616492365,0.7502178616492365
brand management,22,1,21,0.045454545454545456,-0.7502178616492365,0.7502178616492365
new home sales,22,1,21,0.045454545454545456,-0.7502178616492365,0.7502178616492365
political management,22,1,21,0.045454545454545456,-0.7502178616492365,0.7502178616492365
short sales,22,1,21,0.045454545454545456,-0.7502178616492365,0.7502178616492365
construction project management,83,5,78,0.060240963855421686,-0.7459805671737216,0.7459805671737216
institutional sales,39,9,30,0.23076923076923078,0.7459350803693452,0.7459350803693452
tax consulting,39,9,30,0.23076923076923078,0.7459350803693452,0.7459350803693452
blockchain security,18,4,14,0.2222222222222222,0.7422987127259608,0.7422987127259608
selective soldering,18,4,14,0.2222222222222222,0.7422987127259608,0.7422987127259608
selenium webdriver,18,4,14,0.2222222222222222,0.7422987127259608,0.7422987127259608
hardware testing,18,4,14,0.2222222222222222,0.7422987127259608,0.7422987127259608
semiconductor device fabrication,18,4,14,0.2222222222222222,0.7422987127259608,0.7422987127259608
electronics technology,18,4,14,0.2222222222222222,0.7422987127259608,0.7422987127259608
ansible,18,4,14,0.2222222222222222,0.7422987127259608,0.7422987127259608
revenue management,18,4,14,0.2222222222222222,0.7422987127259608,0.7422987127259608
computer networking,56,13,43,0.23214285714285715,0.7422987127259608,0.7422987127259608
product innovation,18,4,14,0.2222222222222222,0.7422987127259608,0.7422987127259608
concurrent programming,18,4,14,0.2222222222222222,0.7422987127259608,0.7422987127259608
customer satisfaction research,311,20,291,0.06430868167202572,-0.7422451542699684,0.7422451542699684
requirements management,37,2,35,0.05405405405405406,-0.7408719992309996,0.7408719992309996
fellow of the healthcare financial management association,37,2,35,0.05405405405405406,-0.7408719992309996,0.7408719992309996
wireless communications,37,2,35,0.05405405405405406,-0.7408719992309996,0.7408719992309996
accounting research,37,2,35,0.05405405405405406,-0.7408719992309996,0.7408719992309996
product design reviews,37,2,35,0.05405405405405406,-0.7408719992309996,0.7408719992309996
live event production,37,2,35,0.05405405405405406,-0.7408719992309996,0.7408719992309996
machine learning algorithms,1296,306,990,0.2361111111111111,0.7393778546138761,0.7393778546138761
simulink,1766,417,1349,0.2361268403171008,0.7391650772090663,0.7391650772090663
sql navigator,35,8,27,0.22857142857142856,0.7382501241999613,0.7382501241999613
frontend development,196,46,150,0.23469387755102042,0.7378591937805958,0.7378591937805958
molecular biology assays,1113,73,1040,0.06558849955076371,-0.7378012742386826,0.7378012742386826
political science,52,3,49,0.057692307692307696,-0.7368397357030609,0.7368397357030609
value engineering,52,3,49,0.057692307692307696,-0.7368397357030609,0.7368397357030609
assistance marketing,52,3,49,0.057692307692307696,-0.7368397357030609,0.7368397357030609
real estate sales,52,3,49,0.057692307692307696,-0.7368397357030609,0.7368397357030609
note taking,52,3,49,0.057692307692307696,-0.7368397357030609,0.7368397357030609
twodimensional gel electrophoresis,52,3,49,0.057692307692307696,-0.7368397357030609,0.7368397357030609
wildlife science,324,21,303,0.06481481481481481,-0.7349587099897206,0.7349587099897206
singing,67,4,63,0.05970149253731343,-0.7345925437461567,0.7345925437461567
business to business,67,4,63,0.05970149253731343,-0.7345925437461567,0.7345925437461567
canva design,112,7,105,0.0625,-0.7314379669976407,0.7314379669976407
qualitative research interviewing,112,7,105,0.0625,-0.7314379669976407,0.7314379669976407
swift,214,50,164,0.2336448598130841,0.7314327314521036,0.7314327314521036
web editing,65,15,50,0.23076923076923078,0.7312366530201029,0.7312366530201029
retail leadership,172,11,161,0.06395348837209303,-0.7297881419172914,0.7297881419172914
d3.js,31,7,24,0.22580645161290322,0.728599868367799,0.728599868367799
trading strategy,31,7,24,0.22580645161290322,0.728599868367799,0.728599868367799
java web services development pack,78,18,60,0.23076923076923078,0.7274973324236997,0.7274973324236997
operational risk management,78,18,60,0.23076923076923078,0.7274973324236997,0.7274973324236997
sensitivity training,125,29,96,0.232,0.7272172203770504,0.7272172203770504
microsoft mobile device management,14,3,11,0.21428571428571427,0.7227858985023792,0.7227858985023792
cloud computing security,14,3,11,0.21428571428571427,0.7227858985023792,0.7227858985023792
kpi reporting,14,3,11,0.21428571428571427,0.7227858985023792,0.7227858985023792
sap in retail,14,3,11,0.21428571428571427,0.7227858985023792,0.7227858985023792
dynamodb,14,3,11,0.21428571428571427,0.7227858985023792,0.7227858985023792
recommender systems,14,3,11,0.21428571428571427,0.7227858985023792,0.7227858985023792
profit and loss management,14,3,11,0.21428571428571427,0.7227858985023792,0.7227858985023792
google apps script,14,3,11,0.21428571428571427,0.7227858985023792,0.7227858985023792
verylargescale integration,14,3,11,0.21428571428571427,0.7227858985023792,0.7227858985023792
elastic stack,14,3,11,0.21428571428571427,0.7227858985023792,0.7227858985023792
strategic sourcing,14,3,11,0.21428571428571427,0.7227858985023792,0.7227858985023792
firebase analytics,14,3,11,0.21428571428571427,0.7227858985023792,0.7227858985023792
open source software,14,3,11,0.21428571428571427,0.7227858985023792,0.7227858985023792
scientific linux,14,3,11,0.21428571428571427,0.7227858985023792,0.7227858985023792
yearend accounting,14,3,11,0.21428571428571427,0.7227858985023792,0.7227858985023792
sales research,230,15,215,0.06521739130434782,-0.7197509202423857,0.7197509202423857
c++,4230,984,3246,0.2326241134751773,0.7191710915068545,0.7191710915068545
laboratory safety,51,3,48,0.058823529411764705,-0.716430864071854,0.716430864071854
remote team management,51,3,48,0.058823529411764705,-0.716430864071854,0.716430864071854
real estate transactions,51,3,48,0.058823529411764705,-0.716430864071854,0.716430864071854
amazon elasticsearch service,27,6,21,0.2222222222222222,0.7161192071441898,0.7161192071441898
energy economics,27,6,21,0.2222222222222222,0.7161192071441898,0.7161192071441898
unix system services,27,6,21,0.2222222222222222,0.7161192071441898,0.7161192071441898
java application server,27,6,21,0.2222222222222222,0.7161192071441898,0.7161192071441898
financial analysis software,1458,338,1120,0.23182441700960219,0.7153637644875639,0.7153637644875639
differential analysis,40,9,31,0.225,0.7136742181511231,0.7136742181511231
cadence virtuoso layout editor,40,9,31,0.225,0.7136742181511231,0.7136742181511231
parallel programming,53,12,41,0.22641509433962265,0.712405182447819,0.712405182447819
fundamental science,36,2,34,0.05555555555555555,-0.7122986267869429,0.7122986267869429
investment account management,36,2,34,0.05555555555555555,-0.7122986267869429,0.7122986267869429
company research,36,2,34,0.05555555555555555,-0.7122986267869429,0.7122986267869429
podcast production,36,2,34,0.05555555555555555,-0.7122986267869429,0.7122986267869429
remote technical support,36,2,34,0.05555555555555555,-0.7122986267869429,0.7122986267869429
resiliency,36,2,34,0.05555555555555555,-0.7122986267869429,0.7122986267869429
data research,36,2,34,0.05555555555555555,-0.7122986267869429,0.7122986267869429
front office operations,36,2,34,0.05555555555555555,-0.7122986267869429,0.7122986267869429
computer security awareness training,66,15,51,0.22727272727272727,0.7116281816317267,0.7116281816317267
credit analysis,66,15,51,0.22727272727272727,0.7116281816317267,0.7116281816317267
interest rate risk management,79,18,61,0.22784810126582278,0.7111035226480231,0.7111035226480231
adhd tutoring,772,52,720,0.06735751295336788,-0.7067622804657829,0.7067622804657829
computer programming,1322,304,1018,0.22995461422087746,0.7049548168593069,0.7049548168593069
html abstraction markup language,21,1,20,0.047619047619047616,-0.7025898126599817,0.7025898126599817
health and wellness coaching,21,1,20,0.047619047619047616,-0.7025898126599817,0.7025898126599817
american sign language,21,1,20,0.047619047619047616,-0.7025898126599817,0.7025898126599817
fashion retail,21,1,20,0.047619047619047616,-0.7025898126599817,0.7025898126599817
fda food safety modernization act,21,1,20,0.047619047619047616,-0.7025898126599817,0.7025898126599817
program strategy,21,1,20,0.047619047619047616,-0.7025898126599817,0.7025898126599817
advertising sales,21,1,20,0.047619047619047616,-0.7025898126599817,0.7025898126599817
web sql databases,21,1,20,0.047619047619047616,-0.7025898126599817,0.7025898126599817
usability,21,1,20,0.047619047619047616,-0.7025898126599817,0.7025898126599817
interaction design,21,1,20,0.047619047619047616,-0.7025898126599817,0.7025898126599817
content management platform,21,1,20,0.047619047619047616,-0.7025898126599817,0.7025898126599817
therapeutic crisis intervention,21,1,20,0.047619047619047616,-0.7025898126599817,0.7025898126599817
dna sequencing,21,1,20,0.047619047619047616,-0.7025898126599817,0.7025898126599817
staff scheduling,21,1,20,0.047619047619047616,-0.7025898126599817,0.7025898126599817
post production management,21,1,20,0.047619047619047616,-0.7025898126599817,0.7025898126599817
creative pitching,21,1,20,0.047619047619047616,-0.7025898126599817,0.7025898126599817
atomic force microscopy,21,1,20,0.047619047619047616,-0.7025898126599817,0.7025898126599817
executive assistant,21,1,20,0.047619047619047616,-0.7025898126599817,0.7025898126599817
primavera p6,21,1,20,0.047619047619047616,-0.7025898126599817,0.7025898126599817
interior architecture,21,1,20,0.047619047619047616,-0.7025898126599817,0.7025898126599817
stress analysis,21,1,20,0.047619047619047616,-0.7025898126599817,0.7025898126599817
training strategy,21,1,20,0.047619047619047616,-0.7025898126599817,0.7025898126599817
new restaurant openings,21,1,20,0.047619047619047616,-0.7025898126599817,0.7025898126599817
data loss prevention,21,1,20,0.047619047619047616,-0.7025898126599817,0.7025898126599817
multithreading,36,8,28,0.2222222222222222,0.7025320415978822,0.7025320415978822
web project,428,98,330,0.22897196261682243,0.701819854262518,0.701819854262518
verilog hdl,84,19,65,0.2261904761904762,0.7007342883047105,0.7007342883047105
leveraged finance,23,5,18,0.21739130434782608,0.6993473255303622,0.6993473255303622
beautifulsoup,23,5,18,0.21739130434782608,0.6993473255303622,0.6993473255303622
financial project management,23,5,18,0.21739130434782608,0.6993473255303622,0.6993473255303622
bootstrap,71,16,55,0.22535211267605634,0.6993473255303622,0.6993473255303622
strategy development,23,5,18,0.21739130434782608,0.6993473255303622,0.6993473255303622
software infrastructure,119,27,92,0.226890756302521,0.6993473255303622,0.6993473255303622
alternative investments,71,16,55,0.22535211267605634,0.6993473255303622,0.6993473255303622
real-time operating systems,23,5,18,0.21739130434782608,0.6993473255303622,0.6993473255303622
annual accounting,23,5,18,0.21739130434782608,0.6993473255303622,0.6993473255303622
powerpoint,50,3,47,0.06,-0.6955967771690119,0.6955967771690119
conflict mediation,50,3,47,0.06,-0.6955967771690119,0.6955967771690119
consultative sales management,50,3,47,0.06,-0.6955967771690119,0.6955967771690119
music programming,50,3,47,0.06,-0.6955967771690119,0.6955967771690119
medical staff development,152,10,142,0.06578947368421052,-0.6955967771690119,0.6955967771690119
tactical marketing,50,3,47,0.06,-0.6955967771690119,0.6955967771690119
peer mediation,50,3,47,0.06,-0.6955967771690119,0.6955967771690119
js framework,505,115,390,0.22772277227722773,0.6942125260583234,0.6942125260583234
technical documentation,79,5,74,0.06329113924050633,-0.6936810677708722,0.6936810677708722
web app development,387,88,299,0.22739018087855298,0.6932580998345959,0.6932580998345959
adobe photoshop lightroom,893,61,832,0.0683090705487122,-0.6930260816659111,0.6930260816659111
construction communication,108,7,101,0.06481481481481481,-0.6927858125633621,0.6927858125633621
artificial intelligence development,137,9,128,0.06569343065693431,-0.6922671403525635,0.6922671403525635
texturing,10,2,8,0.2,0.6885945337541006,0.6885945337541006
petroleum,10,2,8,0.2,0.6885945337541006,0.6885945337541006
workflow management systems,10,2,8,0.2,0.6885945337541006,0.6885945337541006
angular components,10,2,8,0.2,0.6885945337541006,0.6885945337541006
enterprise information management,10,2,8,0.2,0.6885945337541006,0.6885945337541006
information technology computing services,10,2,8,0.2,0.6885945337541006,0.6885945337541006
business ethics,10,2,8,0.2,0.6885945337541006,0.6885945337541006
product management,10,2,8,0.2,0.6885945337541006,0.6885945337541006
user authentication,10,2,8,0.2,0.6885945337541006,0.6885945337541006
synapse analytics,10,2,8,0.2,0.6885945337541006,0.6885945337541006
delegation,10,2,8,0.2,0.6885945337541006,0.6885945337541006
business requirements documentation,10,2,8,0.2,0.6885945337541006,0.6885945337541006
nonfunctional testing,10,2,8,0.2,0.6885945337541006,0.6885945337541006
sap analytics cloud,10,2,8,0.2,0.6885945337541006,0.6885945337541006
altium,10,2,8,0.2,0.6885945337541006,0.6885945337541006
forklift,10,2,8,0.2,0.6885945337541006,0.6885945337541006
java logging framework,10,2,8,0.2,0.6885945337541006,0.6885945337541006
corporate strategy,10,2,8,0.2,0.6885945337541006,0.6885945337541006
semisupervised learning,10,2,8,0.2,0.6885945337541006,0.6885945337541006
technology integration,10,2,8,0.2,0.6885945337541006,0.6885945337541006
oauth,10,2,8,0.2,0.6885945337541006,0.6885945337541006
consultative selling,10,2,8,0.2,0.6885945337541006,0.6885945337541006
xml databases,10,2,8,0.2,0.6885945337541006,0.6885945337541006
carbon accounting,10,2,8,0.2,0.6885945337541006,0.6885945337541006
tcl,10,2,8,0.2,0.6885945337541006,0.6885945337541006
adobe premiere rush,10,2,8,0.2,0.6885945337541006,0.6885945337541006
computer hardware assembly,10,2,8,0.2,0.6885945337541006,0.6885945337541006
job coaching,10,2,8,0.2,0.6885945337541006,0.6885945337541006
sketch app,10,2,8,0.2,0.6885945337541006,0.6885945337541006
integrated circuits,32,7,25,0.21875,0.6885945337540997,0.6885945337540997
strategic planning software,469,32,437,0.06823027718550106,-0.6874666510857619,0.6874666510857619
motivational speaking,5334,369,4965,0.06917885264341957,-0.685748570578941,0.685748570578941
asset valuation,244,55,189,0.22540983606557377,0.684363961606123,0.684363961606123
acquisition marketing,147,33,114,0.22448979591836735,0.683340581212942,0.683340581212942
digital marketing platforms,107,7,100,0.06542056074766354,-0.6828847415806498,0.6828847415806498
research collaboration,35,2,33,0.05714285714285714,-0.6828847415806498,0.6828847415806498
music performance,35,2,33,0.05714285714285714,-0.6828847415806498,0.6828847415806498
after effects,35,2,33,0.05714285714285714,-0.6828847415806498,0.6828847415806498
client presentation,35,2,33,0.05714285714285714,-0.6828847415806498,0.6828847415806498
mental health advocacy,35,2,33,0.05714285714285714,-0.6828847415806498,0.6828847415806498
medication therapy management,35,2,33,0.05714285714285714,-0.6828847415806498,0.6828847415806498
pharmacy automation,35,2,33,0.05714285714285714,-0.6828847415806498,0.6828847415806498
web content management systems,35,2,33,0.05714285714285714,-0.6828847415806498,0.6828847415806498
autodesk robot structural analysis,35,2,33,0.05714285714285714,-0.6828847415806498,0.6828847415806498
psychological first aid,35,2,33,0.05714285714285714,-0.6828847415806498,0.6828847415806498
automotive sales training,35,2,33,0.05714285714285714,-0.6828847415806498,0.6828847415806498
power electronics engineering,41,9,32,0.21951219512195122,0.6824216746470189,0.6824216746470189
mongodb atlas,311,70,241,0.22508038585209003,0.6811132021018116,0.6811132021018116
inside sales management,78,5,73,0.0641025641025641,-0.68016734860415,0.68016734860415
react native applications,205,46,159,0.22439024390243903,0.6797783557446269,0.6797783557446269
patient family teaching,164,11,153,0.06707317073170732,-0.6789835662818318,0.6789835662818318
educational leadership,1110,77,1033,0.06936936936936937,-0.6780584773863061,0.6780584773863061
mixed methods research,135,9,126,0.06666666666666667,-0.6765805441848638,0.6765805441848638
financial risk management,19,4,15,0.21052631578947367,0.6756073382272891,0.6756073382272891
entrepreneurial finance,19,4,15,0.21052631578947367,0.6756073382272891,0.6756073382272891
electronic system design,19,4,15,0.21052631578947367,0.6756073382272891,0.6756073382272891
branch banking,19,4,15,0.21052631578947367,0.6756073382272891,0.6756073382272891
inventory management software,19,4,15,0.21052631578947367,0.6756073382272891,0.6756073382272891
mathematical economics,19,4,15,0.21052631578947367,0.6756073382272891,0.6756073382272891
aws cloud development kit,19,4,15,0.21052631578947367,0.6756073382272891,0.6756073382272891
microsoft bi suite,49,3,46,0.061224489795918366,-0.6743193787217265,0.6743193787217265
visual arts painting,49,3,46,0.061224489795918366,-0.6743193787217265,0.6743193787217265
advertising copywriting,177,12,165,0.06779661016949153,-0.6708725851326465,0.6708725851326465
generics in java,28,6,22,0.21428571428571427,0.6706568330674321,0.6706568330674321
javascript libraries,28,6,22,0.21428571428571427,0.6706568330674321,0.6706568330674321
object-oriented design,28,6,22,0.21428571428571427,0.6706568330674321,0.6706568330674321
computational social science,63,4,59,0.06349206349206349,-0.6695289503990942,0.6695289503990942
end user training,46,10,36,0.21739130434782608,0.666432961951247,0.666432961951247
quantitative analysis,355,79,276,0.22253521126760564,0.6659161660741129,0.6659161660741129
engineering mathematics,194,43,151,0.22164948453608246,0.6645452785214303,0.6645452785214303
fundamental analysis,73,16,57,0.2191780821917808,0.6639453984794468,0.6639453984794468
apache spark,91,20,71,0.21978021978021978,0.6630974018206164,0.6630974018206164
english literature,119,8,111,0.06722689075630252,-0.6615884620276864,0.6615884620276864
healthcare customer service,4141,293,3848,0.07075585607341221,-0.6611911363300051,0.6611911363300051
interpersonal communication,513,36,477,0.07017543859649122,-0.6588819339561236,0.6588819339561236
search engine optimization,259,18,241,0.0694980694980695,-0.6567287756321321,0.6567287756321321
software systems engineering,60,13,47,0.21666666666666667,0.6543299397800038,0.6543299397800038
presentation training,62,4,58,0.06451612903225806,-0.6525793920853209,0.6525793920853209
digital project management,20,1,19,0.05,-0.6525793920853209,0.6525793920853209
nonlinear programming,20,1,19,0.05,-0.6525793920853209,0.6525793920853209
multi state payroll processing,20,1,19,0.05,-0.6525793920853209,0.6525793920853209
industry research,48,3,45,0.0625,-0.6525793920853209,0.6525793920853209
supplier process improvement,62,4,58,0.06451612903225806,-0.6525793920853209,0.6525793920853209
small business consulting,20,1,19,0.05,-0.6525793920853209,0.6525793920853209
clinical pharmacy,20,1,19,0.05,-0.6525793920853209,0.6525793920853209
government relations,34,2,32,0.058823529411764705,-0.6525793920853209,0.6525793920853209
public safety telecommunication,20,1,19,0.05,-0.6525793920853209,0.6525793920853209
abstract algebra,20,1,19,0.05,-0.6525793920853209,0.6525793920853209
budget reporting,20,1,19,0.05,-0.6525793920853209,0.6525793920853209
new product ideas,20,1,19,0.05,-0.6525793920853209,0.6525793920853209
automated external defibrillator,62,4,58,0.06451612903225806,-0.6525793920853209,0.6525793920853209
department communications,20,1,19,0.05,-0.6525793920853209,0.6525793920853209
easy java simulations,272,19,253,0.06985294117647059,-0.6525793920853209,0.6525793920853209
interactive media planning,20,1,19,0.05,-0.6525793920853209,0.6525793920853209
linux administration,20,1,19,0.05,-0.6525793920853209,0.6525793920853209
food microbiology,20,1,19,0.05,-0.6525793920853209,0.6525793920853209
court reporting,20,1,19,0.05,-0.6525793920853209,0.6525793920853209
epidemiology of cancer,34,2,32,0.058823529411764705,-0.6525793920853209,0.6525793920853209
unreal engine 4,20,1,19,0.05,-0.6525793920853209,0.6525793920853209
virtual reality,20,1,19,0.05,-0.6525793920853209,0.6525793920853209
audio recording,20,1,19,0.05,-0.6525793920853209,0.6525793920853209
property management accounting,34,2,32,0.058823529411764705,-0.6525793920853209,0.6525793920853209
catering equipment,20,1,19,0.05,-0.6525793920853209,0.6525793920853209
autocad map 3d,48,3,45,0.0625,-0.6525793920853209,0.6525793920853209
tax account reconciliations,20,1,19,0.05,-0.6525793920853209,0.6525793920853209
security awareness training,20,1,19,0.05,-0.6525793920853209,0.6525793920853209
task management,34,2,32,0.058823529411764705,-0.6525793920853209,0.6525793920853209
java apis,20,1,19,0.05,-0.6525793920853209,0.6525793920853209
3d architectural rendering,20,1,19,0.05,-0.6525793920853209,0.6525793920853209
seminar marketing,20,1,19,0.05,-0.6525793920853209,0.6525793920853209
loan accounting,20,1,19,0.05,-0.6525793920853209,0.6525793920853209
life insurance underwriting,34,2,32,0.058823529411764705,-0.6525793920853209,0.6525793920853209
hand coding,20,1,19,0.05,-0.6525793920853209,0.6525793920853209
java management extensions,42,9,33,0.21428571428571427,0.6521163251516899,0.6521163251516899
multiprotocol label switching,42,9,33,0.21428571428571427,0.6521163251516899,0.6521163251516899
sap product lifecycle management,33,7,26,0.21212121212121213,0.6501282529263035,0.6501282529263035
backend development,201,44,157,0.21890547263681592,0.6484336962827228,0.6484336962827228
verilog,74,16,58,0.21621621621621623,0.6467035920449407,0.6467035920449407
ibm cognos business intelligence,24,5,19,0.20833333333333334,0.6467035920449398,0.6467035920449398
adobe xd,24,5,19,0.20833333333333334,0.6467035920449398,0.6467035920449398
capital projects,339,24,315,0.07079646017699115,-0.6431155990543704,0.6431155990543704
jira service desk,120,26,94,0.21666666666666667,0.6409148638686952,0.6409148638686952
.net development,15,3,12,0.2,0.6394042895633287,0.6394042895633287
astrophysics,15,3,12,0.2,0.6394042895633287,0.6394042895633287
polish language,15,3,12,0.2,0.6394042895633287,0.6394042895633287
optimization,15,3,12,0.2,0.6394042895633287,0.6394042895633287
apple keynote,15,3,12,0.2,0.6394042895633287,0.6394042895633287
google firebase,15,3,12,0.2,0.6394042895633287,0.6394042895633287
azure databricks,15,3,12,0.2,0.6394042895633287,0.6394042895633287
gameplay programming,15,3,12,0.2,0.6394042895633287,0.6394042895633287
fast healthcare interoperability resources,15,3,12,0.2,0.6394042895633287,0.6394042895633287
business writing,15,3,12,0.2,0.6394042895633287,0.6394042895633287
whatsapp marketing,15,3,12,0.2,0.6394042895633287,0.6394042895633287
financial management strategy,47,10,37,0.2127659574468085,0.6394042895633278,0.6394042895633278
key account management,75,5,70,0.06666666666666667,-0.6384946522035815,0.6384946522035815
analyses big data,1223,267,956,0.21831561733442356,0.6382087428319696,0.6382087428319696
rstudio,296,21,275,0.07094594594594594,-0.6381647280831366,0.6381647280831366
django framework,125,27,98,0.216,0.636499421870699,0.636499421870699
ruby on rails,93,20,73,0.21505376344086022,0.6355094453017873,0.6355094453017873
javascript frameworks,38,8,30,0.21052631578947367,0.6347094452591211,0.6347094452591211
alternative financial services,38,8,30,0.21052631578947367,0.6347094452591211,0.6347094452591211
finance management,144,31,113,0.2152777777777778,0.6305546742863459,0.6305546742863459
customer relationship marketing,47,3,44,0.06382978723404255,-0.6303562553006108,0.6303562553006108
keras,52,11,41,0.21153846153846154,0.6290235735087677,0.6290235735087677
design team coordination,129,9,120,0.06976744186046512,-0.6279879889479991,0.6279879889479991
artificial neural networks,89,19,70,0.21348314606741572,0.6271717211276941,0.6271717211276941
market share analysis,74,5,69,0.06756756756756757,-0.6242086949561054,0.6242086949561054
system integration testing,43,9,34,0.20930232558139536,0.6227024399453969,0.6227024399453969
ux design,33,2,31,0.06060606060606061,-0.6213268485812167,0.6213268485812167
technical account management,33,2,31,0.06060606060606061,-0.6213268485812167,0.6213268485812167
program coordinator,33,2,31,0.06060606060606061,-0.6213268485812167,0.6213268485812167
engineering design process,33,2,31,0.06060606060606061,-0.6213268485812167,0.6213268485812167
guest lecturing,33,2,31,0.06060606060606061,-0.6213268485812167,0.6213268485812167
educational outreach,33,2,31,0.06060606060606061,-0.6213268485812167,0.6213268485812167
html5,340,73,267,0.21470588235294116,0.6205358052589451,0.6205358052589451
json web signature,57,12,45,0.21052631578947367,0.6203862837275667,0.6203862837275667
documentaries,60,4,56,0.06666666666666667,-0.6177932759999054,0.6177932759999054
financial literacy training,113,24,89,0.21238938053097345,0.6168044576460874,0.6168044576460874
alternative investment strategies,76,16,60,0.21052631578947367,0.6130869812459556,0.6130869812459556
parametric statistics,76,16,60,0.21052631578947367,0.6130869812459556,0.6130869812459556
restful webservices,20,4,16,0.2,0.6130869812459547,0.6130869812459547
test automation management tools,20,4,16,0.2,0.6130869812459547,0.6130869812459547
management consultancy,20,4,16,0.2,0.6130869812459547,0.6130869812459547
ms sql databases,20,4,16,0.2,0.6130869812459547,0.6130869812459547
product strategy,90,19,71,0.2111111111111111,0.6130869812459547,0.6130869812459547
neo4j,20,4,16,0.2,0.6130869812459547,0.6130869812459547
first aid supply management,20,4,16,0.2,0.6130869812459547,0.6130869812459547
cash flow analysis,20,4,16,0.2,0.6130869812459547,0.6130869812459547
compiler optimization,34,7,27,0.20588235294117646,0.6130869812459547,0.6130869812459547
data strategy,34,7,27,0.20588235294117646,0.6130869812459547,0.6130869812459547
cumulative translation adjustment,20,4,16,0.2,0.6130869812459547,0.6130869812459547
sales compensation,34,7,27,0.20588235294117646,0.6130869812459547,0.6130869812459547
eagle pcb,20,4,16,0.2,0.6130869812459547,0.6130869812459547
web services development,20,4,16,0.2,0.6130869812459547,0.6130869812459547
data cleaning,127,9,118,0.07086614173228346,-0.611251196592475,0.611251196592475
adobe after effects,73,5,68,0.0684931506849315,-0.6097156876535381,0.6097156876535381
project outcomes,73,5,68,0.0684931506849315,-0.6097156876535381,0.6097156876535381
entertainment industry,46,3,43,0.06521739130434782,-0.6076280042230549,0.6076280042230549
marketing project management,556,41,515,0.0737410071942446,-0.6070739108441465,0.6070739108441465
instructor,113,8,105,0.07079646017699115,-0.6062748240436342,0.6062748240436342
strategic thinking,86,6,80,0.06976744186046512,-0.6040850421467105,0.6040850421467105
python for data science,3076,654,2422,0.21261378413524057,0.6036862069612492,0.6036862069612492
quantitative analytics,126,9,117,0.07142857142857142,-0.6027765696015033,0.6027765696015033
java code,529,112,417,0.21172022684310018,0.6010386427297805,0.6010386427297805
environmental science,59,4,55,0.06779661016949153,-0.5999356585998994,0.5999356585998994
unobtrusive javascript,59,4,55,0.06779661016949153,-0.5999356585998994,0.5999356585998994
precision teaching,19,1,18,0.05263157894736842,-0.5999356585998985,0.5999356585998985
real estate investment trust,19,1,18,0.05263157894736842,-0.5999356585998985,0.5999356585998985
personal training,19,1,18,0.05263157894736842,-0.5999356585998985,0.5999356585998985
strategic communications,19,1,18,0.05263157894736842,-0.5999356585998985,0.5999356585998985
athletic performance,19,1,18,0.05263157894736842,-0.5999356585998985,0.5999356585998985
squarespace,19,1,18,0.05263157894736842,-0.5999356585998985,0.5999356585998985
plasmid construction,19,1,18,0.05263157894736842,-0.5999356585998985,0.5999356585998985
fashion writing,19,1,18,0.05263157894736842,-0.5999356585998985,0.5999356585998985
near field communication,19,1,18,0.05263157894736842,-0.5999356585998985,0.5999356585998985
federal court system,19,1,18,0.05263157894736842,-0.5999356585998985,0.5999356585998985
computational neuroscience,19,1,18,0.05263157894736842,-0.5999356585998985,0.5999356585998985
quantum mechanics,19,1,18,0.05263157894736842,-0.5999356585998985,0.5999356585998985
surgical device sales,19,1,18,0.05263157894736842,-0.5999356585998985,0.5999356585998985
portrait photography,19,1,18,0.05263157894736842,-0.5999356585998985,0.5999356585998985
business insurance,19,1,18,0.05263157894736842,-0.5999356585998985,0.5999356585998985
test cases,19,1,18,0.05263157894736842,-0.5999356585998985,0.5999356585998985
international law,19,1,18,0.05263157894736842,-0.5999356585998985,0.5999356585998985
account reconciliation,19,1,18,0.05263157894736842,-0.5999356585998985,0.5999356585998985
monte carlo simulation,19,1,18,0.05263157894736842,-0.5999356585998985,0.5999356585998985
point of sale materials,19,1,18,0.05263157894736842,-0.5999356585998985,0.5999356585998985
creative concept design,19,1,18,0.05263157894736842,-0.5999356585998985,0.5999356585998985
integrated brand marketing,19,1,18,0.05263157894736842,-0.5999356585998985,0.5999356585998985
sales pitches,19,1,18,0.05263157894736842,-0.5999356585998985,0.5999356585998985
actuarial science,19,1,18,0.05263157894736842,-0.5999356585998985,0.5999356585998985
service client,19,1,18,0.05263157894736842,-0.5999356585998985,0.5999356585998985
sales pipeline,19,1,18,0.05263157894736842,-0.5999356585998985,0.5999356585998985
program budgeting,19,1,18,0.05263157894736842,-0.5999356585998985,0.5999356585998985
financial dashboards,19,1,18,0.05263157894736842,-0.5999356585998985,0.5999356585998985
jdbc,280,59,221,0.21071428571428572,0.5979236884426098,0.5979236884426098
backend operations,25,5,20,0.2,0.596693171470279,0.596693171470279
windows powershell,25,5,20,0.2,0.596693171470279,0.596693171470279
vba excel,2546,538,2008,0.211311861743912,0.5960140081733223,0.5960140081733223
client services,72,5,67,0.06944444444444445,-0.5950095402638427,0.5950095402638427
safety training programs,72,5,67,0.06944444444444445,-0.5950095402638427,0.5950095402638427
military training,72,5,67,0.06944444444444445,-0.5950095402638427,0.5950095402638427
sales presentations,72,5,67,0.06944444444444445,-0.5950095402638427,0.5950095402638427
mortgage,44,9,35,0.20454545454545456,0.5941290675013402,0.5941290675013402
equity derivatives,44,9,35,0.20454545454545456,0.5941290675013402,0.5941290675013402
tax statistics,63,13,50,0.20634920634920634,0.5930863145392857,0.5930863145392857
outbound marketing,98,7,91,0.07142857142857142,-0.5890659863629955,0.5890659863629955
sql server compact,32,2,30,0.0625,-0.5890659863629946,0.5890659863629946
marketing activation,32,2,30,0.0625,-0.5890659863629946,0.5890659863629946
energy engineering,32,2,30,0.0625,-0.5890659863629946,0.5890659863629946
enterprise data modeling,32,2,30,0.0625,-0.5890659863629946,0.5890659863629946
innovation leadership,32,2,30,0.0625,-0.5890659863629946,0.5890659863629946
toilet training,32,2,30,0.0625,-0.5890659863629946,0.5890659863629946
java applet,68,14,54,0.20588235294117646,0.5883179131335456,0.5883179131335456
pivot tables,6964,528,6436,0.07581849511774842,-0.5873274224131809,0.5873274224131809
graphics editing,203,15,188,0.07389162561576355,-0.5858880175866483,0.5858880175866483
medical image processing,30,6,24,0.2,0.5854990247271257,0.5854990247271257
systems integration,30,6,24,0.2,0.5854990247271257,0.5854990247271257
automotive engineering,30,6,24,0.2,0.5854990247271257,0.5854990247271257
geospatial information technology,45,3,42,0.06666666666666667,-0.5843711420587869,0.5843711420587869
calculus,45,3,42,0.06666666666666667,-0.5843711420587869,0.5843711420587869
new media,45,3,42,0.06666666666666667,-0.5843711420587869,0.5843711420587869
project team,45,3,42,0.06666666666666667,-0.5843711420587869,0.5843711420587869
adobe premiere pro cc,321,24,297,0.07476635514018691,-0.5843711420587869,0.5843711420587869
business workflow analysis,73,15,58,0.2054794520547945,0.5841832350636063,0.5841832350636063
customer service targets,906,189,717,0.20860927152317882,0.5809860422649207,0.5809860422649207
character encodings in html,78,16,62,0.20512820512820512,0.5805637895403954,0.5805637895403954
microsoft windows,1906,397,1509,0.20828961175236096,0.578031150323709,0.578031150323709
reliability demonstration testing,11,2,9,0.18181818181818182,0.5773688986438756,0.5773688986438756
project finance,11,2,9,0.18181818181818182,0.5773688986438756,0.5773688986438756
product operations,11,2,9,0.18181818181818182,0.5773688986438756,0.5773688986438756
geographic information science,11,2,9,0.18181818181818182,0.5773688986438756,0.5773688986438756
javascript jquery,35,7,28,0.2,0.5773688986438756,0.5773688986438756
solidworks,11,2,9,0.18181818181818182,0.5773688986438756,0.5773688986438756
drones,11,2,9,0.18181818181818182,0.5773688986438756,0.5773688986438756
jmp,35,7,28,0.2,0.5773688986438756,0.5773688986438756
hand tools,11,2,9,0.18181818181818182,0.5773688986438756,0.5773688986438756
real estate planning,11,2,9,0.18181818181818182,0.5773688986438756,0.5773688986438756
transient transfections,11,2,9,0.18181818181818182,0.5773688986438756,0.5773688986438756
financial analytics,11,2,9,0.18181818181818182,0.5773688986438756,0.5773688986438756
it hardware support,11,2,9,0.18181818181818182,0.5773688986438756,0.5773688986438756
j2ee,11,2,9,0.18181818181818182,0.5773688986438756,0.5773688986438756
accounting education,11,2,9,0.18181818181818182,0.5773688986438756,0.5773688986438756
materialui,11,2,9,0.18181818181818182,0.5773688986438756,0.5773688986438756
digital file management,11,2,9,0.18181818181818182,0.5773688986438756,0.5773688986438756
apple xcode,11,2,9,0.18181818181818182,0.5773688986438756,0.5773688986438756
mobile app test automation,11,2,9,0.18181818181818182,0.5773688986438756,0.5773688986438756
markov chain monte carlo,11,2,9,0.18181818181818182,0.5773688986438756,0.5773688986438756
windows network administration,11,2,9,0.18181818181818182,0.5773688986438756,0.5773688986438756
innovation management,11,2,9,0.18181818181818182,0.5773688986438756,0.5773688986438756
electronic circuit simulation,11,2,9,0.18181818181818182,0.5773688986438756,0.5773688986438756
personal development plans,11,2,9,0.18181818181818182,0.5773688986438756,0.5773688986438756
hydrogen sulfide training,11,2,9,0.18181818181818182,0.5773688986438756,0.5773688986438756
inventory problem resolution,11,2,9,0.18181818181818182,0.5773688986438756,0.5773688986438756
character animation,11,2,9,0.18181818181818182,0.5773688986438756,0.5773688986438756
robotic design,11,2,9,0.18181818181818182,0.5773688986438756,0.5773688986438756
google drive,123,9,114,0.07317073170731707,-0.5769130590115834,0.5769130590115834
java compilers,232,48,184,0.20689655172413793,0.5762842998390711,0.5762842998390711
rust,122,25,97,0.20491803278688525,0.5711960395367948,0.5711960395367948
financial economics,40,8,32,0.2,0.5711960395367948,0.5711960395367948
fluid simulation,40,8,32,0.2,0.5711960395367948,0.5711960395367948
social media intelligence,74,15,59,0.20270270270270271,0.5672336767498329,0.5672336767498329
it business analysis,307,63,244,0.20521172638436483,0.5641945623599351,0.5641945623599351
manufacturing engineering,181,37,144,0.20441988950276244,0.5634313908000941,0.5634313908000941
strategic marketing management,57,4,53,0.07017543859649122,-0.5632342917494713,0.5632342917494713
cultural awareness,57,4,53,0.07017543859649122,-0.5632342917494713,0.5632342917494713
tax reporting,16,3,13,0.1875,0.5624432484272006,0.5624432484272006
corporate sourcing,16,3,13,0.1875,0.5624432484272006,0.5624432484272006
front end design,16,3,13,0.1875,0.5624432484272006,0.5624432484272006
employer brand marketing,16,3,13,0.1875,0.5624432484272006,0.5624432484272006
build automation,16,3,13,0.1875,0.5624432484272006,0.5624432484272006
clean room design,16,3,13,0.1875,0.5624432484272006,0.5624432484272006
software product management,16,3,13,0.1875,0.5624432484272006,0.5624432484272006
telecommunications networks,16,3,13,0.1875,0.5624432484272006,0.5624432484272006
employment litigation,16,3,13,0.1875,0.5624432484272006,0.5624432484272006
violin teaching,16,3,13,0.1875,0.5624432484272006,0.5624432484272006
oo software development,50,10,40,0.2,0.5624432484271997,0.5624432484271997
global leadership,50,10,40,0.2,0.5624432484271997,0.5624432484271997
comprehensive child development,44,3,41,0.06818181818181818,-0.5605604933650685,0.5605604933650685
post production editing,224,17,207,0.07589285714285714,-0.5605604933650685,0.5605604933650685
student leadership,44,3,41,0.06818181818181818,-0.5605604933650685,0.5605604933650685
financial data analysis,600,123,477,0.205,0.5600469615234624,0.5600469615234624
embedded system development,55,11,44,0.2,0.5592278115732254,0.5592278115732254
stata,339,26,313,0.07669616519174041,-0.5582846617045831,0.5582846617045831
vector calculus,60,12,48,0.2,0.5565348117410336,0.5565348117410336
merchandise sales,31,2,29,0.06451612903225806,-0.5557295660954029,0.5557295660954029
consumer finance,31,2,29,0.06451612903225806,-0.5557295660954029,0.5557295660954029
supply chain optimization,31,2,29,0.06451612903225806,-0.5557295660954029,0.5557295660954029
differential equations,31,2,29,0.06451612903225806,-0.5557295660954029,0.5557295660954029
wix,31,2,29,0.06451612903225806,-0.5557295660954029,0.5557295660954029
visual storytelling,31,2,29,0.06451612903225806,-0.5557295660954029,0.5557295660954029
reading comprehension,31,2,29,0.06451612903225806,-0.5557295660954029,0.5557295660954029
randomized clinical trials,31,2,29,0.06451612903225806,-0.5557295660954029,0.5557295660954029
environmental impact assessment,31,2,29,0.06451612903225806,-0.5557295660954029,0.5557295660954029
commercial banking,104,21,83,0.20192307692307693,0.5555762686530228,0.5555762686530228
military security,21,4,17,0.19047619047619047,0.5542464812230214,0.5542464812230214
retail category management,21,4,17,0.19047619047619047,0.5542464812230214,0.5542464812230214
jquery ui,476,97,379,0.20378151260504201,0.5533677465443327,0.5533677465443327
sales leadership,853,174,679,0.20398593200468934,0.552937473427499,0.552937473427499
computer architecture,70,14,56,0.2,0.5522779766503492,0.5522779766503492
github copilot,403,82,321,0.20347394540942929,0.552170715039177,0.552170715039177
retail banking,80,16,64,0.2,0.5490651224810241,0.5490651224810241
joint design manufacturing,26,5,21,0.19230769230769232,0.5490651224810241,0.5490651224810241
group financial reporting,80,16,64,0.2,0.5490651224810241,0.5490651224810241
amazon relational database service,26,5,21,0.19230769230769232,0.5490651224810241,0.5490651224810241
xml documentation,26,5,21,0.19230769230769232,0.5490651224810241,0.5490651224810241
stem cells,26,5,21,0.19230769230769232,0.5490651224810241,0.5490651224810241
user interface prototyping,31,6,25,0.1935483870967742,0.5454936901134264,0.5454936901134264
technology entrepreneurship,95,19,76,0.2,0.5454936901134264,0.5454936901134264
enduser training and support,95,19,76,0.2,0.5454936901134264,0.5454936901134264
google analytics,31,6,25,0.1935483870967742,0.5454936901134264,0.5454936901134264
sql writing,56,4,52,0.07142857142857142,-0.5443658074450886,0.5443658074450886
emergency communication systems,18,1,17,0.05555555555555555,-0.5443658074450877,0.5443658074450877
chinese culture,18,1,17,0.05555555555555555,-0.5443658074450877,0.5443658074450877
cable television,18,1,17,0.05555555555555555,-0.5443658074450877,0.5443658074450877
capital budgeting,18,1,17,0.05555555555555555,-0.5443658074450877,0.5443658074450877
production part approval process,18,1,17,0.05555555555555555,-0.5443658074450877,0.5443658074450877
cell based assays,18,1,17,0.05555555555555555,-0.5443658074450877,0.5443658074450877
primary research,18,1,17,0.05555555555555555,-0.5443658074450877,0.5443658074450877
filming,18,1,17,0.05555555555555555,-0.5443658074450877,0.5443658074450877
special education law,18,1,17,0.05555555555555555,-0.5443658074450877,0.5443658074450877
high degree of initiative,18,1,17,0.05555555555555555,-0.5443658074450877,0.5443658074450877
customer communications management,18,1,17,0.05555555555555555,-0.5443658074450877,0.5443658074450877
government contracting,18,1,17,0.05555555555555555,-0.5443658074450877,0.5443658074450877
natural resource management,18,1,17,0.05555555555555555,-0.5443658074450877,0.5443658074450877
trading,18,1,17,0.05555555555555555,-0.5443658074450877,0.5443658074450877
continuing medical education,18,1,17,0.05555555555555555,-0.5443658074450877,0.5443658074450877
healthcare accounting,18,1,17,0.05555555555555555,-0.5443658074450877,0.5443658074450877
linux security modules,18,1,17,0.05555555555555555,-0.5443658074450877,0.5443658074450877
bank reconciliation,18,1,17,0.05555555555555555,-0.5443658074450877,0.5443658074450877
software development security,18,1,17,0.05555555555555555,-0.5443658074450877,0.5443658074450877
disability adaptation,18,1,17,0.05555555555555555,-0.5443658074450877,0.5443658074450877
sap production planning,18,1,17,0.05555555555555555,-0.5443658074450877,0.5443658074450877
construction accounting,18,1,17,0.05555555555555555,-0.5443658074450877,0.5443658074450877
solution strategy,18,1,17,0.05555555555555555,-0.5443658074450877,0.5443658074450877
electronics engineering,105,21,84,0.2,0.5436713661467047,0.5436713661467047
real estate valuation,36,7,29,0.19444444444444445,0.5428827225727062,0.5428827225727062
investment accounting,36,7,29,0.19444444444444445,0.5428827225727062,0.5428827225727062
full software development lifecycle,115,23,92,0.2,0.5421617420079494,0.5421617420079494
windows communication foundation,41,8,33,0.1951219512195122,0.5408906900414658,0.5408906900414658
apache airflow,41,8,33,0.1951219512195122,0.5408906900414658,0.5408906900414658
word processing,7458,591,6867,0.07924376508447305,-0.5395237691747716,0.5395237691747716
structural engineering software,51,10,41,0.19607843137254902,0.5380517953030406,0.5380517953030406
business valuation,56,11,45,0.19642857142857142,0.5370046747885153,0.5370046747885153
time management training,1955,155,1800,0.0792838874680307,-0.5368039860934255,0.5368039860934255
microeconomics,43,3,40,0.06976744186046512,-0.5361690402409094,0.5361690402409094
training design,219,17,202,0.0776255707762557,-0.5361690402409094,0.5361690402409094
pharmacy,43,3,40,0.06976744186046512,-0.5361690402409094,0.5361690402409094
presentation design,43,3,40,0.06976744186046512,-0.5361690402409094,0.5361690402409094
identity design,43,3,40,0.06976744186046512,-0.5361690402409094,0.5361690402409094
interview coaching,61,12,49,0.19672131147540983,0.5361259401098266,0.5361259401098266
web application design,66,13,53,0.19696969696969696,0.5353779969186387,0.5353779969186387
apache kafka,76,15,61,0.19736842105263158,0.5341728144889446,0.5341728144889446
digital journalism,68,5,63,0.07352941176470588,-0.5339218482840051,0.5339218482840051
multivariate testing,68,5,63,0.07352941176470588,-0.5339218482840051,0.5339218482840051
java profiler,81,16,65,0.19753086419753085,0.5336802036415449,0.5336802036415449
legal contract negotiation,93,7,86,0.07526881720430108,-0.5328714280193534,0.5328714280193534
engineering statistics,105,8,97,0.0761904761904762,-0.5274162491313144,0.5274162491313144
object-oriented programming,491,98,393,0.19959266802443992,0.5273454456968012,0.5273454456968012
leadership trainer,55,4,51,0.07272727272727272,-0.5251344455172005,0.5251344455172005
simulation software,55,4,51,0.07272727272727272,-0.5251344455172005,0.5251344455172005
change leadership,403,80,323,0.19851116625310175,0.5214280358597785,0.5214280358597785
search engine marketing,30,2,28,0.06666666666666667,-0.5212433900242335,0.5212433900242335
storyboarding,30,2,28,0.06666666666666667,-0.5212433900242335,0.5212433900242335
digital art,30,2,28,0.06666666666666667,-0.5212433900242335,0.5212433900242335
scientific creativity,30,2,28,0.06666666666666667,-0.5212433900242335,0.5212433900242335
pharmaceutical product management,30,2,28,0.06666666666666667,-0.5212433900242335,0.5212433900242335
customer success management,30,2,28,0.06666666666666667,-0.5212433900242335,0.5212433900242335
customer research,87,17,70,0.19540229885057472,0.5189581364874618,0.5189581364874618
infrastructure asset management,82,16,66,0.1951219512195122,0.5185283986209424,0.5185283986209424
defense,67,5,62,0.07462686567164178,-0.5180484991277146,0.5180484991277146
personnel security,104,8,96,0.07692307692307693,-0.5171068794724532,0.5171068794724532
long term relationship building,104,8,96,0.07692307692307693,-0.5171068794724532,0.5171068794724532
financial management services,67,13,54,0.19402985074626866,0.5168589491514011,0.5168589491514011
java imaging,67,13,54,0.19402985074626866,0.5168589491514011,0.5168589491514011
scipy,47,9,38,0.19148936170212766,0.5130035226889724,0.5130035226889724
strategic leadership,234,46,188,0.19658119658119658,0.5127242710814612,0.5127242710814612
energy policy analysis,42,8,34,0.19047619047619047,0.5114768048351728,0.5114768048351728
bloomberg law,42,8,34,0.19047619047619047,0.5114768048351728,0.5114768048351728
microsoft excel,42,3,39,0.07142857142857142,-0.5111677380354926,0.5111677380354926
business process improvement,42,3,39,0.07142857142857142,-0.5111677380354926,0.5111677380354926
digital media campaigns,42,3,39,0.07142857142857142,-0.5111677380354926,0.5111677380354926
contextual research,42,3,39,0.07142857142857142,-0.5111677380354926,0.5111677380354926
investment analysis,42,3,39,0.07142857142857142,-0.5111677380354926,0.5111677380354926
web design principles,42,3,39,0.07142857142857142,-0.5111677380354926,0.5111677380354926
team motivation,42,3,39,0.07142857142857142,-0.5111677380354926,0.5111677380354926
business analytics,42,3,39,0.07142857142857142,-0.5111677380354926,0.5111677380354926
web based php applications,118,23,95,0.19491525423728814,0.5102441390396448,0.5102441390396448
senior real estate,37,7,30,0.1891891891891892,0.5095463023051146,0.5095463023051146
b2b marketing strategy,140,11,129,0.07857142857142857,-0.5089638803941723,0.5089638803941723
battery cell manufacturing,32,6,26,0.1875,0.5070274092856302,0.5070274092856302
student mentoring,103,8,95,0.07766990291262135,-0.5066901186141974,0.5066901186141974
direct investments,154,30,124,0.19480519480519481,0.5057909330848194,0.5057909330848194
survey research,54,4,50,0.07407407407407407,-0.5055259741288243,0.5055259741288243
java object-oriented querying,54,4,50,0.07407407407407407,-0.5055259741288243,0.5055259741288243
computational fluid dynamics,54,4,50,0.07407407407407407,-0.5055259741288243,0.5055259741288243
detail engineering,54,4,50,0.07407407407407407,-0.5055259741288243,0.5055259741288243
google sketchup,54,4,50,0.07407407407407407,-0.5055259741288243,0.5055259741288243
generative ai,88,17,71,0.19318181818181818,0.5048733966057224,0.5048733966057224
effective time management,1312,107,1205,0.08155487804878049,-0.5047888846772923,0.5047888846772923
music information retrieval,27,5,22,0.18518518518518517,0.5036027484042664,0.5036027484042664
technology change management,27,5,22,0.18518518518518517,0.5036027484042664,0.5036027484042664
consolidated financial statements,27,5,22,0.18518518518518517,0.5036027484042664,0.5036027484042664
embedded sql,78,15,63,0.19230769230769232,0.5021700834027705,0.5021700834027705
indesign,66,5,61,0.07575757575757576,-0.501919117197831,0.501919117197831
mergers and acquisitions,180,35,145,0.19444444444444445,0.5017265752460389,0.5017265752460389
data analytics software,124,24,100,0.1935483870967742,0.5008853554277675,0.5008853554277675
software business analysis,119,23,96,0.19327731092436976,0.4998273781813891,0.4998273781813891
secure network communications,78,6,72,0.07692307692307693,-0.4994144195828225,0.4994144195828225
electrical engineering,211,41,170,0.1943127962085308,0.49932809588929716,0.49932809588929716
rtl design,22,4,18,0.18181818181818182,0.4986766300682106,0.4986766300682106
electrical circuit analysis,22,4,18,0.18181818181818182,0.4986766300682106,0.4986766300682106
service writing,22,4,18,0.18181818181818182,0.4986766300682106,0.4986766300682106
customer engagement planning,22,4,18,0.18181818181818182,0.4986766300682106,0.4986766300682106
mapreduce,22,4,18,0.18181818181818182,0.4986766300682106,0.4986766300682106
api development,22,4,18,0.18181818181818182,0.4986766300682106,0.4986766300682106
corporate development,22,4,18,0.18181818181818182,0.4986766300682106,0.4986766300682106
artificial intelligence for business,319,62,257,0.19435736677115986,0.496516802014781,0.496516802014781
financial risk modeling,586,114,472,0.1945392491467577,0.4949070414367127,0.4949070414367127
web application development,58,11,47,0.1896551724137931,0.4939872897048243,0.4939872897048243
social media apis,1880,366,1514,0.1946808510638298,0.4935278562356298,0.4935278562356298
critical thinking skills,863,71,792,0.08227114716106605,-0.49312509067525756,0.49312509067525756
business requirements,17,3,14,0.17647058823529413,0.49098428444505515,0.49098428444505515
metal inert gas welding,17,3,14,0.17647058823529413,0.49098428444505515,0.49098428444505515
artificial intelligence,17,3,14,0.17647058823529413,0.49098428444505515,0.49098428444505515
amazon managed streaming for apache kafka,17,3,14,0.17647058823529413,0.49098428444505515,0.49098428444505515
finance processes,17,3,14,0.17647058823529413,0.49098428444505515,0.49098428444505515
sales process optimization,17,3,14,0.17647058823529413,0.49098428444505515,0.49098428444505515
inventory control systems,17,3,14,0.17647058823529413,0.49098428444505515,0.49098428444505515
functional leadership,17,3,14,0.17647058823529413,0.49098428444505515,0.49098428444505515
floating point algorithm,17,3,14,0.17647058823529413,0.49098428444505515,0.49098428444505515
global macro,17,3,14,0.17647058823529413,0.49098428444505515,0.49098428444505515
organizational communication,17,3,14,0.17647058823529413,0.49098428444505515,0.49098428444505515
financial presentations,17,3,14,0.17647058823529413,0.49098428444505515,0.49098428444505515
devops development,53,10,43,0.18867924528301888,0.49098428444505426,0.49098428444505426
strategic technology planning,475,39,436,0.08210526315789474,-0.4901177379963646,0.4901177379963646
application development,48,9,39,0.1875,0.48736109207563416,0.48736109207563416
audio editing,53,4,49,0.07547169811320754,-0.4855253074221553,0.4855253074221553
applied mathematics,77,6,71,0.07792207792207792,-0.4855253074221553,0.4855253074221553
online campaign management,17,1,16,0.058823529411764705,-0.4855253074221544,0.4855253074221544
linear algebra package,29,2,27,0.06896551724137931,-0.4855253074221544,0.4855253074221544
flight safety,17,1,16,0.058823529411764705,-0.4855253074221544,0.4855253074221544
cryptocurrency wallets,17,1,16,0.058823529411764705,-0.4855253074221544,0.4855253074221544
operations process improvement,29,2,27,0.06896551724137931,-0.4855253074221544,0.4855253074221544
immunization,17,1,16,0.058823529411764705,-0.4855253074221544,0.4855253074221544
catering management,17,1,16,0.058823529411764705,-0.4855253074221544,0.4855253074221544
robotic programming,17,1,16,0.058823529411764705,-0.4855253074221544,0.4855253074221544
google sheets,197,16,181,0.08121827411167512,-0.4855253074221544,0.4855253074221544
business data management,41,3,38,0.07317073170731707,-0.4855253074221544,0.4855253074221544
parallel computing,17,1,16,0.058823529411764705,-0.4855253074221544,0.4855253074221544
swim instruction,17,1,16,0.058823529411764705,-0.4855253074221544,0.4855253074221544
database servers,17,1,16,0.058823529411764705,-0.4855253074221544,0.4855253074221544
corporate insurance,17,1,16,0.058823529411764705,-0.4855253074221544,0.4855253074221544
brand awareness,17,1,16,0.058823529411764705,-0.4855253074221544,0.4855253074221544
broadcast news,17,1,16,0.058823529411764705,-0.4855253074221544,0.4855253074221544
applied probability,17,1,16,0.058823529411764705,-0.4855253074221544,0.4855253074221544
plotly,17,1,16,0.058823529411764705,-0.4855253074221544,0.4855253074221544
ophthalmic photography,17,1,16,0.058823529411764705,-0.4855253074221544,0.4855253074221544
recruitment advertising,17,1,16,0.058823529411764705,-0.4855253074221544,0.4855253074221544
data structure alignment,41,3,38,0.07317073170731707,-0.4855253074221544,0.4855253074221544
sequence analysis,17,1,16,0.058823529411764705,-0.4855253074221544,0.4855253074221544
autonomous vehicles,17,1,16,0.058823529411764705,-0.4855253074221544,0.4855253074221544
building business relationships,41,3,38,0.07317073170731707,-0.4855253074221544,0.4855253074221544
simulation tool,41,3,38,0.07317073170731707,-0.4855253074221544,0.4855253074221544
executive communications,29,2,27,0.06896551724137931,-0.4855253074221544,0.4855253074221544
building relationships,29,2,27,0.06896551724137931,-0.4855253074221544,0.4855253074221544
isothermal titration calorimetry,17,1,16,0.058823529411764705,-0.4855253074221544,0.4855253074221544
computer systems engineering,29,2,27,0.06896551724137931,-0.4855253074221544,0.4855253074221544
nvivo,17,1,16,0.058823529411764705,-0.4855253074221544,0.4855253074221544
leadership alignment,41,3,38,0.07317073170731707,-0.4855253074221544,0.4855253074221544
youtube marketing,17,1,16,0.058823529411764705,-0.4855253074221544,0.4855253074221544
product demonstration,17,1,16,0.058823529411764705,-0.4855253074221544,0.4855253074221544
hospital information systems,17,1,16,0.058823529411764705,-0.4855253074221544,0.4855253074221544
biomedical device design,17,1,16,0.058823529411764705,-0.4855253074221544,0.4855253074221544
qualitative inorganic analysis,17,1,16,0.058823529411764705,-0.4855253074221544,0.4855253074221544
songwriting,17,1,16,0.058823529411764705,-0.4855253074221544,0.4855253074221544
wordpress design,29,2,27,0.06896551724137931,-0.4855253074221544,0.4855253074221544
voice acting,29,2,27,0.06896551724137931,-0.4855253074221544,0.4855253074221544
peoplesoft financial management,17,1,16,0.058823529411764705,-0.4855253074221544,0.4855253074221544
online marketing,29,2,27,0.06896551724137931,-0.4855253074221544,0.4855253074221544
product quality planning,17,1,16,0.058823529411764705,-0.4855253074221544,0.4855253074221544
patient health care,17,1,16,0.058823529411764705,-0.4855253074221544,0.4855253074221544
human rights,17,1,16,0.058823529411764705,-0.4855253074221544,0.4855253074221544
billing process,17,1,16,0.058823529411764705,-0.4855253074221544,0.4855253074221544
energy efficiency research,43,8,35,0.18604651162790697,0.4829034323911161,0.4829034323911161
windows presentation foundation,100,19,81,0.19,0.48218141069910025,0.48218141069910025
jupyter,100,19,81,0.19,0.48218141069910025,0.48218141069910025
notion productivity software,100,19,81,0.19,0.48218141069910025,0.48218141069910025
design for six sigma,95,18,77,0.18947368421052632,0.4798627611011943,0.4798627611011943
structured finance,95,18,77,0.18947368421052632,0.4798627611011943,0.4798627611011943
financial engineering,12,2,10,0.16666666666666666,0.47728544008689333,0.47728544008689333
ansys icepak,12,2,10,0.16666666666666666,0.47728544008689333,0.47728544008689333
solutions development,12,2,10,0.16666666666666666,0.47728544008689333,0.47728544008689333
nginx,12,2,10,0.16666666666666666,0.47728544008689333,0.47728544008689333
cpu design,12,2,10,0.16666666666666666,0.47728544008689333,0.47728544008689333
electromagnetic simulation,12,2,10,0.16666666666666666,0.47728544008689333,0.47728544008689333
company management,12,2,10,0.16666666666666666,0.47728544008689333,0.47728544008689333
bond credit rating,12,2,10,0.16666666666666666,0.47728544008689333,0.47728544008689333
digital prototyping,12,2,10,0.16666666666666666,0.47728544008689333,0.47728544008689333
machinist,12,2,10,0.16666666666666666,0.47728544008689333,0.47728544008689333
web technology,12,2,10,0.16666666666666666,0.47728544008689333,0.47728544008689333
global management,12,2,10,0.16666666666666666,0.47728544008689333,0.47728544008689333
conversational ai,12,2,10,0.16666666666666666,0.47728544008689333,0.47728544008689333
molecular physics,12,2,10,0.16666666666666666,0.47728544008689333,0.47728544008689333
credit counseling,12,2,10,0.16666666666666666,0.47728544008689333,0.47728544008689333
computational chemistry,12,2,10,0.16666666666666666,0.47728544008689333,0.47728544008689333
legal document management,12,2,10,0.16666666666666666,0.47728544008689333,0.47728544008689333
open web application security project,12,2,10,0.16666666666666666,0.47728544008689333,0.47728544008689333
investment transactions,12,2,10,0.16666666666666666,0.47728544008689333,0.47728544008689333
tactical asset allocation,12,2,10,0.16666666666666666,0.47728544008689333,0.47728544008689333
closedcircuit television systems,12,2,10,0.16666666666666666,0.47728544008689333,0.47728544008689333
finance lease,12,2,10,0.16666666666666666,0.47728544008689333,0.47728544008689333
commodity trading,12,2,10,0.16666666666666666,0.47728544008689333,0.47728544008689333
software construction,12,2,10,0.16666666666666666,0.47728544008689333,0.47728544008689333
human factors engineering,12,2,10,0.16666666666666666,0.47728544008689333,0.47728544008689333
environmental social and corporate governance,12,2,10,0.16666666666666666,0.47728544008689333,0.47728544008689333
business process automation,12,2,10,0.16666666666666666,0.47728544008689333,0.47728544008689333
observational astronomy,12,2,10,0.16666666666666666,0.47728544008689333,0.47728544008689333
backend apis,12,2,10,0.16666666666666666,0.47728544008689333,0.47728544008689333
opportunity management,12,2,10,0.16666666666666666,0.47728544008689333,0.47728544008689333
salesforce lightning,12,2,10,0.16666666666666666,0.47728544008689333,0.47728544008689333
api architecture,38,7,31,0.18421052631578946,0.47728544008689244,0.47728544008689244
fortran,38,7,31,0.18421052631578946,0.47728544008689244,0.47728544008689244
customer negotiations,100,8,92,0.08,-0.47477251564589285,0.47477251564589285
strategic problem solving,419,80,339,0.1909307875894988,0.4731532028019827,0.4731532028019827
systemverilog,59,11,48,0.1864406779661017,0.47315320280198225,0.47315320280198225
digital product management,106,20,86,0.18867924528301888,0.47265043758274494,0.47265043758274494
qualitative marketing research,420,35,385,0.08333333333333333,-0.47263853114579835,0.47263853114579835
simple logging facade for java,153,29,124,0.1895424836601307,0.4724545128172277,0.4724545128172277
retail sales analysis,325,27,298,0.08307692307692308,-0.47221396278391525,0.47221396278391525
legal projects,221,42,179,0.19004524886877827,0.471698833378253,0.471698833378253
web ui design,76,6,70,0.07894736842105263,-0.47144056754041586,0.47144056754041586
french sign language,147,12,135,0.08163265306122448,-0.47087303063528374,0.47087303063528374
version control software,33,6,27,0.18181818181818182,0.4699861376052814,0.4699861376052814
chinese history,33,6,27,0.18181818181818182,0.4699861376052814,0.4699861376052814
database schema design,33,6,27,0.18181818181818182,0.4699861376052814,0.4699861376052814
pyspark,54,10,44,0.18518518518518517,0.4682560333674983,0.4682560333674983
active listening,123,10,113,0.08130081300813008,-0.4680576143817641,0.4680576143817641
restaurant sales,52,4,48,0.07692307692307693,-0.4651164357909483,0.4651164357909483
customer retention,52,4,48,0.07692307692307693,-0.4651164357909483,0.4651164357909483
strategic human resources leadership,299,25,274,0.08361204013377926,-0.46390284340898935,0.46390284340898935
technical requirements gathering,28,5,23,0.17857142857142858,0.46011763646452764,0.46011763646452764
wedding planning,3509,299,3210,0.08520946138500997,-0.4596975843023834,0.4596975843023834
customer engagement strategy,40,3,37,0.075,-0.4592079991047813,0.4592079991047813
computer engineering,40,3,37,0.075,-0.4592079991047813,0.4592079991047813
french drain,40,3,37,0.075,-0.4592079991047813,0.4592079991047813
electrical product design,40,3,37,0.075,-0.4592079991047813,0.4592079991047813
adobe photoshop,1059,90,969,0.08498583569405099,-0.4590606586006105,0.4590606586006105
tableau crm,139,26,113,0.18705035971223022,0.4577118614469349,0.4577118614469349
leadership development programs,215,18,197,0.08372093023255814,-0.4555978868806809,0.4555978868806809
responsive web design,44,8,36,0.18181818181818182,0.4551238682840406,0.4551238682840406
agile software development,44,8,36,0.18181818181818182,0.4551238682840406,0.4551238682840406
peoplesoft customer relationship management,366,31,335,0.08469945355191257,-0.4532644452039336,0.4532644452039336
community service,98,8,90,0.08163265306122448,-0.4529137218333936,0.4529137218333936
medical device product development,98,8,90,0.08163265306122448,-0.4529137218333936,0.4529137218333936
higher education research,482,41,441,0.08506224066390042,-0.4521146274311465,0.4521146274311465
creative problem solving,377,32,345,0.08488063660477453,-0.45138258849581714,0.45138258849581714
product roadmap management,76,14,62,0.18421052631578946,0.4513520580603885,0.4513520580603885
syllabus development,527,45,482,0.08538899430740038,-0.4488986294459205,0.4488986294459205
office,28,2,26,0.07142857142857142,-0.4484840357418056,0.4484840357418056
product roadmap development,28,2,26,0.07142857142857142,-0.4484840357418056,0.4484840357418056
classroom,28,2,26,0.07142857142857142,-0.4484840357418056,0.4484840357418056
patient counseling,28,2,26,0.07142857142857142,-0.4484840357418056,0.4484840357418056
structural bioinformatics,28,2,26,0.07142857142857142,-0.4484840357418056,0.4484840357418056
food service management,28,2,26,0.07142857142857142,-0.4484840357418056,0.4484840357418056
databricks,28,2,26,0.07142857142857142,-0.4484840357418056,0.4484840357418056
user advocacy,28,2,26,0.07142857142857142,-0.4484840357418056,0.4484840357418056
sustainability,28,2,26,0.07142857142857142,-0.4484840357418056,0.4484840357418056
scrum theory,28,2,26,0.07142857142857142,-0.4484840357418056,0.4484840357418056
residential,28,2,26,0.07142857142857142,-0.4484840357418056,0.4484840357418056
jira align,28,2,26,0.07142857142857142,-0.4484840357418056,0.4484840357418056
adaptive leadership,28,2,26,0.07142857142857142,-0.4484840357418056,0.4484840357418056
personnel management,28,2,26,0.07142857142857142,-0.4484840357418056,0.4484840357418056
teradata sql,86,7,79,0.08139534883720931,-0.4484840357418056,0.4484840357418056
mysql mariadb,167,31,136,0.18562874251497005,0.4460328965827891,0.4460328965827891
geometric dimensioning and tolerancing,55,10,45,0.18181818181818182,0.4460328965827882,0.4460328965827882
front end engineering design,23,4,19,0.17391304347826086,0.4460328965827882,0.4460328965827882
environmental program management,39,7,32,0.1794871794871795,0.4460328965827882,0.4460328965827882
mlops,23,4,19,0.17391304347826086,0.4460328965827882,0.4460328965827882
semiconductor industry,23,4,19,0.17391304347826086,0.4460328965827882,0.4460328965827882
talent acquisition,23,4,19,0.17391304347826086,0.4460328965827882,0.4460328965827882
petroleum economics,23,4,19,0.17391304347826086,0.4460328965827882,0.4460328965827882
computational mathematics,39,7,32,0.1794871794871795,0.4460328965827882,0.4460328965827882
contextual advertising,23,4,19,0.17391304347826086,0.4460328965827882,0.4460328965827882
robotic process automation,23,4,19,0.17391304347826086,0.4460328965827882,0.4460328965827882
heroku,23,4,19,0.17391304347826086,0.4460328965827882,0.4460328965827882
security training,39,7,32,0.1794871794871795,0.4460328965827882,0.4460328965827882
investment properties,51,4,47,0.0784313725490196,-0.44428234888810625,0.44428234888810625
business intelligence data modeling,51,4,47,0.0784313725490196,-0.44428234888810625,0.44428234888810625
software sales management,51,4,47,0.0784313725490196,-0.44428234888810625,0.44428234888810625
online advertising,155,13,142,0.08387096774193549,-0.44428234888810536,0.44428234888810536
sales funnel,74,6,68,0.08108108108108109,-0.4426616029903725,0.4426616029903725
media research,74,6,68,0.08108108108108109,-0.4426616029903725,0.4426616029903725
english skills,97,8,89,0.08247422680412371,-0.44180249640832336,0.44180249640832336
seaborn,66,12,54,0.18181818181818182,0.43989790801527295,0.43989790801527295
engineering management,50,9,41,0.18,0.4379683367460583,0.4379683367460583
java software development,50,9,41,0.18,0.4379683367460583,0.4379683367460583
sales prospecting,34,6,28,0.17647058823529413,0.4342680550032023,0.4342680550032023
test statistics,34,6,28,0.17647058823529413,0.4342680550032023,0.4342680550032023
consumer lending,34,6,28,0.17647058823529413,0.4342680550032023,0.4342680550032023
reliability testing,34,6,28,0.17647058823529413,0.4342680550032023,0.4342680550032023
fixed asset management,61,11,50,0.18032786885245902,0.4327436644641063,0.4327436644641063
customer portfolio management,61,11,50,0.18032786885245902,0.4327436644641063,0.4327436644641063
user interaction,61,11,50,0.18032786885245902,0.4327436644641063,0.4327436644641063
clinical product development,39,3,36,0.07692307692307693,-0.4321793267168621,0.4321793267168621
healthcare consulting,39,3,36,0.07692307692307693,-0.4321793267168621,0.4321793267168621
instagram marketing,39,3,36,0.07692307692307693,-0.4321793267168621,0.4321793267168621
communication,39,3,36,0.07692307692307693,-0.4321793267168621,0.4321793267168621
strategy,39,3,36,0.07692307692307693,-0.4321793267168621,0.4321793267168621
professional communication,96,8,88,0.08333333333333333,-0.43056642314139726,0.43056642314139726
technical problem solving,976,180,796,0.18442622950819673,0.4278736137990484,0.4278736137990484
operational due diligence,18,3,15,0.16666666666666666,0.42429290994638347,0.42429290994638347
user interface design,18,3,15,0.16666666666666666,0.42429290994638347,0.42429290994638347
piecewise linear electrical circuit simulation,18,3,15,0.16666666666666666,0.42429290994638347,0.42429290994638347
peoplesoft project portfolio management,18,3,15,0.16666666666666666,0.42429290994638347,0.42429290994638347
wireshark,18,3,15,0.16666666666666666,0.42429290994638347,0.42429290994638347
software solution sales,18,3,15,0.16666666666666666,0.42429290994638347,0.42429290994638347
operational efficiency,18,3,15,0.16666666666666666,0.42429290994638347,0.42429290994638347
manually coded english,18,3,15,0.16666666666666666,0.42429290994638347,0.42429290994638347
hyperion financial reporting,18,3,15,0.16666666666666666,0.42429290994638347,0.42429290994638347
query optimization,18,3,15,0.16666666666666666,0.42429290994638347,0.42429290994638347
cross functional process improvement,56,10,46,0.17857142857142858,0.4242929099463826,0.4242929099463826
business analysis,219,40,179,0.182648401826484,0.4234967315603755,0.4234967315603755
private equity fund,181,33,148,0.18232044198895028,0.4233304459644822,0.4233304459644822
mentoring,84,7,77,0.08333333333333333,-0.42300495044082087,0.42300495044082087
behavioral interviewing,16,1,15,0.0625,-0.42300495044082,0.42300495044082
sales consulting,16,1,15,0.0625,-0.42300495044082,0.42300495044082
amazon marketing services,16,1,15,0.0625,-0.42300495044082,0.42300495044082
army battle command systems,16,1,15,0.0625,-0.42300495044082,0.42300495044082
sports biomechanics,16,1,15,0.0625,-0.42300495044082,0.42300495044082
algorithmic trading,16,1,15,0.0625,-0.42300495044082,0.42300495044082
affordable housing,16,1,15,0.0625,-0.42300495044082,0.42300495044082
supply management,16,1,15,0.0625,-0.42300495044082,0.42300495044082
supplier quality management,16,1,15,0.0625,-0.42300495044082,0.42300495044082
sensor fusion,16,1,15,0.0625,-0.42300495044082,0.42300495044082
structural engineering,16,1,15,0.0625,-0.42300495044082,0.42300495044082
brand recognition,16,1,15,0.0625,-0.42300495044082,0.42300495044082
relational database management,16,1,15,0.0625,-0.42300495044082,0.42300495044082
supplier quality,16,1,15,0.0625,-0.42300495044082,0.42300495044082
enrollment management,16,1,15,0.0625,-0.42300495044082,0.42300495044082
facilitator,16,1,15,0.0625,-0.42300495044082,0.42300495044082
marketing automation,16,1,15,0.0625,-0.42300495044082,0.42300495044082
immunohistochemistry,16,1,15,0.0625,-0.42300495044082,0.42300495044082
data governance,16,1,15,0.0625,-0.42300495044082,0.42300495044082
identifying sales opportunities,16,1,15,0.0625,-0.42300495044082,0.42300495044082
investment law,16,1,15,0.0625,-0.42300495044082,0.42300495044082
mechanical design,16,1,15,0.0625,-0.42300495044082,0.42300495044082
minmax inventory control,16,1,15,0.0625,-0.42300495044082,0.42300495044082
miro,16,1,15,0.0625,-0.42300495044082,0.42300495044082
concept art,16,1,15,0.0625,-0.42300495044082,0.42300495044082
pediatric care,16,1,15,0.0625,-0.42300495044082,0.42300495044082
desktop management,16,1,15,0.0625,-0.42300495044082,0.42300495044082
electronics repair,16,1,15,0.0625,-0.42300495044082,0.42300495044082
environmental economics,16,1,15,0.0625,-0.42300495044082,0.42300495044082
keyword advertising,16,1,15,0.0625,-0.42300495044082,0.42300495044082
fulfillment management,16,1,15,0.0625,-0.42300495044082,0.42300495044082
customer loyalty,16,1,15,0.0625,-0.42300495044082,0.42300495044082
organic chemistry,16,1,15,0.0625,-0.42300495044082,0.42300495044082
food safety and sanitation,16,1,15,0.0625,-0.42300495044082,0.42300495044082
customer acquisition management,16,1,15,0.0625,-0.42300495044082,0.42300495044082
health information technology for economic and clinical health act,16,1,15,0.0625,-0.42300495044082,0.42300495044082
digital sales,16,1,15,0.0625,-0.42300495044082,0.42300495044082
healthcare common procedure coding systems,16,1,15,0.0625,-0.42300495044082,0.42300495044082
health services research,16,1,15,0.0625,-0.42300495044082,0.42300495044082
engineering studies,16,1,15,0.0625,-0.42300495044082,0.42300495044082
numerical analysis,16,1,15,0.0625,-0.42300495044082,0.42300495044082
data warehousing concepts,16,1,15,0.0625,-0.42300495044082,0.42300495044082
environmental compliance assessment,16,1,15,0.0625,-0.42300495044082,0.42300495044082
database indexes,16,1,15,0.0625,-0.42300495044082,0.42300495044082
product leadership,578,106,472,0.18339100346020762,0.4224772035918982,0.4224772035918982
algorithm development,129,11,118,0.08527131782945736,-0.42019595982976554,0.42019595982976554
strategic sales,174,15,159,0.08620689655172414,-0.4188339329234827,0.4188339329234827
lua,29,5,24,0.1724137931034483,0.41844494006396005,0.41844494006396005
youth athletics,29,5,24,0.1724137931034483,0.41844494006396005,0.41844494006396005
digital marketing production,140,12,128,0.08571428571428572,-0.4178302946508028,0.4178302946508028
economic data analysis,61,5,56,0.08196721311475409,-0.41712258053775386,0.41712258053775386
distributed team management,106,9,97,0.08490566037735849,-0.41619061402109025,0.41619061402109025
lean project management,40,7,33,0.175,0.4157275470874593,0.4157275470874593
matlab,2728,242,2486,0.08870967741935484,-0.4152597024010394,0.4152597024010394
microsoft outlook,207,18,189,0.08695652173913043,-0.4142483270619861,0.4142483270619861
product data management,51,9,42,0.17647058823529413,0.4141576880523399,0.4141576880523399
ibm assembly language and successors,62,11,51,0.1774193548387097,0.4131351930757301,0.4131351930757301
arduino uno,221,40,181,0.18099547511312217,0.4124162857838036,0.4124162857838036
integrated marketing communications,229,20,209,0.08733624454148471,-0.4119288878416141,0.4119288878416141
legal research,353,64,289,0.1813031161473088,0.4108798921648926,0.4108798921648926
linkedin sales navigator,27,2,25,0.07407407407407407,-0.4100177549140094,0.4100177549140094
java database connectivity,27,2,25,0.07407407407407407,-0.4100177549140094,0.4100177549140094
analysis,27,2,25,0.07407407407407407,-0.4100177549140094,0.4100177549140094
crossindustry standard process for data mining,27,2,25,0.07407407407407407,-0.4100177549140094,0.4100177549140094
robot programming,27,2,25,0.07407407407407407,-0.4100177549140094,0.4100177549140094
communication protocols,27,2,25,0.07407407407407407,-0.4100177549140094,0.4100177549140094
automotive communication protocols,27,2,25,0.07407407407407407,-0.4100177549140094,0.4100177549140094
sports broadcasting,27,2,25,0.07407407407407407,-0.4100177549140094,0.4100177549140094
credit valuation,27,2,25,0.07407407407407407,-0.4100177549140094,0.4100177549140094
adobe illustrator,553,49,504,0.08860759493670886,-0.40922520484280334,0.40922520484280334
communications law,497,90,407,0.18108651911468812,0.40767888340117864,0.40767888340117864
direct mail fundraising,105,9,96,0.08571428571428572,-0.40588124436222905,0.40588124436222905
computer vision,283,51,232,0.18021201413427562,0.40506154801849537,0.40506154801849537
product launch readiness,38,3,35,0.07894736842105263,-0.4043997626097866,0.4043997626097866
keyword research,38,3,35,0.07894736842105263,-0.4043997626097866,0.4043997626097866
recruiter,38,3,35,0.07894736842105263,-0.4043997626097866,0.4043997626097866
sales process development,38,3,35,0.07894736842105263,-0.4043997626097866,0.4043997626097866
foreign policy,38,3,35,0.07894736842105263,-0.4043997626097866,0.4043997626097866
nosql,57,10,47,0.17543859649122806,0.4030155114990972,0.4030155114990972
postman api platform,57,10,47,0.17543859649122806,0.4030155114990972,0.4030155114990972
dynamic simulation,46,8,38,0.17391304347826086,0.4017778875787483,0.4017778875787483
large language models,238,21,217,0.08823529411764706,-0.401775950018906,0.401775950018906
unity connection,118,21,97,0.17796610169491525,0.4005705225060314,0.4005705225060314
income tax preparation,35,6,29,0.17142857142857143,0.3997818789320329,0.3997818789320329
organizational change management,35,6,29,0.17142857142857143,0.3997818789320329,0.3997818789320329
plant design management system,35,6,29,0.17142857142857143,0.3997818789320329,0.3997818789320329
java ee connector architecture,35,6,29,0.17142857142857143,0.3997818789320329,0.3997818789320329
php modules,60,5,55,0.08333333333333333,-0.39926496313774784,0.39926496313774784
highspeed printed circuit board design,96,17,79,0.17708333333333334,0.3988138246453987,0.3988138246453987
investment planning,24,4,20,0.16666666666666666,0.39602247600812746,0.39602247600812746
financial reporting systems,24,4,20,0.16666666666666666,0.39602247600812746,0.39602247600812746
public key cryptography standards,24,4,20,0.16666666666666666,0.39602247600812746,0.39602247600812746
confidence,24,4,20,0.16666666666666666,0.39602247600812746,0.39602247600812746
analog electronics,24,4,20,0.16666666666666666,0.39602247600812746,0.39602247600812746
regression testing,24,4,20,0.16666666666666666,0.39602247600812746,0.39602247600812746
exploratory data analysis,369,33,336,0.08943089430894309,-0.3946827448775463,0.3946827448775463
it portfolio management,63,11,52,0.1746031746031746,0.393903831147842,0.393903831147842
strategy execution,63,11,52,0.1746031746031746,0.393903831147842,0.393903831147842
git stash,91,16,75,0.17582417582417584,0.3915976900277718,0.3915976900277718
postgresql databases,303,54,249,0.1782178217821782,0.3911117518538405,0.3911117518538405
microsoft dynamics finance,52,9,43,0.17307692307692307,0.39090082588807196,0.39090082588807196
amt asset management software,52,9,43,0.17307692307692307,0.39090082588807196,0.39090082588807196
collaborative problem solving,367,33,334,0.08991825613079019,-0.38872147536104684,0.38872147536104684
aspen hysys,13,2,11,0.15384615384615385,0.3863136618811662,0.3863136618811662
three.js,13,2,11,0.15384615384615385,0.3863136618811662,0.3863136618811662
ember cli,13,2,11,0.15384615384615385,0.3863136618811662,0.3863136618811662
human resource development,13,2,11,0.15384615384615385,0.3863136618811662,0.3863136618811662
microsoft azure expressroute,13,2,11,0.15384615384615385,0.3863136618811662,0.3863136618811662
embedded operating systems,13,2,11,0.15384615384615385,0.3863136618811662,0.3863136618811662
court documents,13,2,11,0.15384615384615385,0.3863136618811662,0.3863136618811662
support vector machine,13,2,11,0.15384615384615385,0.3863136618811662,0.3863136618811662
svelte,13,2,11,0.15384615384615385,0.3863136618811662,0.3863136618811662
network security policy,13,2,11,0.15384615384615385,0.3863136618811662,0.3863136618811662
japanese business culture,13,2,11,0.15384615384615385,0.3863136618811662,0.3863136618811662
sports industry,13,2,11,0.15384615384615385,0.3863136618811662,0.3863136618811662
automotive repair,13,2,11,0.15384615384615385,0.3863136618811662,0.3863136618811662
accurate record keeping,13,2,11,0.15384615384615385,0.3863136618811662,0.3863136618811662
phone system administration,13,2,11,0.15384615384615385,0.3863136618811662,0.3863136618811662
strategic initiatives,13,2,11,0.15384615384615385,0.3863136618811662,0.3863136618811662
gas chromatography,13,2,11,0.15384615384615385,0.3863136618811662,0.3863136618811662
gel permeation chromatography,13,2,11,0.15384615384615385,0.3863136618811662,0.3863136618811662
strategic marketing consultancy,13,2,11,0.15384615384615385,0.3863136618811662,0.3863136618811662
operational strategy,13,2,11,0.15384615384615385,0.3863136618811662,0.3863136618811662
opengl shading language,13,2,11,0.15384615384615385,0.3863136618811662,0.3863136618811662
font management,13,2,11,0.15384615384615385,0.3863136618811662,0.3863136618811662
trend analysis,13,2,11,0.15384615384615385,0.3863136618811662,0.3863136618811662
microsoft sentinel,13,2,11,0.15384615384615385,0.3863136618811662,0.3863136618811662
electrical design software,13,2,11,0.15384615384615385,0.3863136618811662,0.3863136618811662
interactive programming,13,2,11,0.15384615384615385,0.3863136618811662,0.3863136618811662
bond program loans,13,2,11,0.15384615384615385,0.3863136618811662,0.3863136618811662
nltk,13,2,11,0.15384615384615385,0.3863136618811662,0.3863136618811662
project delivery methods,13,2,11,0.15384615384615385,0.3863136618811662,0.3863136618811662
socketio,13,2,11,0.15384615384615385,0.3863136618811662,0.3863136618811662
php laravel,13,2,11,0.15384615384615385,0.3863136618811662,0.3863136618811662
offshore software development,13,2,11,0.15384615384615385,0.3863136618811662,0.3863136618811662
stock market,13,2,11,0.15384615384615385,0.3863136618811662,0.3863136618811662
proof of concept development,13,2,11,0.15384615384615385,0.3863136618811662,0.3863136618811662
theoretical computer science,136,12,124,0.08823529411764706,-0.386207106220291,0.386207106220291
technical accounting research,198,35,163,0.17676767676767677,0.3850896715202783,0.3850896715202783
interdisciplinary teaching,103,9,94,0.08737864077669903,-0.38493807051698603,0.38493807051698603
rapid prototyping,81,7,74,0.08641975308641975,-0.3835261394670333,0.3835261394670333
decision science,204,36,168,0.17647058823529413,0.3827464761722448,0.3827464761722448
financial statement analysis,70,6,64,0.08571428571428572,-0.38249308152392025,0.38249308152392025
mechanical engineering,70,6,64,0.08571428571428572,-0.38249308152392025,0.38249308152392025
gotomarket strategy,58,10,48,0.1724137931034483,0.38218142459625515,0.38218142459625515
julia,58,10,48,0.1724137931034483,0.38218142459625515,0.38218142459625515
embedded linux,59,5,54,0.0847457627118644,-0.3810826440545574,0.3810826440545574
multichannel marketing,59,5,54,0.0847457627118644,-0.3810826440545574,0.3810826440545574
end user research,59,5,54,0.0847457627118644,-0.3810826440545574,0.3810826440545574
industrial communication protocols,59,5,54,0.0847457627118644,-0.3810826440545574,0.3810826440545574
business development company,146,13,133,0.08904109589041095,-0.37904182701970424,0.37904182701970424
agile leadership,92,16,76,0.17391304347826086,0.3784396054502608,0.3784396054502608
family wealth management,92,16,76,0.17391304347826086,0.3784396054502608,0.3784396054502608
unix tools,30,5,25,0.16666666666666666,0.3784396054502608,0.3784396054502608
research analyst,459,81,378,0.17647058823529413,0.37675691274552925,0.37675691274552925
javascript build,47,8,39,0.1702127659574468,0.37613545696541006,0.37613545696541006
sql lite,64,11,53,0.171875,0.3750353468434593,0.3750353468434593
motion graphic design,297,27,270,0.09090909090909091,-0.37371612823779454,0.37371612823779454
mechanical product design,91,8,83,0.08791208791208792,-0.372410502984323,0.372410502984323
arts administration,26,2,24,0.07692307692307693,-0.3700124203003101,0.3700124203003101
cash handling,26,2,24,0.07692307692307693,-0.3700124203003101,0.3700124203003101
fluid mechanics,26,2,24,0.07692307692307693,-0.3700124203003101,0.3700124203003101
constituent services,26,2,24,0.07692307692307693,-0.3700124203003101,0.3700124203003101
sales contracts,26,2,24,0.07692307692307693,-0.3700124203003101,0.3700124203003101
electrical,26,2,24,0.07692307692307693,-0.3700124203003101,0.3700124203003101
interior design psychology,26,2,24,0.07692307692307693,-0.3700124203003101,0.3700124203003101
oracle linux,26,2,24,0.07692307692307693,-0.3700124203003101,0.3700124203003101
teaching license,70,12,58,0.17142857142857143,0.369071855446661,0.369071855446661
social media branding,328,30,298,0.09146341463414634,-0.3686732838430751,0.3686732838430751
statistical analysis software,53,9,44,0.16981132075471697,0.368172574810516,0.368172574810516
fastapi,53,9,44,0.16981132075471697,0.368172574810516,0.368172574810516
genetic algorithm,53,9,44,0.16981132075471697,0.368172574810516,0.368172574810516
jira studio,53,9,44,0.16981132075471697,0.368172574810516,0.368172574810516
computational science and engineering,326,57,269,0.17484662576687116,0.3675865228304689,0.3675865228304689
academic program management,166,15,151,0.09036144578313253,-0.3673756356480071,0.3673756356480071
supervising,69,6,63,0.08695652173913043,-0.3668677636208395,0.3668677636208395
minority business development,36,6,30,0.16666666666666666,0.3664454586644412,0.3664454586644412
python,959,168,791,0.17518248175182483,0.36537583584756517,0.36537583584756517
microsoft java virtual machines,101,9,92,0.0891089108910891,-0.36354688053566875,0.36354688053566875
design leadership,101,9,92,0.0891089108910891,-0.36354688053566875,0.36354688053566875
social media advertising,470,82,388,0.17446808510638298,0.3628750889091492,0.3628750889091492
environmental engineering,58,5,53,0.08620689655172414,-0.3625635962873197,0.3625635962873197
adobe indesign,294,27,267,0.09183673469387756,-0.3625635962873197,0.3625635962873197
automated manufacturing practices,19,3,16,0.15789473684210525,0.36177255296504907,0.36177255296504907
haskell,19,3,16,0.15789473684210525,0.36177255296504907,0.36177255296504907
levantine arabic language,19,3,16,0.15789473684210525,0.36177255296504907,0.36177255296504907
corporate real estate,19,3,16,0.15789473684210525,0.36177255296504907,0.36177255296504907
data privacy laws,19,3,16,0.15789473684210525,0.36177255296504907,0.36177255296504907
ml engineering,19,3,16,0.15789473684210525,0.36177255296504907,0.36177255296504907
microsoft,3405,595,2810,0.17474302496328928,0.36065367172944085,0.36065367172944085
employee training,122,11,111,0.09016393442622951,-0.3593075901547529,0.3593075901547529
social data analytics,168,29,139,0.17261904761904762,0.3586956274605697,0.3586956274605697
responsive html,42,7,35,0.16666666666666666,0.35774028943710956,0.35774028943710956
sap technology consulting,42,7,35,0.16666666666666666,0.35774028943710956,0.35774028943710956
crossfunctional coordination,42,7,35,0.16666666666666666,0.35774028943710956,0.35774028943710956
corporate tax planning,237,41,196,0.1729957805907173,0.3574009613035529,0.3574009613035529
bioprocess engineering,47,4,43,0.0851063829787234,-0.3563135759421492,0.3563135759421492
beverage sales,47,4,43,0.0851063829787234,-0.3563135759421492,0.3563135759421492
hardware troubleshooting,47,4,43,0.0851063829787234,-0.3563135759421492,0.3563135759421492
j2c java to c converter,47,4,43,0.0851063829787234,-0.3563135759421492,0.3563135759421492
material characterization,15,1,14,0.06666666666666667,-0.3563135759421483,0.3563135759421483
interview preparation,15,1,14,0.06666666666666667,-0.3563135759421483,0.3563135759421483
computer animation,15,1,14,0.06666666666666667,-0.3563135759421483,0.3563135759421483
analytical skills,15,1,14,0.06666666666666667,-0.3563135759421483,0.3563135759421483
software design principles,15,1,14,0.06666666666666667,-0.3563135759421483,0.3563135759421483
entertainment services,15,1,14,0.06666666666666667,-0.3563135759421483,0.3563135759421483
psychiatric and mental health nursing,15,1,14,0.06666666666666667,-0.3563135759421483,0.3563135759421483
optical character recognition,15,1,14,0.06666666666666667,-0.3563135759421483,0.3563135759421483
visual journalism,15,1,14,0.06666666666666667,-0.3563135759421483,0.3563135759421483
consumer insight,15,1,14,0.06666666666666667,-0.3563135759421483,0.3563135759421483
sustainable management,15,1,14,0.06666666666666667,-0.3563135759421483,0.3563135759421483
political consulting,15,1,14,0.06666666666666667,-0.3563135759421483,0.3563135759421483
cad tools,15,1,14,0.06666666666666667,-0.3563135759421483,0.3563135759421483
task force management,15,1,14,0.06666666666666667,-0.3563135759421483,0.3563135759421483
store marketing,15,1,14,0.06666666666666667,-0.3563135759421483,0.3563135759421483
climate change,15,1,14,0.06666666666666667,-0.3563135759421483,0.3563135759421483
fashion shows,15,1,14,0.06666666666666667,-0.3563135759421483,0.3563135759421483
facebook blueprint,15,1,14,0.06666666666666667,-0.3563135759421483,0.3563135759421483
presales engineering,15,1,14,0.06666666666666667,-0.3563135759421483,0.3563135759421483
key metrics,15,1,14,0.06666666666666667,-0.3563135759421483,0.3563135759421483
automotive training,15,1,14,0.06666666666666667,-0.3563135759421483,0.3563135759421483
functional management,15,1,14,0.06666666666666667,-0.3563135759421483,0.3563135759421483
validation protocols,15,1,14,0.06666666666666667,-0.3563135759421483,0.3563135759421483
radio frequency engineering,15,1,14,0.06666666666666667,-0.3563135759421483,0.3563135759421483
project engineer,303,28,275,0.0924092409240924,-0.3563135759421483,0.3563135759421483
unix linux,15,1,14,0.06666666666666667,-0.3563135759421483,0.3563135759421483
museum collections,15,1,14,0.06666666666666667,-0.3563135759421483,0.3563135759421483
technical engineering,15,1,14,0.06666666666666667,-0.3563135759421483,0.3563135759421483
joint worldwide intelligence communications system,15,1,14,0.06666666666666667,-0.3563135759421483,0.3563135759421483
data reporting,15,1,14,0.06666666666666667,-0.3563135759421483,0.3563135759421483
bioorganic chemistry,15,1,14,0.06666666666666667,-0.3563135759421483,0.3563135759421483
website content management systems,15,1,14,0.06666666666666667,-0.3563135759421483,0.3563135759421483
priority setting,15,1,14,0.06666666666666667,-0.3563135759421483,0.3563135759421483
cost benefit analysis,15,1,14,0.06666666666666667,-0.3563135759421483,0.3563135759421483
testing,15,1,14,0.06666666666666667,-0.3563135759421483,0.3563135759421483
advertising production,15,1,14,0.06666666666666667,-0.3563135759421483,0.3563135759421483
opengl es,15,1,14,0.06666666666666667,-0.3563135759421483,0.3563135759421483
figma,404,70,334,0.17326732673267325,0.35534579562615587,0.35534579562615587
architectural leadership,100,9,91,0.09,-0.3526772082987648,0.3526772082987648
microsoft enterprise project management,48,8,40,0.16666666666666666,0.3511341547599933,0.3511341547599933
test of english as a foreign language,233,40,193,0.17167381974248927,0.348394427018873,0.348394427018873
sap supply chain management,25,4,21,0.16,0.3483944270188726,0.3483944270188726
software development tools,25,4,21,0.16,0.3483944270188726,0.3483944270188726
query writing,77,13,64,0.16883116883116883,0.3483944270188726,0.3483944270188726
sql clustering,25,4,21,0.16,0.3483944270188726,0.3483944270188726
third party vendor management,25,4,21,0.16,0.3483944270188726,0.3483944270188726
enterprise software sales,25,4,21,0.16,0.3483944270188726,0.3483944270188726
software as a service,77,13,64,0.16883116883116883,0.3483944270188726,0.3483944270188726
salesforce,89,8,81,0.0898876404494382,-0.3481668913743299,0.3481668913743299
probability theories,36,3,33,0.08333333333333333,-0.3464125049594369,0.3464125049594369
computational science,110,10,100,0.09090909090909091,-0.3464125049594369,0.3464125049594369
climate change adaptation,36,3,33,0.08333333333333333,-0.3464125049594369,0.3464125049594369
diversity program development,36,3,33,0.08333333333333333,-0.3464125049594369,0.3464125049594369
direct response television,36,3,33,0.08333333333333333,-0.3464125049594369,0.3464125049594369
microsoft teams voice,36,3,33,0.08333333333333333,-0.3464125049594369,0.3464125049594369
businesstobusiness marketing,36,3,33,0.08333333333333333,-0.3464125049594369,0.3464125049594369
adobe audition,36,3,33,0.08333333333333333,-0.3464125049594369,0.3464125049594369
numerical linear algebra,118,20,98,0.1694915254237288,0.34273830334253574,0.34273830334253574
predictive modeling,78,7,71,0.08974358974358974,-0.34242446378148195,0.34242446378148195
html formatting,60,10,50,0.16666666666666666,0.3417718862583792,0.3417718862583792
tensorflow,246,42,204,0.17073170731707318,0.34130606582373035,0.34130606582373035
autocad civil,446,42,404,0.09417040358744394,-0.34077769519195966,0.34077769519195966
software requirements analysis,31,5,26,0.16129032258064516,0.33997332462246455,0.33997332462246455
sap inventory management software,31,5,26,0.16129032258064516,0.33997332462246455,0.33997332462246455
scope change management,31,5,26,0.16129032258064516,0.33997332462246455,0.33997332462246455
us regulatory compliance,31,5,26,0.16129032258064516,0.33997332462246455,0.33997332462246455
genome editing,235,22,213,0.09361702127659574,-0.3377515580820889,0.3377515580820889
esprit autocad,203,19,184,0.09359605911330049,-0.3348650325346654,0.3348650325346654
cybersecurity tools,67,6,61,0.08955223880597014,-0.3348650325346654,0.3348650325346654
internet business strategy,417,71,346,0.17026378896882494,0.33418459644622,0.33418459644622
economic forecasting,37,6,31,0.16216216216216217,0.3341845964462191,0.3341845964462191
business networking,46,4,42,0.08695652173913043,-0.33305671377788126,0.33305671377788126
computational biology,46,4,42,0.08695652173913043,-0.33305671377788126,0.33305671377788126
pre litigation,46,4,42,0.08695652173913043,-0.33305671377788126,0.33305671377788126
technical communication,46,4,42,0.08695652173913043,-0.33305671377788126,0.33305671377788126
legal due diligence,43,7,36,0.16279069767441862,0.32996072533003407,0.32996072533003407
social media marketing,879,84,795,0.09556313993174062,-0.3298493480384974,0.3298493480384974
computer hardware troubleshooting,25,2,23,0.08,-0.32833972389974253,0.32833972389974253
german law,25,2,23,0.08,-0.32833972389974253,0.32833972389974253
agricultural economics,25,2,23,0.08,-0.32833972389974253,0.32833972389974253
continuous integration,25,2,23,0.08,-0.32833972389974253,0.32833972389974253
unsupervised learning,25,2,23,0.08,-0.32833972389974253,0.32833972389974253
regression models,25,2,23,0.08,-0.32833972389974253,0.32833972389974253
iphone development,25,2,23,0.08,-0.32833972389974253,0.32833972389974253
software solution architecture,25,2,23,0.08,-0.32833972389974253,0.32833972389974253
partial differential equation,25,2,23,0.08,-0.32833972389974253,0.32833972389974253
digital sketching,25,2,23,0.08,-0.32833972389974253,0.32833972389974253
linux network administration,25,2,23,0.08,-0.32833972389974253,0.32833972389974253
static html,25,2,23,0.08,-0.32833972389974253,0.32833972389974253
high analytical skills,2067,199,1868,0.09627479438800193,-0.3247070472194049,0.3247070472194049
analog circuit design,55,9,46,0.16363636363636364,0.32420945138940027,0.32420945138940027
reactjs,303,51,252,0.16831683168316833,0.32254052433049196,0.32254052433049196
informatica data management,73,12,61,0.1643835616438356,0.31906143487199934,0.31906143487199934
macroeconomics,66,6,60,0.09090909090909091,-0.31847122275898876,0.31847122275898876
latex,1086,105,981,0.09668508287292818,-0.318001095424179,0.318001095424179
comsol,35,3,32,0.08571428571428572,-0.31610715546410795,0.31610715546410795
account strategy,35,3,32,0.08571428571428572,-0.31610715546410795,0.31610715546410795
accounting analysis,35,3,32,0.08571428571428572,-0.31610715546410795,0.31610715546410795
openai api,35,3,32,0.08571428571428572,-0.31610715546410795,0.31610715546410795
design for manufacturing,97,16,81,0.16494845360824742,0.31512732603593463,0.31512732603593463
philosophy of science,158,15,143,0.0949367088607595,-0.31312504589825885,0.31312504589825885
google analytics 360,45,4,41,0.08888888888888889,-0.30924606508416286,0.30924606508416286
training datasets,137,13,124,0.0948905109489051,-0.30924606508416286,0.30924606508416286
server side javascript,45,4,41,0.08888888888888889,-0.30924606508416286,0.30924606508416286
board leadership,45,4,41,0.08888888888888889,-0.30924606508416286,0.30924606508416286
marketing spending,55,5,50,0.09090909090909091,-0.3048552786666727,0.3048552786666727
multilingualism,55,5,50,0.09090909090909091,-0.3048552786666727,0.3048552786666727
operational planning,116,11,105,0.09482758620689655,-0.3039939521707007,0.3039939521707007
series 63,14,2,12,0.14285714285714285,0.3029320529421158,0.3029320529421158
java code coverage tools,14,2,12,0.14285714285714285,0.3029320529421158,0.3029320529421158
application programming interfaces,104,17,87,0.16346153846153846,0.3029320529421158,0.3029320529421158
graphical user interface testing,14,2,12,0.14285714285714285,0.3029320529421158,0.3029320529421158
java api for xml registries,14,2,12,0.14285714285714285,0.3029320529421158,0.3029320529421158
statutory financial statements,14,2,12,0.14285714285714285,0.3029320529421158,0.3029320529421158
java api for xml processing,20,3,17,0.15,0.3029320529421158,0.3029320529421158
performance-based advertising,14,2,12,0.14285714285714285,0.3029320529421158,0.3029320529421158
comsol multiphysics,14,2,12,0.14285714285714285,0.3029320529421158,0.3029320529421158
computational modeling,14,2,12,0.14285714285714285,0.3029320529421158,0.3029320529421158
api testing tools,14,2,12,0.14285714285714285,0.3029320529421158,0.3029320529421158
data extraction,14,2,12,0.14285714285714285,0.3029320529421158,0.3029320529421158
debugging tools,14,2,12,0.14285714285714285,0.3029320529421158,0.3029320529421158
deadline management,14,2,12,0.14285714285714285,0.3029320529421158,0.3029320529421158
enterprise resource planning systems,32,5,27,0.15625,0.3029320529421158,0.3029320529421158
balance sheet analysis,14,2,12,0.14285714285714285,0.3029320529421158,0.3029320529421158
career development,14,2,12,0.14285714285714285,0.3029320529421158,0.3029320529421158
data pipelines,32,5,27,0.15625,0.3029320529421158,0.3029320529421158
sap sales cloud,14,2,12,0.14285714285714285,0.3029320529421158,0.3029320529421158
screening resumes,14,2,12,0.14285714285714285,0.3029320529421158,0.3029320529421158
international economic law,74,12,62,0.16216216216216217,0.3029320529421158,0.3029320529421158
international political economy,20,3,17,0.15,0.3029320529421158,0.3029320529421158
human-centered design,14,2,12,0.14285714285714285,0.3029320529421158,0.3029320529421158
international project management,20,3,17,0.15,0.3029320529421158,0.3029320529421158
engineering disciplines,14,2,12,0.14285714285714285,0.3029320529421158,0.3029320529421158
microsoft robotics developer studio,14,2,12,0.14285714285714285,0.3029320529421158,0.3029320529421158
core java,14,2,12,0.14285714285714285,0.3029320529421158,0.3029320529421158
cad,14,2,12,0.14285714285714285,0.3029320529421158,0.3029320529421158
secure communications,14,2,12,0.14285714285714285,0.3029320529421158,0.3029320529421158
engineered drawings,20,3,17,0.15,0.3029320529421158,0.3029320529421158
cnc programming,20,3,17,0.15,0.3029320529421158,0.3029320529421158
securities trading,14,2,12,0.14285714285714285,0.3029320529421158,0.3029320529421158
active directory lightweight directory services,20,3,17,0.15,0.3029320529421158,0.3029320529421158
jazz improvisation,14,2,12,0.14285714285714285,0.3029320529421158,0.3029320529421158
linux on system z,20,3,17,0.15,0.3029320529421158,0.3029320529421158
linear programming,14,2,12,0.14285714285714285,0.3029320529421158,0.3029320529421158
kicad,20,3,17,0.15,0.3029320529421158,0.3029320529421158
leadership,14,2,12,0.14285714285714285,0.3029320529421158,0.3029320529421158
virtual prototyping,20,3,17,0.15,0.3029320529421158,0.3029320529421158
visual web developer,14,2,12,0.14285714285714285,0.3029320529421158,0.3029320529421158
vertical machining center,14,2,12,0.14285714285714285,0.3029320529421158,0.3029320529421158
customer due diligence,14,2,12,0.14285714285714285,0.3029320529421158,0.3029320529421158
blown film extrusion,14,2,12,0.14285714285714285,0.3029320529421158,0.3029320529421158
foreign military sales,14,2,12,0.14285714285714285,0.3029320529421158,0.3029320529421158
reflow soldering,14,2,12,0.14285714285714285,0.3029320529421158,0.3029320529421158
customer service,14,2,12,0.14285714285714285,0.3029320529421158,0.3029320529421158
artificial intelligence systems,14,2,12,0.14285714285714285,0.3029320529421158,0.3029320529421158
archival management,14,2,12,0.14285714285714285,0.3029320529421158,0.3029320529421158
asset allocation,20,3,17,0.15,0.3029320529421158,0.3029320529421158
economic statistics,38,6,32,0.15789473684210525,0.3029320529421149,0.3029320529421149
manufacturing process management,38,6,32,0.15789473684210525,0.3029320529421149,0.3029320529421149
permissioned blockchains,26,4,22,0.15384615384615385,0.3029320529421149,0.3029320529421149
airport security,26,4,22,0.15384615384615385,0.3029320529421149,0.3029320529421149
algorithm analysis,26,4,22,0.15384615384615385,0.3029320529421149,0.3029320529421149
internet recruiting,44,7,37,0.1590909090909091,0.3029320529421149,0.3029320529421149
autodesk maya,26,4,22,0.15384615384615385,0.3029320529421149,0.3029320529421149
spreadsheet management,38,6,32,0.15789473684210525,0.3029320529421149,0.3029320529421149
ibm data management,152,25,127,0.16447368421052633,0.3029320529421149,0.3029320529421149
product training,38,6,32,0.15789473684210525,0.3029320529421149,0.3029320529421149
web engineering,38,6,32,0.15789473684210525,0.3029320529421149,0.3029320529421149
oracle javascript extension toolkit,126,12,114,0.09523809523809523,-0.30247621330982266,0.30247621330982266
restaurant management,65,6,59,0.09230769230769231,-0.30180417027377704,0.30180417027377704
barista,65,6,59,0.09230769230769231,-0.30180417027377704,0.30180417027377704
discrete mathematics,136,13,123,0.09558823529411764,-0.30118150524743204,0.30118150524743204
data analysis tools,1151,191,960,0.16594265855777585,0.2998037917883054,0.2998037917883054
hospitality law,85,8,77,0.09411764705882353,-0.2978418074868143,0.2978418074868143
corporate fundraising,135,13,122,0.0962962962962963,-0.293051379164182,0.293051379164182
dataflow analysis,155,15,140,0.0967741935483871,-0.29199749947238374,0.29199749947238374
team building,497,49,448,0.09859154929577464,-0.29156604654799034,0.29156604654799034
sql programming,99,16,83,0.16161616161616163,0.2908837144259415,0.2908837144259415
final cut pro,195,19,176,0.09743589743589744,-0.29053644542743484,0.29053644542743484
professional technical training,245,24,221,0.09795918367346938,-0.2893795065582925,0.2893795065582925
crossfunctional team leadership,1639,163,1476,0.09945088468578402,-0.28824674547045337,0.28824674547045337
fund accounting,75,12,63,0.16,0.2870587037858252,0.2870587037858252
working with adolescents,24,2,22,0.08333333333333333,-0.2848546119600037,0.2848546119600037
natural programming,34,3,31,0.08823529411764706,-0.2848546119600037,0.2848546119600037
microsoft project servers,34,3,31,0.08823529411764706,-0.2848546119600037,0.2848546119600037
goal setting,24,2,22,0.08333333333333333,-0.2848546119600037,0.2848546119600037
streamlined sales tax project,24,2,22,0.08333333333333333,-0.2848546119600037,0.2848546119600037
cashiering,214,21,193,0.09813084112149532,-0.2848546119600037,0.2848546119600037
video marketing,44,4,40,0.09090909090909091,-0.2848546119600037,0.2848546119600037
database marketing,24,2,22,0.08333333333333333,-0.2848546119600037,0.2848546119600037
professional networking,24,2,22,0.08333333333333333,-0.2848546119600037,0.2848546119600037
meeting facilitation,24,2,22,0.08333333333333333,-0.2848546119600037,0.2848546119600037
engineering research,74,7,67,0.0945945945945946,-0.2848546119600037,0.2848546119600037
brand strategy,114,11,103,0.09649122807017543,-0.2848546119600037,0.2848546119600037
conflict management,54,5,49,0.09259259259259259,-0.2848546119600037,0.2848546119600037
civic engagement,24,2,22,0.08333333333333333,-0.2848546119600037,0.2848546119600037
slack,54,5,49,0.09259259259259259,-0.2848546119600037,0.2848546119600037
time series analysis and forecasting,44,4,40,0.09090909090909091,-0.2848546119600037,0.2848546119600037
sales territory management,24,2,22,0.08333333333333333,-0.2848546119600037,0.2848546119600037
securities litigations,64,6,58,0.09375,-0.2848546119600037,0.2848546119600037
manufacturing systems engineering,24,2,22,0.08333333333333333,-0.2848546119600037,0.2848546119600037
java web services,84,8,76,0.09523809523809523,-0.2848546119600037,0.2848546119600037
restaurant marketing,24,2,22,0.08333333333333333,-0.2848546119600037,0.2848546119600037
energy project management,54,5,49,0.09259259259259259,-0.2848546119600037,0.2848546119600037
human computer interaction,54,5,49,0.09259259259259259,-0.2848546119600037,0.2848546119600037
docker engine,34,3,31,0.08823529411764706,-0.2848546119600037,0.2848546119600037
persuasive communication,44,4,40,0.09090909090909091,-0.2848546119600037,0.2848546119600037
amazon data pipeline,24,2,22,0.08333333333333333,-0.2848546119600037,0.2848546119600037
game engine,24,2,22,0.08333333333333333,-0.2848546119600037,0.2848546119600037
edge computing,24,2,22,0.08333333333333333,-0.2848546119600037,0.2848546119600037
point of sale system,84,8,76,0.09523809523809523,-0.2848546119600037,0.2848546119600037
managed extensibility framework,14,1,13,0.07142857142857142,-0.28485461196000283,0.28485461196000283
llvm,14,1,13,0.07142857142857142,-0.28485461196000283,0.28485461196000283
informatica data validation option,14,1,13,0.07142857142857142,-0.28485461196000283,0.28485461196000283
traditional animation,14,1,13,0.07142857142857142,-0.28485461196000283,0.28485461196000283
creative design,14,1,13,0.07142857142857142,-0.28485461196000283,0.28485461196000283
kali linux,14,1,13,0.07142857142857142,-0.28485461196000283,0.28485461196000283
amazon product advertising api,14,1,13,0.07142857142857142,-0.28485461196000283,0.28485461196000283
data management platforms,14,1,13,0.07142857142857142,-0.28485461196000283,0.28485461196000283
development,14,1,13,0.07142857142857142,-0.28485461196000283,0.28485461196000283
java business process management,14,1,13,0.07142857142857142,-0.28485461196000283,0.28485461196000283
interactive advertising,14,1,13,0.07142857142857142,-0.28485461196000283,0.28485461196000283
assay development,14,1,13,0.07142857142857142,-0.28485461196000283,0.28485461196000283
mechanical drawings,14,1,13,0.07142857142857142,-0.28485461196000283,0.28485461196000283
learning management systems,14,1,13,0.07142857142857142,-0.28485461196000283,0.28485461196000283
asp.net web forms,14,1,13,0.07142857142857142,-0.28485461196000283,0.28485461196000283
batch cooking,14,1,13,0.07142857142857142,-0.28485461196000283,0.28485461196000283
small business marketing,14,1,13,0.07142857142857142,-0.28485461196000283,0.28485461196000283
inventory analysis,14,1,13,0.07142857142857142,-0.28485461196000283,0.28485461196000283
invoice processing,14,1,13,0.07142857142857142,-0.28485461196000283,0.28485461196000283
sustainable business strategies,14,1,13,0.07142857142857142,-0.28485461196000283,0.28485461196000283
bioengineering,14,1,13,0.07142857142857142,-0.28485461196000283,0.28485461196000283
behavior management,14,1,13,0.07142857142857142,-0.28485461196000283,0.28485461196000283
electricalelectronic troubleshooting,14,1,13,0.07142857142857142,-0.28485461196000283,0.28485461196000283
oracle database appliance,14,1,13,0.07142857142857142,-0.28485461196000283,0.28485461196000283
commercial insurance,14,1,13,0.07142857142857142,-0.28485461196000283,0.28485461196000283
user acceptance testing,14,1,13,0.07142857142857142,-0.28485461196000283,0.28485461196000283
clinical strategy,14,1,13,0.07142857142857142,-0.28485461196000283,0.28485461196000283
competitive intelligence,14,1,13,0.07142857142857142,-0.28485461196000283,0.28485461196000283
upstream marketing,14,1,13,0.07142857142857142,-0.28485461196000283,0.28485461196000283
organizational culture change,14,1,13,0.07142857142857142,-0.28485461196000283,0.28485461196000283
quality auditing,14,1,13,0.07142857142857142,-0.28485461196000283,0.28485461196000283
workday human capital management,14,1,13,0.07142857142857142,-0.28485461196000283,0.28485461196000283
reverse engineering software,14,1,13,0.07142857142857142,-0.28485461196000283,0.28485461196000283
commercial aviation,14,1,13,0.07142857142857142,-0.28485461196000283,0.28485461196000283
business immigration law,14,1,13,0.07142857142857142,-0.28485461196000283,0.28485461196000283
.net framework 4,14,1,13,0.07142857142857142,-0.28485461196000283,0.28485461196000283
outlook addins,14,1,13,0.07142857142857142,-0.28485461196000283,0.28485461196000283
youth marketing,14,1,13,0.07142857142857142,-0.28485461196000283,0.28485461196000283
linux on embedded systems,191,31,160,0.16230366492146597,0.2840635686377322,0.2840635686377322
financial and business management system,63,10,53,0.15873015873015872,0.2840635686377322,0.2840635686377322
english as a second language teaching,429,70,359,0.16317016317016317,0.28326849803333776,0.28326849803333776
css frameworks,57,9,48,0.15789473684210525,0.28209796603927284,0.28209796603927284
business presentations,57,9,48,0.15789473684210525,0.28209796603927284,0.28209796603927284
agile project management tools,167,27,140,0.16167664670658682,0.28134848127494116,0.28134848127494116
mechanical engineering support,51,8,43,0.1568627450980392,0.27967519077784786,0.27967519077784786
raspberry pi,51,8,43,0.1568627450980392,0.27967519077784786,0.27967519077784786
self presentation,611,61,550,0.09983633387888707,-0.2794198159740464,0.2794198159740464
leadership studies,100,16,84,0.16,0.2789788119196235,0.2789788119196235
failure mode and effects analysis,149,24,125,0.1610738255033557,0.2787373243550588,0.2787373243550588
sales management consulting,364,59,305,0.1620879120879121,0.27639649931614985,0.27639649931614985
visual for applications,82,13,69,0.15853658536585366,0.27373289824985303,0.27373289824985303
wolfram mathematica,93,9,84,0.0967741935483871,-0.27308977038041693,0.27308977038041693
economic theories,39,6,33,0.15384615384615385,0.27262670344678597,0.27262670344678597
shareholder communications,39,6,33,0.15384615384615385,0.27262670344678597,0.27262670344678597
product design support,39,6,33,0.15384615384615385,0.27262670344678597,0.27262670344678597
sql azure,39,6,33,0.15384615384615385,0.27262670344678597,0.27262670344678597
kaizen leadership,231,23,208,0.09956709956709957,-0.2705686547125268,0.2705686547125268
avaya unified communications management,261,42,219,0.16091954022988506,0.270521808791361,0.270521808791361
econometric modeling,73,7,66,0.0958904109589041,-0.2699289617433287,0.2699289617433287
finite element analysis,181,29,152,0.16022099447513813,0.26959563267452413,0.26959563267452413
relational database design,70,11,59,0.15714285714285714,0.26874068819383634,0.26874068819383634
multinational team management,33,5,28,0.15151515151515152,0.2672139703400367,0.2672139703400367
economic modeling,33,5,28,0.15151515151515152,0.2672139703400367,0.2672139703400367
it leadership,95,15,80,0.15789473684210525,0.26495280487689943,0.26495280487689943
video game design,53,5,48,0.09433962264150944,-0.26444574032879675,0.26444574032879675
linux virtual server,58,9,49,0.15517241379310345,0.26168909440806587,0.26168909440806587
reinforcement learning,92,9,83,0.09782608695652174,-0.2611848678740989,0.2611848678740989
high performance computing,43,4,39,0.09302325581395349,-0.259853309754587,0.259853309754587
mailchimp,43,4,39,0.09302325581395349,-0.259853309754587,0.259853309754587
it contract negotiation,43,4,39,0.09302325581395349,-0.259853309754587,0.259853309754587
unit test-driven development,27,4,23,0.14814814814814814,0.2594469410023761,0.2594469410023761
stochastic calculus,27,4,23,0.14814814814814814,0.2594469410023761,0.2594469410023761
data collection systems,82,8,74,0.0975609756097561,-0.25836299651302674,0.25836299651302674
multivariable calculus,72,7,65,0.09722222222222222,-0.25477715672272616,0.25477715672272616
bilingual communications,101,10,91,0.09900990099009901,-0.2525937497417825,0.2525937497417825
unity container,33,3,30,0.09090909090909091,-0.2525937497417816,0.2525937497417816
new hire training,33,3,30,0.09090909090909091,-0.2525937497417816,0.2525937497417816
web writing,33,3,30,0.09090909090909091,-0.2525937497417816,0.2525937497417816
digital product development,33,3,30,0.09090909090909091,-0.2525937497417816,0.2525937497417816
crisis management,33,3,30,0.09090909090909091,-0.2525937497417816,0.2525937497417816
store management,46,7,39,0.15217391304347827,0.2509723140114035,0.2509723140114035
technical sales,46,7,39,0.15217391304347827,0.2509723140114035,0.2509723140114035
tutoring,159,16,143,0.10062893081761007,-0.25060468891692445,0.25060468891692445
python server pages,62,6,56,0.0967741935483871,-0.25006849587458824,0.25006849587458824
statistical data analysis,498,51,447,0.10240963855421686,-0.24972476466900373,0.24972476466900373
startups,90,14,76,0.15555555555555556,0.2492278739702538,0.2492278739702538
competitive analysis,120,12,108,0.1,-0.24865156329604243,0.24865156329604243
azure synapse analytics,21,3,18,0.14285714285714285,0.24736220178730495,0.24736220178730495
laser marksmanship training systems,21,3,18,0.14285714285714285,0.24736220178730495,0.24736220178730495
computer numerical control,21,3,18,0.14285714285714285,0.24736220178730495,0.24736220178730495
catia,153,24,129,0.1568627450980392,0.24736220178730495,0.24736220178730495
selenium,21,3,18,0.14285714285714285,0.24736220178730495,0.24736220178730495
hugging face transformers,21,3,18,0.14285714285714285,0.24736220178730495,0.24736220178730495
digital strategy development,21,3,18,0.14285714285714285,0.24736220178730495,0.24736220178730495
java native interface,21,3,18,0.14285714285714285,0.24736220178730495,0.24736220178730495
global financial services,21,3,18,0.14285714285714285,0.24736220178730495,0.24736220178730495
docker hub,21,3,18,0.14285714285714285,0.24736220178730495,0.24736220178730495
electronic design automation,21,3,18,0.14285714285714285,0.24736220178730495,0.24736220178730495
stock market analysis,84,13,71,0.15476190476190477,0.24536220112063756,0.24536220112063756
castilian spanish language,103,16,87,0.1553398058252427,0.2440915529191825,0.2440915529191825
vero data-driven email marketing software,52,5,47,0.09615384615384616,-0.2436116534259547,0.2436116534259547
virtual training,52,5,47,0.09615384615384616,-0.2436116534259547,0.2436116534259547
scientific training,52,5,47,0.09615384615384616,-0.2436116534259547,0.2436116534259547
video journalism,40,6,34,0.15,0.2432128182404929,0.2432128182404929
crossfunctional project management,141,22,119,0.15602836879432624,0.2425689032150249,0.2425689032150249
project management institute methodology,521,82,439,0.15738963531669867,0.2395305415916198,0.2395305415916198
project procurement management,71,7,64,0.09859154929577464,-0.23939223788324693,0.23939223788324693
additive manufacturing,23,2,21,0.08695652173913043,-0.23939223788324604,0.23939223788324604
assertive communication,23,2,21,0.08695652173913043,-0.23939223788324604,0.23939223788324604
human resource information system,23,2,21,0.08695652173913043,-0.23939223788324604,0.23939223788324604
workplace safety,23,2,21,0.08695652173913043,-0.23939223788324604,0.23939223788324604
sound design,23,2,21,0.08695652173913043,-0.23939223788324604,0.23939223788324604
hazardous materials training,23,2,21,0.08695652173913043,-0.23939223788324604,0.23939223788324604
marketing planning,23,2,21,0.08695652173913043,-0.23939223788324604,0.23939223788324604
sales pursuits,23,2,21,0.08695652173913043,-0.23939223788324604,0.23939223788324604
industry trend analysis,23,2,21,0.08695652173913043,-0.23939223788324604,0.23939223788324604
intercollegiate athletics,23,2,21,0.08695652173913043,-0.23939223788324604,0.23939223788324604
it business strategy,287,45,242,0.156794425087108,0.23908058095558227,0.23908058095558227
sports journalism,90,9,81,0.1,-0.23694125626410578,0.23694125626410578
sap project management,91,14,77,0.15384615384615385,0.2362406784434432,0.2362406784434432
django rest framework,72,11,61,0.1527777777777778,0.235679825932948,0.235679825932948
global business development,72,11,61,0.1527777777777778,0.235679825932948,0.235679825932948
bank account management,53,8,45,0.1509433962264151,0.23472380291558181,0.23472380291558181
employee relations investigations,42,4,38,0.09523809523809523,-0.23421087914124872,0.23421087914124872
automated machine learning,128,13,115,0.1015625,-0.23421087914124872,0.23421087914124872
real estate development,34,5,29,0.14705882352941177,0.23272779426886725,0.23272779426886725
ansys meshing,34,5,29,0.14705882352941177,0.23272779426886725,0.23272779426886725
econometrics,61,6,55,0.09836065573770492,-0.23221087847458222,0.23221087847458222
probability theory,61,6,55,0.09836065573770492,-0.23221087847458222,0.23221087847458222
numpy,346,54,292,0.15606936416184972,0.23210600037350293,0.23210600037350293
hr project management,80,8,72,0.1,-0.23115043298814264,0.23115043298814264
javascript engine,417,65,352,0.15587529976019185,0.22936948576509897,0.22936948576509897
training analysis,279,29,250,0.1039426523297491,-0.22669869180292945,0.22669869180292945
volunteers,241,25,216,0.1037344398340249,-0.226542129901949,0.226542129901949
prompt engineering,79,12,67,0.1518987341772152,0.22597101180598766,0.22597101180598766
compiler construction,15,2,13,0.13333333333333333,0.22597101180598766,0.22597101180598766
autodesk,15,2,13,0.13333333333333333,0.22597101180598766,0.22597101180598766
global hr leadership,175,27,148,0.15428571428571428,0.22597101180598766,0.22597101180598766
datadog,15,2,13,0.13333333333333333,0.22597101180598766,0.22597101180598766
managerial economics,15,2,13,0.13333333333333333,0.22597101180598766,0.22597101180598766
working with children,15,2,13,0.13333333333333333,0.22597101180598766,0.22597101180598766
employee benefit plan design,15,2,13,0.13333333333333333,0.22597101180598766,0.22597101180598766
purchasing management,15,2,13,0.13333333333333333,0.22597101180598766,0.22597101180598766
economic policy,15,2,13,0.13333333333333333,0.22597101180598766,0.22597101180598766
plant commissioning,15,2,13,0.13333333333333333,0.22597101180598766,0.22597101180598766
command control communications computers intelligence surveillance and reconnaissance,15,2,13,0.13333333333333333,0.22597101180598766,0.22597101180598766
baking,15,2,13,0.13333333333333333,0.22597101180598766,0.22597101180598766
risk exposure management,15,2,13,0.13333333333333333,0.22597101180598766,0.22597101180598766
public speaking,15,2,13,0.13333333333333333,0.22597101180598766,0.22597101180598766
distributed algorithms,15,2,13,0.13333333333333333,0.22597101180598766,0.22597101180598766
iterative design,15,2,13,0.13333333333333333,0.22597101180598766,0.22597101180598766
order fulfillment,15,2,13,0.13333333333333333,0.22597101180598766,0.22597101180598766
intellectual property strategy,143,22,121,0.15384615384615385,0.22597101180598678,0.22597101180598678
data visualization,563,59,504,0.10479573712255773,-0.22522156186586395,0.22522156186586395
digital marketing analytics,89,9,80,0.10112359550561797,-0.22459542044180658,0.22459542044180658
regression analysis,70,7,63,0.1,-0.22376691998016618,0.22376691998016618
strategic marketing,51,5,46,0.09803921568627451,-0.22233425497866932,0.22233425497866932
chinese literature,51,5,46,0.09803921568627451,-0.22233425497866932,0.22233425497866932
pytorch,388,60,328,0.15463917525773196,0.22047649248834622,0.22047649248834622
classroom design,73,11,62,0.1506849315068493,0.21955044400306445,0.21955044400306445
international business development,98,10,88,0.10204081632653061,-0.21925732947419085,0.21925732947419085
c-based programming languages,32,3,29,0.09375,-0.21925732947418997,0.21925732947418997
applicant tracking systems,32,3,29,0.09375,-0.21925732947418997,0.21925732947418997
user research,32,3,29,0.09375,-0.21925732947418997,0.21925732947418997
project analysis,32,3,29,0.09375,-0.21925732947418997,0.21925732947418997
semantic html,32,3,29,0.09375,-0.21925732947418997,0.21925732947418997
hospitality consulting,32,3,29,0.09375,-0.21925732947418997,0.21925732947418997
sales processes,32,3,29,0.09375,-0.21925732947418997,0.21925732947418997
google docs,164,17,147,0.10365853658536585,-0.21925732947418997,0.21925732947418997
dedication to continuous improvement,131,20,111,0.15267175572519084,0.2187702606204054,0.2187702606204054
mixed signal oscilloscopes,28,4,24,0.14285714285714285,0.2177742446018085,0.2177742446018085
situation analysis,28,4,24,0.14285714285714285,0.2177742446018085,0.2177742446018085
marketing performance measurement and management,28,4,24,0.14285714285714285,0.2177742446018085,0.2177742446018085
code review,28,4,24,0.14285714285714285,0.2177742446018085,0.2177742446018085
data warehousing and business intelligence,28,4,24,0.14285714285714285,0.2177742446018085,0.2177742446018085
spanish culture,352,37,315,0.10511363636363637,-0.21744778362868722,0.21744778362868722
marketing software,79,8,71,0.10126582278481013,-0.2172613208274754,0.2172613208274754
marketing analytics,295,31,264,0.10508474576271186,-0.21548374009055093,0.21548374009055093
e commerce marketing,107,11,96,0.102803738317757,-0.21482600759951964,0.21482600759951964
java scripting languages,41,6,35,0.14634146341463414,0.21463944579643623,0.21463944579643623
atlassian confluence,41,6,35,0.14634146341463414,0.21463944579643623,0.21463944579643623
customer,60,6,54,0.1,-0.21402855939139176,0.21402855939139176
microsoft access,60,6,54,0.1,-0.21402855939139176,0.21402855939139176
asynchronous javascript,138,21,117,0.15217391304347827,0.2139845669256184,0.2139845669256184
cantonese chinese language,54,8,46,0.14814814814814814,0.21298381627917617,0.21298381627917617
object-oriented javascript,163,17,146,0.10429447852760736,-0.21245458215143742,0.21245458215143742
strategic partnerships,88,9,79,0.10227272727272728,-0.21209525767757498,0.21209525767757498
video editing software,200,21,179,0.105,-0.20975230741850126,0.20975230741850126
digital image processing,41,4,37,0.0975609756097561,-0.2078935708238756,0.2078935708238756
legal advice,41,4,37,0.0975609756097561,-0.2078935708238756,0.2078935708238756
email campaign,13,1,12,0.07692307692307693,-0.20789357082387472,0.20789357082387472
transitional bilingual education,13,1,12,0.07692307692307693,-0.20789357082387472,0.20789357082387472
leveraged buyout,13,1,12,0.07692307692307693,-0.20789357082387472,0.20789357082387472
apparel products,13,1,12,0.07692307692307693,-0.20789357082387472,0.20789357082387472
music scheduling,13,1,12,0.07692307692307693,-0.20789357082387472,0.20789357082387472
business economics,13,1,12,0.07692307692307693,-0.20789357082387472,0.20789357082387472
messaging strategy,13,1,12,0.07692307692307693,-0.20789357082387472,0.20789357082387472
sales records,13,1,12,0.07692307692307693,-0.20789357082387472,0.20789357082387472
sports nutrition,13,1,12,0.07692307692307693,-0.20789357082387472,0.20789357082387472
private investigations,13,1,12,0.07692307692307693,-0.20789357082387472,0.20789357082387472
multiple linear regression,13,1,12,0.07692307692307693,-0.20789357082387472,0.20789357082387472
supervisory control and data acquisition,13,1,12,0.07692307692307693,-0.20789357082387472,0.20789357082387472
technical design reviews,13,1,12,0.07692307692307693,-0.20789357082387472,0.20789357082387472
electrochemistry,13,1,12,0.07692307692307693,-0.20789357082387472,0.20789357082387472
aftermarket sales,13,1,12,0.07692307692307693,-0.20789357082387472,0.20789357082387472
supply chain analysis,13,1,12,0.07692307692307693,-0.20789357082387472,0.20789357082387472
web content accessibility guidelines,13,1,12,0.07692307692307693,-0.20789357082387472,0.20789357082387472
process flow diagrams,13,1,12,0.07692307692307693,-0.20789357082387472,0.20789357082387472
professional development,13,1,12,0.07692307692307693,-0.20789357082387472,0.20789357082387472
outgoing,13,1,12,0.07692307692307693,-0.20789357082387472,0.20789357082387472
electronic data management,13,1,12,0.07692307692307693,-0.20789357082387472,0.20789357082387472
treatment administration,13,1,12,0.07692307692307693,-0.20789357082387472,0.20789357082387472
motivational leadership,13,1,12,0.07692307692307693,-0.20789357082387472,0.20789357082387472
hospital records,13,1,12,0.07692307692307693,-0.20789357082387472,0.20789357082387472
information technology security systems,13,1,12,0.07692307692307693,-0.20789357082387472,0.20789357082387472
spectrophotometry,13,1,12,0.07692307692307693,-0.20789357082387472,0.20789357082387472
hr onboarding,13,1,12,0.07692307692307693,-0.20789357082387472,0.20789357082387472
complex analysis,13,1,12,0.07692307692307693,-0.20789357082387472,0.20789357082387472
workers compensation claims,13,1,12,0.07692307692307693,-0.20789357082387472,0.20789357082387472
graph databases,13,1,12,0.07692307692307693,-0.20789357082387472,0.20789357082387472
reality television,13,1,12,0.07692307692307693,-0.20789357082387472,0.20789357082387472
nonlinear optics,13,1,12,0.07692307692307693,-0.20789357082387472,0.20789357082387472
client development,13,1,12,0.07692307692307693,-0.20789357082387472,0.20789357082387472
educational publishing,13,1,12,0.07692307692307693,-0.20789357082387472,0.20789357082387472
gmail,13,1,12,0.07692307692307693,-0.20789357082387472,0.20789357082387472
political risk analysis,13,1,12,0.07692307692307693,-0.20789357082387472,0.20789357082387472
ich gcp guidelines,13,1,12,0.07692307692307693,-0.20789357082387472,0.20789357082387472
office communications server,13,1,12,0.07692307692307693,-0.20789357082387472,0.20789357082387472
statistical quality control,13,1,12,0.07692307692307693,-0.20789357082387472,0.20789357082387472
compensation benchmarking,13,1,12,0.07692307692307693,-0.20789357082387472,0.20789357082387472
computer network operations,13,1,12,0.07692307692307693,-0.20789357082387472,0.20789357082387472
fitness management,13,1,12,0.07692307692307693,-0.20789357082387472,0.20789357082387472
medical device manufacturing,13,1,12,0.07692307692307693,-0.20789357082387472,0.20789357082387472
data ethics,13,1,12,0.07692307692307693,-0.20789357082387472,0.20789357082387472
peer review,13,1,12,0.07692307692307693,-0.20789357082387472,0.20789357082387472
request for proposal,13,1,12,0.07692307692307693,-0.20789357082387472,0.20789357082387472
performance improvement,13,1,12,0.07692307692307693,-0.20789357082387472,0.20789357082387472
food writing,13,1,12,0.07692307692307693,-0.20789357082387472,0.20789357082387472
spanish teaching,470,50,420,0.10638297872340426,-0.20710117775547277,0.20710117775547277
insurance training,126,19,107,0.15079365079365079,0.20529358337819925,0.20529358337819925
technical data analysis,134,14,120,0.1044776119402985,-0.20513113812796568,0.20513113812796568
project management information systems,74,11,63,0.14864864864864866,0.20367709484677388,0.20367709484677388
maintenance engineering,74,11,63,0.14864864864864866,0.20367709484677388,0.20367709484677388
market research techniques,896,96,800,0.10714285714285714,-0.20332355871561303,0.20332355871561303
mobile product development,61,9,52,0.14754098360655737,0.20284859438513259,0.20284859438513259
financial mathematics,61,9,52,0.14754098360655737,0.20284859438513259,0.20284859438513259
management accounting,50,5,45,0.1,-0.20059426834226368,0.20059426834226368
software project management,35,5,30,0.14285714285714285,0.1993913740012756,0.1993913740012756
integrated circuit design,35,5,30,0.14285714285714285,0.1993913740012756,0.1993913740012756
wireless communications systems,35,5,30,0.14285714285714285,0.1993913740012756,0.1993913740012756
predictive analytics,35,5,30,0.14285714285714285,0.1993913740012756,0.1993913740012756
customer service desk,2251,343,1908,0.15237672145713016,0.1974842048533354,0.1974842048533354
statistical modeling,133,14,119,0.10526315789473684,-0.19679775656882104,0.19679775656882104
computer-aided manufacturing,216,23,193,0.10648148148148148,-0.19590712594350723,0.19590712594350723
collateral valuation,22,3,19,0.13636363636363635,0.19471846830188255,0.19471846830188255
architectural photography,22,3,19,0.13636363636363635,0.19471846830188255,0.19471846830188255
java specification requests,22,3,19,0.13636363636363635,0.19471846830188255,0.19471846830188255
microsoft office,22,3,19,0.13636363636363635,0.19471846830188255,0.19471846830188255
channel strategy,22,3,19,0.13636363636363635,0.19471846830188255,0.19471846830188255
consumer behavior,22,3,19,0.13636363636363635,0.19471846830188255,0.19471846830188255
software engineering practices,22,3,19,0.13636363636363635,0.19471846830188255,0.19471846830188255
management training and development,22,3,19,0.13636363636363635,0.19471846830188255,0.19471846830188255
digital media sales,22,3,19,0.13636363636363635,0.19471846830188255,0.19471846830188255
graph theory,22,3,19,0.13636363636363635,0.19471846830188255,0.19471846830188255
liquidity management,22,3,19,0.13636363636363635,0.19471846830188255,0.19471846830188255
offer management,22,3,19,0.13636363636363635,0.19471846830188255,0.19471846830188255
theatrical production,22,3,19,0.13636363636363635,0.19471846830188255,0.19471846830188255
diversity and inclusion,101,15,86,0.1485148514851485,0.19306557536358326,0.19306557536358326
internal sales,22,2,20,0.09090909090909091,-0.19176418889399116,0.19176418889399116
real estate tax appeals,22,2,20,0.09090909090909091,-0.19176418889399116,0.19176418889399116
streamlit,22,2,20,0.09090909090909091,-0.19176418889399116,0.19176418889399116
3d rendering software,22,2,20,0.09090909090909091,-0.19176418889399116,0.19176418889399116
gross sales,22,2,20,0.09090909090909091,-0.19176418889399116,0.19176418889399116
annual budget preparation,22,2,20,0.09090909090909091,-0.19176418889399116,0.19176418889399116
heat transfer,22,2,20,0.09090909090909091,-0.19176418889399116,0.19176418889399116
mindfulness,22,2,20,0.09090909090909091,-0.19176418889399116,0.19176418889399116
suse linux,55,8,47,0.14545454545454545,0.1917064178318908,0.1917064178318908
social entrepreneurship,55,8,47,0.14545454545454545,0.1917064178318908,0.1917064178318908
html application,326,49,277,0.15030674846625766,0.18852170176437122,0.18852170176437122
creativity skills,141,15,126,0.10638297872340426,-0.1870323188661578,0.1870323188661578
marketing analytics tools,42,6,36,0.14285714285714285,0.18685988168936074,0.18685988168936074
microsoft certified professional,1061,160,901,0.15080113100848255,0.1866038653029145,0.1866038653029145
investment sales,31,3,28,0.0967741935483871,-0.18477115340302053,0.18477115340302053
test planning,31,3,28,0.0967741935483871,-0.18477115340302053,0.18477115340302053
saas sales,31,3,28,0.0967741935483871,-0.18477115340302053,0.18477115340302053
inventory control management,31,3,28,0.0967741935483871,-0.18477115340302053,0.18477115340302053
sales engineering,31,3,28,0.0967741935483871,-0.18477115340302053,0.18477115340302053
usability testing,31,3,28,0.0967741935483871,-0.18477115340302053,0.18477115340302053
renewable energy systems,31,3,28,0.0967741935483871,-0.18477115340302053,0.18477115340302053
analog photography,31,3,28,0.0967741935483871,-0.18477115340302053,0.18477115340302053
ui/ux wireframing,62,9,53,0.14516129032258066,0.18398011008074988,0.18398011008074988
quantitative finance,104,11,93,0.10576923076923077,-0.18324443554922087,0.18324443554922087
security information and event management,102,15,87,0.14705882352941177,0.1815711959378481,0.1815711959378481
manufacturing automation,40,4,36,0.1,-0.18086489843595643,0.18086489843595643
retirement planning,40,4,36,0.1,-0.18086489843595643,0.18086489843595643
data engineering,202,30,172,0.1485148514851485,0.17969941251816746,0.17969941251816746
ltspice,49,5,44,0.10204081632653061,-0.17837113155755357,0.17837113155755357
statistical process control,49,5,44,0.10204081632653061,-0.17837113155755357,0.17837113155755357
derivative accounting,49,5,44,0.10204081632653061,-0.17837113155755357,0.17837113155755357
scientific management,29,4,25,0.13793103448275862,0.17776890998810924,0.17776890998810924
business negotiation,29,4,25,0.13793103448275862,0.17776890998810924,0.17776890998810924
grafana,29,4,25,0.13793103448275862,0.17776890998810924,0.17776890998810924
scripting language,89,13,76,0.14606741573033707,0.17776890998810924,0.17776890998810924
windows management instrumentation,29,4,25,0.13793103448275862,0.17776890998810924,0.17776890998810924
professional football,29,4,25,0.13793103448275862,0.17776890998810924,0.17776890998810924
windows software development,29,4,25,0.13793103448275862,0.17776890998810924,0.17776890998810924
wordpress rest api,58,6,52,0.10344827586206896,-0.17664102731977138,0.17664102731977138
pivot tables and charts,58,6,52,0.10344827586206896,-0.17664102731977138,0.17664102731977138
asia business development,176,26,150,0.14772727272727273,0.17555161417946152,0.17555161417946152
microstrategy software development kit,67,7,60,0.1044776119402985,-0.17537037911831543,0.17537037911831543
rapid control prototyping,76,8,68,0.10526315789473684,-0.17439761639569262,0.17439761639569262
applications of artificial intelligence,94,10,84,0.10638297872340426,-0.17300631182343462,0.17300631182343462
sustainability research,112,12,100,0.10714285714285714,-0.17205911781465844,0.17205911781465844
digital manufacturing,56,8,48,0.14285714285714285,0.17087233092904874,0.17087233092904874
autodesk fusion 360,166,18,148,0.10843373493975904,-0.17044426078225872,0.17044426078225872
solidity,36,5,31,0.1388888888888889,0.1671305117830535,0.1671305117830535
computer science education,164,24,140,0.14634146341463414,0.1658355941530969,0.1658355941530969
3d cad,659,73,586,0.11077389984825493,-0.16451729649852354,0.16451729649852354
user design,147,16,131,0.10884353741496598,-0.16327650533506777,0.16327650533506777
technical project leadership,416,46,370,0.11057692307692307,-0.16303116676661533,0.16303116676661533
six sigma black belt certification,178,26,152,0.14606741573033707,0.16235010232092595,0.16235010232092595
r,1303,145,1158,0.11128165771297006,-0.1623352918846681,0.1623352918846681
convolutional neural networks,70,10,60,0.14285714285714285,0.16110185750289752,0.16110185750289752
piano pedagogy,43,6,37,0.13953488372093023,0.15983120930144157,0.15983120930144157
architectural research,75,8,67,0.10666666666666667,-0.15969146900599718,0.15969146900599718
programming languages,75,8,67,0.10666666666666667,-0.15969146900599718,0.15969146900599718
robot operating system,104,15,89,0.14423076923076922,0.15897136402060674,0.15897136402060674
powerpoint animation,10467,1172,9295,0.1119709563389701,-0.15802222537362165,0.15802222537362165
nonprofit accounting,294,43,251,0.14625850340136054,0.1576879139310603,0.1576879139310603
big data analytics,77,11,66,0.14285714285714285,0.15751505308361136,0.15751505308361136
apprenticeship training,57,6,51,0.10526315789473684,-0.15740966539188328,0.15740966539188328
engineering science,48,5,43,0.10416666666666667,-0.15564288047999764,0.15564288047999764
imovie,48,5,43,0.10416666666666667,-0.15564288047999764,0.15564288047999764
linux server,48,5,43,0.10416666666666667,-0.15564288047999764,0.15564288047999764
statistical inference,16,2,14,0.125,0.1545120478238422,0.1545120478238422
qualitative analysis,16,2,14,0.125,0.1545120478238422,0.1545120478238422
data center virtualization,16,2,14,0.125,0.1545120478238422,0.1545120478238422
networking devices,16,2,14,0.125,0.1545120478238422,0.1545120478238422
lean startup methodology,16,2,14,0.125,0.1545120478238422,0.1545120478238422
equity trading,16,2,14,0.125,0.1545120478238422,0.1545120478238422
digital logic design,16,2,14,0.125,0.1545120478238422,0.1545120478238422
facility management,16,2,14,0.125,0.1545120478238422,0.1545120478238422
crosschannel marketing,16,2,14,0.125,0.1545120478238422,0.1545120478238422
environmental graphic design,16,2,14,0.125,0.1545120478238422,0.1545120478238422
microsoft word,16,2,14,0.125,0.1545120478238422,0.1545120478238422
product engineering,16,2,14,0.125,0.1545120478238422,0.1545120478238422
training,16,2,14,0.125,0.1545120478238422,0.1545120478238422
microsoft 365,16,2,14,0.125,0.1545120478238422,0.1545120478238422
shopify templates,16,2,14,0.125,0.1545120478238422,0.1545120478238422
sql backup and restore,16,2,14,0.125,0.1545120478238422,0.1545120478238422
technology leadership,84,12,72,0.14285714285714285,0.1545120478238422,0.1545120478238422
small business innovation research,16,2,14,0.125,0.1545120478238422,0.1545120478238422
value stream mapping,16,2,14,0.125,0.1545120478238422,0.1545120478238422
marketing attribution,16,2,14,0.125,0.1545120478238422,0.1545120478238422
scanner troubleshooting,16,2,14,0.125,0.1545120478238422,0.1545120478238422
corporate sales management,16,2,14,0.125,0.1545120478238422,0.1545120478238422
structured query language,16,2,14,0.125,0.1545120478238422,0.1545120478238422
java foundation classes,16,2,14,0.125,0.1545120478238422,0.1545120478238422
procreate app,50,7,43,0.14,0.15451204782384131,0.15451204782384131
quantitative marketing research,50,7,43,0.14,0.15451204782384131,0.15451204782384131
minitab,39,4,35,0.10256410256410256,-0.15308533432888094,0.15308533432888094
remote infrastructure management,39,4,35,0.10256410256410256,-0.15308533432888094,0.15308533432888094
applied statistics,752,110,642,0.14627659574468085,0.1520186695646486,0.1520186695646486
multivariate statistics,173,25,148,0.14450867052023122,0.15046345929784177,0.15046345929784177
computer simulation,30,3,27,0.1,-0.14905307080094143,0.14905307080094143
multilevel marketing,30,3,27,0.1,-0.14905307080094143,0.14905307080094143
health economics and outcomes research,30,3,27,0.1,-0.14905307080094143,0.14905307080094143
pic microcontrollers,30,3,27,0.1,-0.14905307080094143,0.14905307080094143
small business administration,30,3,27,0.1,-0.14905307080094143,0.14905307080094143
acidbase chemistry,30,3,27,0.1,-0.14905307080094143,0.14905307080094143
pandas,570,83,487,0.1456140350877193,0.14792630679512353,0.14792630679512353
database management system,64,9,55,0.140625,0.14727874323032175,0.14727874323032175
valuation,83,9,74,0.10843373493975904,-0.14713736140280265,0.14713736140280265
digital photography,83,9,74,0.10843373493975904,-0.14713736140280265,0.14713736140280265
quickbooks online,74,8,66,0.10810810810810811,-0.14476581878932215,0.14476581878932215
investor relations,23,3,20,0.13043478260869565,0.1447080477272218,0.1447080477272218
user interviews,23,3,20,0.13043478260869565,0.1447080477272218,0.1447080477272218
data,23,3,20,0.13043478260869565,0.1447080477272218,0.1447080477272218
it project implementation,23,3,20,0.13043478260869565,0.1447080477272218,0.1447080477272218
html,23,3,20,0.13043478260869565,0.1447080477272218,0.1447080477272218
failure analysis,23,3,20,0.13043478260869565,0.1447080477272218,0.1447080477272218
anaconda,23,3,20,0.13043478260869565,0.1447080477272218,0.1447080477272218
data presentation,118,13,105,0.11016949152542373,-0.14365130209552124,0.14365130209552124
food product development,78,11,67,0.14102564102564102,0.14258940286693633,0.14258940286693633
html editor,133,19,114,0.14285714285714285,0.14220960795162263,0.14220960795162263
nonprofit development,21,2,19,0.09523809523809523,-0.1417537683193304,0.1417537683193304
website analytics tools,21,2,19,0.09523809523809523,-0.1417537683193304,0.1417537683193304
money management,21,2,19,0.09523809523809523,-0.1417537683193304,0.1417537683193304
lease administration,21,2,19,0.09523809523809523,-0.1417537683193304,0.1417537683193304
arcgis survey123,21,2,19,0.09523809523809523,-0.1417537683193304,0.1417537683193304
business model development,65,7,58,0.1076923076923077,-0.1417537683193304,0.1417537683193304
smartsheet,21,2,19,0.09523809523809523,-0.1417537683193304,0.1417537683193304
visual design,21,2,19,0.09523809523809523,-0.1417537683193304,0.1417537683193304
facebook insights,21,2,19,0.09523809523809523,-0.1417537683193304,0.1417537683193304
clinical trial management system,21,2,19,0.09523809523809523,-0.1417537683193304,0.1417537683193304
search advertising,21,2,19,0.09523809523809523,-0.1417537683193304,0.1417537683193304
french horn,65,7,58,0.1076923076923077,-0.1417537683193304,0.1417537683193304
sustainability standards,21,2,19,0.09523809523809523,-0.1417537683193304,0.1417537683193304
arm assembly,21,2,19,0.09523809523809523,-0.1417537683193304,0.1417537683193304
hr consulting,21,2,19,0.09523809523809523,-0.1417537683193304,0.1417537683193304
case management services,21,2,19,0.09523809523809523,-0.1417537683193304,0.1417537683193304
email newsletter,21,2,19,0.09523809523809523,-0.1417537683193304,0.1417537683193304
hedges,21,2,19,0.09523809523809523,-0.1417537683193304,0.1417537683193304
pitching,21,2,19,0.09523809523809523,-0.1417537683193304,0.1417537683193304
java full stack development,85,12,73,0.1411764705882353,0.14081320346568038,0.14081320346568038
quantitative data analysis,1111,161,950,0.14491449144914492,0.13988694611044306,0.13988694611044306
corporate budgeting,30,4,26,0.13333333333333333,0.139302629160313,0.139302629160313
sales inventory and operations planning,30,4,26,0.13333333333333333,0.139302629160313,0.139302629160313
azure sql server,30,4,26,0.13333333333333333,0.139302629160313,0.139302629160313
advertising agency,30,4,26,0.13333333333333333,0.139302629160313,0.139302629160313
sql server management studio,30,4,26,0.13333333333333333,0.139302629160313,0.139302629160313
information technology management,30,4,26,0.13333333333333333,0.139302629160313,0.139302629160313
apache maven,30,4,26,0.13333333333333333,0.139302629160313,0.139302629160313
lifeguarding,56,6,50,0.10714285714285714,-0.1378011940035071,0.1378011940035071
adaptability,56,6,50,0.10714285714285714,-0.1378011940035071,0.1378011940035071
sql injection,56,6,50,0.10714285714285714,-0.1378011940035071,0.1378011940035071
finance analysis,37,5,32,0.13513513513513514,0.13587796827894927,0.13587796827894927
bootstrap protocol,37,5,32,0.13513513513513514,0.13587796827894927,0.13587796827894927
dynamic programming,37,5,32,0.13513513513513514,0.13587796827894927,0.13587796827894927
research and development,870,99,771,0.11379310344827587,-0.1358090622624526,0.1358090622624526
sales tax,120,17,103,0.14166666666666666,0.13499923360026056,0.13499923360026056
english law,210,30,180,0.14285714285714285,0.13436587121664623,0.13436587121664623
google suite,148,21,127,0.14189189189189189,0.13230653591135155,0.13230653591135155
solidworks composer,252,36,216,0.14285714285714285,0.13209167852211667,0.13209167852211667
continuousflow manufacturing,266,38,228,0.14285714285714285,0.13149199633569486,0.13149199633569486
web marketing strategy,108,12,96,0.1111111111111111,-0.1314443986604683,0.1314443986604683
strategic consulting,58,8,50,0.13793103448275862,0.13046279259117277,0.13046279259117277
proactive design thinking,73,8,65,0.1095890410958904,-0.12961401376871962,0.12961401376871962
manufacturing process improvement,93,13,80,0.13978494623655913,0.12680246639608228,0.12680246639608228
java cryptography extension,100,14,86,0.14,0.1263742008649107,0.1263742008649107
growth capital,107,15,92,0.14018691588785046,0.12600134478303726,0.12600134478303726
social media analytics,645,74,571,0.11472868217054263,-0.12509539247313572,0.12509539247313572
dynamic mechanical analysis,12,1,11,0.08333333333333333,-0.12451196188482427,0.12451196188482427
group exercise instruction,12,1,11,0.08333333333333333,-0.12451196188482427,0.12451196188482427
web mobile applications,12,1,11,0.08333333333333333,-0.12451196188482427,0.12451196188482427
vital signs monitoring,12,1,11,0.08333333333333333,-0.12451196188482427,0.12451196188482427
trade marketing,12,1,11,0.08333333333333333,-0.12451196188482427,0.12451196188482427
wireless,12,1,11,0.08333333333333333,-0.12451196188482427,0.12451196188482427
fixed annuities,12,1,11,0.08333333333333333,-0.12451196188482427,0.12451196188482427
flight test engineering,12,1,11,0.08333333333333333,-0.12451196188482427,0.12451196188482427
amazon quicksight,12,1,11,0.08333333333333333,-0.12451196188482427,0.12451196188482427
zoom,12,1,11,0.08333333333333333,-0.12451196188482427,0.12451196188482427
estimates,12,1,11,0.08333333333333333,-0.12451196188482427,0.12451196188482427
ux,12,1,11,0.08333333333333333,-0.12451196188482427,0.12451196188482427
thinlayer chromatography,12,1,11,0.08333333333333333,-0.12451196188482427,0.12451196188482427
aerospace manufacturing,12,1,11,0.08333333333333333,-0.12451196188482427,0.12451196188482427
web research,12,1,11,0.08333333333333333,-0.12451196188482427,0.12451196188482427
entrepreneurship,12,1,11,0.08333333333333333,-0.12451196188482427,0.12451196188482427
academic achievement,12,1,11,0.08333333333333333,-0.12451196188482427,0.12451196188482427
furniture design,12,1,11,0.08333333333333333,-0.12451196188482427,0.12451196188482427
helping clients,12,1,11,0.08333333333333333,-0.12451196188482427,0.12451196188482427
telephone interviewing,12,1,11,0.08333333333333333,-0.12451196188482427,0.12451196188482427
white box testing,12,1,11,0.08333333333333333,-0.12451196188482427,0.12451196188482427
impact investing,12,1,11,0.08333333333333333,-0.12451196188482427,0.12451196188482427
guest services,12,1,11,0.08333333333333333,-0.12451196188482427,0.12451196188482427
temporary placement,12,1,11,0.08333333333333333,-0.12451196188482427,0.12451196188482427
food safety certification,12,1,11,0.08333333333333333,-0.12451196188482427,0.12451196188482427
adobe design,12,1,11,0.08333333333333333,-0.12451196188482427,0.12451196188482427
grant preparation,12,1,11,0.08333333333333333,-0.12451196188482427,0.12451196188482427
water management,12,1,11,0.08333333333333333,-0.12451196188482427,0.12451196188482427
technology transfer,12,1,11,0.08333333333333333,-0.12451196188482427,0.12451196188482427
field sales management,12,1,11,0.08333333333333333,-0.12451196188482427,0.12451196188482427
hand drawing,12,1,11,0.08333333333333333,-0.12451196188482427,0.12451196188482427
executive coaching,12,1,11,0.08333333333333333,-0.12451196188482427,0.12451196188482427
tennis coaching,12,1,11,0.08333333333333333,-0.12451196188482427,0.12451196188482427
special events development,12,1,11,0.08333333333333333,-0.12451196188482427,0.12451196188482427
cisco networking,12,1,11,0.08333333333333333,-0.12451196188482427,0.12451196188482427
biomechanical engineering,12,1,11,0.08333333333333333,-0.12451196188482427,0.12451196188482427
mobile application design,12,1,11,0.08333333333333333,-0.12451196188482427,0.12451196188482427
interpreting data,12,1,11,0.08333333333333333,-0.12451196188482427,0.12451196188482427
certified immunizer,12,1,11,0.08333333333333333,-0.12451196188482427,0.12451196188482427
behavioral economics,12,1,11,0.08333333333333333,-0.12451196188482427,0.12451196188482427
mesh networking,12,1,11,0.08333333333333333,-0.12451196188482427,0.12451196188482427
b2b advertising,12,1,11,0.08333333333333333,-0.12451196188482427,0.12451196188482427
mechanical testing,12,1,11,0.08333333333333333,-0.12451196188482427,0.12451196188482427
case file management,12,1,11,0.08333333333333333,-0.12451196188482427,0.12451196188482427
application lifecycle management software,12,1,11,0.08333333333333333,-0.12451196188482427,0.12451196188482427
application portfolio management,12,1,11,0.08333333333333333,-0.12451196188482427,0.12451196188482427
marketing partnerships,12,1,11,0.08333333333333333,-0.12451196188482427,0.12451196188482427
shop mathematics,12,1,11,0.08333333333333333,-0.12451196188482427,0.12451196188482427
six sigma green belt certification,12,1,11,0.08333333333333333,-0.12451196188482427,0.12451196188482427
social game development,12,1,11,0.08333333333333333,-0.12451196188482427,0.12451196188482427
audio signal processing,12,1,11,0.08333333333333333,-0.12451196188482427,0.12451196188482427
linux security,12,1,11,0.08333333333333333,-0.12451196188482427,0.12451196188482427
cash flow forecasting,12,1,11,0.08333333333333333,-0.12451196188482427,0.12451196188482427
assembly drawing,12,1,11,0.08333333333333333,-0.12451196188482427,0.12451196188482427
process simulation,12,1,11,0.08333333333333333,-0.12451196188482427,0.12451196188482427
sales education,12,1,11,0.08333333333333333,-0.12451196188482427,0.12451196188482427
behavioral neuroscience,12,1,11,0.08333333333333333,-0.12451196188482427,0.12451196188482427
argus modeling,12,1,11,0.08333333333333333,-0.12451196188482427,0.12451196188482427
animal research,12,1,11,0.08333333333333333,-0.12451196188482427,0.12451196188482427
outbound calling,12,1,11,0.08333333333333333,-0.12451196188482427,0.12451196188482427
reaction injection molding,12,1,11,0.08333333333333333,-0.12451196188482427,0.12451196188482427
blogging,12,1,11,0.08333333333333333,-0.12451196188482427,0.12451196188482427
radio broadcasting,12,1,11,0.08333333333333333,-0.12451196188482427,0.12451196188482427
business ownership,12,1,11,0.08333333333333333,-0.12451196188482427,0.12451196188482427
pharmacy benefit management,12,1,11,0.08333333333333333,-0.12451196188482427,0.12451196188482427
networking infrastructure,12,1,11,0.08333333333333333,-0.12451196188482427,0.12451196188482427
philanthropy,38,4,34,0.10526315789473684,-0.12451196188482427,0.12451196188482427
roi accountability,12,1,11,0.08333333333333333,-0.12451196188482427,0.12451196188482427
representational state transfer,12,1,11,0.08333333333333333,-0.12451196188482427,0.12451196188482427
management reporting,219,31,188,0.1415525114155251,0.12325950431973798,0.12325950431973798
mysql dba,240,34,206,0.14166666666666666,0.1230288770124428,0.1230288770124428
english typing,310,44,266,0.14193548387096774,0.1224849109425108,0.1224849109425108
solidworks electrical,574,66,508,0.11498257839721254,-0.12189330245059038,0.12189330245059038
electrical engineering technology,81,9,72,0.1111111111111111,-0.11992479787791854,0.11992479787791854
quantitative research,304,43,261,0.14144736842105263,0.11869661996587677,0.11869661996587677
natural language processing,304,43,261,0.14144736842105263,0.11869661996587677,0.11869661996587677
user-centered design,98,11,87,0.11224489795918367,-0.1169217926181485,0.1169217926181485
5s methodology,108,15,93,0.1388888888888889,0.11524855300677572,0.11524855300677572
corporate communications,108,15,93,0.1388888888888889,0.11524855300677572,0.11524855300677572
adversarial machine learning,73,10,63,0.136986301369863,0.11270531664104677,0.11270531664104677
mechanical system design,29,3,26,0.10344827586206896,-0.11201179912059267,0.11201179912059267
corporate forecasting,29,3,26,0.10344827586206896,-0.11201179912059267,0.11201179912059267
quantitative risk,29,3,26,0.10344827586206896,-0.11201179912059267,0.11201179912059267
nvidia cuda,29,3,26,0.10344827586206896,-0.11201179912059267,0.11201179912059267
strategic asset management,29,3,26,0.10344827586206896,-0.11201179912059267,0.11201179912059267
military logistics,89,10,79,0.11235955056179775,-0.11201179912059267,0.11201179912059267
scikitlearn,193,27,166,0.13989637305699482,0.11156066062824355,0.11156066062824355
office management software,12414,1451,10963,0.11688416304172708,-0.10960410374765564,0.10960410374765564
electrical discharge machining,46,5,41,0.10869565217391304,-0.10857536962201131,0.10857536962201131
securities research,63,7,56,0.1111111111111111,-0.10696765223391491,0.10696765223391491
teamwork,6243,733,5510,0.1174115008809867,-0.10421307917234435,0.10421307917234435
mandarin chinese language,216,25,191,0.11574074074074074,-0.10383939108010498,0.10383939108010498
writing articles,102,14,88,0.13725490196078433,0.10351606278886027,0.10351606278886027
research consulting,31,4,27,0.12903225806451613,0.10226135747996423,0.10226135747996423
product strategies,31,4,27,0.12903225806451613,0.10226135747996423,0.10226135747996423
ibm cognos analytics,31,4,27,0.12903225806451613,0.10226135747996423,0.10226135747996423
talent management,88,10,78,0.11363636363636363,-0.09935340224866973,0.09935340224866973
spreadsheet design,54,6,48,0.1111111111111111,-0.09739165566563113,0.09739165566563113
swiftui,54,6,48,0.1111111111111111,-0.09739165566563113,0.09739165566563113
ni labview,124,17,107,0.13709677419354838,0.09707999873796691,0.09707999873796691
corporate management,24,3,21,0.125,0.09707999873796691,0.09707999873796691
oracle autonomous database,24,3,21,0.125,0.09707999873796691,0.09707999873796691
sentiment analysis,24,3,21,0.125,0.09707999873796691,0.09707999873796691
insurance management,24,3,21,0.125,0.09707999873796691,0.09707999873796691
drug discovery,24,3,21,0.125,0.09707999873796691,0.09707999873796691
adobe creative cloud,24,3,21,0.125,0.09707999873796691,0.09707999873796691
law enforcement communications,24,3,21,0.125,0.09707999873796691,0.09707999873796691
mechatronics engineering,24,3,21,0.125,0.09707999873796691,0.09707999873796691
employee engagement programs,24,3,21,0.125,0.09707999873796691,0.09707999873796691
deep learning,206,24,182,0.11650485436893204,-0.09570709009564826,0.09570709009564826
life insurance sales,37,4,33,0.10810810810810811,-0.09509807667853121,0.09509807667853121
control systems design,37,4,33,0.10810810810810811,-0.09509807667853121,0.09509807667853121
pediatric first aid,37,4,33,0.10810810810810811,-0.09509807667853121,0.09509807667853121
creo,37,4,33,0.10810810810810811,-0.09509807667853121,0.09509807667853121
python tools for visual studio,779,92,687,0.11810012836970475,-0.09348321964613104,0.09348321964613104
blender,62,7,55,0.11290322580645161,-0.08911003483390889,0.08911003483390889
causal inference,20,2,18,0.1,-0.089110034833908,0.089110034833908
ui design,20,2,18,0.1,-0.089110034833908,0.089110034833908
microsoft power query,20,2,18,0.1,-0.089110034833908,0.089110034833908
advertising design,20,2,18,0.1,-0.089110034833908,0.089110034833908
pharmaceutical marketing,20,2,18,0.1,-0.089110034833908,0.089110034833908
warehouse inventory management,20,2,18,0.1,-0.089110034833908,0.089110034833908
yardi property management,20,2,18,0.1,-0.089110034833908,0.089110034833908
vietnamese language,20,2,18,0.1,-0.089110034833908,0.089110034833908
financial data management,20,2,18,0.1,-0.089110034833908,0.089110034833908
market competition,20,2,18,0.1,-0.089110034833908,0.089110034833908
retail financing,20,2,18,0.1,-0.089110034833908,0.089110034833908
strategy implementation,20,2,18,0.1,-0.089110034833908,0.089110034833908
mechanical engineering principles,20,2,18,0.1,-0.089110034833908,0.089110034833908
test program development,20,2,18,0.1,-0.089110034833908,0.089110034833908
digital analytics,20,2,18,0.1,-0.089110034833908,0.089110034833908
supply chain operations reference model,20,2,18,0.1,-0.089110034833908,0.089110034833908
cloud computing iaas,20,2,18,0.1,-0.089110034833908,0.089110034833908
ratios analysis,17,2,15,0.11764705882352941,0.08782067332517052,0.08782067332517052
industrial automation,17,2,15,0.11764705882352941,0.08782067332517052,0.08782067332517052
pitch development,17,2,15,0.11764705882352941,0.08782067332517052,0.08782067332517052
supply chain finance,17,2,15,0.11764705882352941,0.08782067332517052,0.08782067332517052
xml concepts,17,2,15,0.11764705882352941,0.08782067332517052,0.08782067332517052
computer repair,17,2,15,0.11764705882352941,0.08782067332517052,0.08782067332517052
excel dashboards,17,2,15,0.11764705882352941,0.08782067332517052,0.08782067332517052
human resources for health,17,2,15,0.11764705882352941,0.08782067332517052,0.08782067332517052
aws sagemaker,17,2,15,0.11764705882352941,0.08782067332517052,0.08782067332517052
aspen simulation software,17,2,15,0.11764705882352941,0.08782067332517052,0.08782067332517052
business development support,17,2,15,0.11764705882352941,0.08782067332517052,0.08782067332517052
enterprise software,17,2,15,0.11764705882352941,0.08782067332517052,0.08782067332517052
sales journals,17,2,15,0.11764705882352941,0.08782067332517052,0.08782067332517052
operating system level virtualization,17,2,15,0.11764705882352941,0.08782067332517052,0.08782067332517052
pharmaceutical engineering,17,2,15,0.11764705882352941,0.08782067332517052,0.08782067332517052
instrument troubleshooting,17,2,15,0.11764705882352941,0.08782067332517052,0.08782067332517052
site reliability engineering,17,2,15,0.11764705882352941,0.08782067332517052,0.08782067332517052
sales funnel management,17,2,15,0.11764705882352941,0.08782067332517052,0.08782067332517052
settlement negotiation,17,2,15,0.11764705882352941,0.08782067332517052,0.08782067332517052
color grading,17,2,15,0.11764705882352941,0.08782067332517052,0.08782067332517052
feature engineering,17,2,15,0.11764705882352941,0.08782067332517052,0.08782067332517052
digital marketing innovations,129,15,114,0.11627906976744186,-0.0873648336928774,0.0873648336928774
continuous improvement methodologies,226,31,195,0.13716814159292035,0.08679713178238302,0.08679713178238302
employee research,87,10,77,0.11494252873563218,-0.08653271381960792,0.08653271381960792
graphic user interface design,219,30,189,0.136986301369863,0.08570762446710045,0.08570762446710045
polymer science,45,5,40,0.1111111111111111,-0.08418391649785217,0.08418391649785217
java secure socket extension,45,5,40,0.1111111111111111,-0.08418391649785217,0.08418391649785217
user analysis,70,8,62,0.11428571428571428,-0.08273042786986906,0.08273042786986906
social media integration,170,20,150,0.11764705882352941,-0.08116823266835205,0.08116823266835205
applied research,153,18,135,0.11764705882352941,-0.07883094285925996,0.07883094285925996
oracle human capital management,53,6,47,0.11320754716981132,-0.07655756876278907,0.07655756876278907
lean canvas,53,6,47,0.11320754716981132,-0.07655756876278907,0.07655756876278907
hierarchical storage management,39,5,34,0.1282051282051282,0.07615873357732728,0.07615873357732728
tier 3 technical support,39,5,34,0.1282051282051282,0.07615873357732728,0.07615873357732728
integrated product development,39,5,34,0.1282051282051282,0.07615873357732728,0.07615873357732728
java security,111,13,98,0.11711711711711711,-0.07499689735744308,0.07499689735744308
community-based participatory research,28,3,25,0.10714285714285714,-0.07354551829279643,0.07354551829279643
operations research,28,3,25,0.10714285714285714,-0.07354551829279643,0.07354551829279643
fashion marketing,28,3,25,0.10714285714285714,-0.07354551829279643,0.07354551829279643
security clearance,28,3,25,0.10714285714285714,-0.07354551829279643,0.07354551829279643
library services,28,3,25,0.10714285714285714,-0.07354551829279643,0.07354551829279643
embedded c,28,3,25,0.10714285714285714,-0.07354551829279643,0.07354551829279643
financial accounting standards board,236,32,204,0.13559322033898305,0.07304207922905093,0.07304207922905093
mentoring new hires,61,8,53,0.13114754098360656,0.07275447497052578,0.07275447497052578
interactive marketing strategy,498,60,438,0.12048192771084337,-0.06834648139922628,0.06834648139922628
marketing leadership,1017,123,894,0.12094395280235988,-0.06765378150452639,0.06765378150452639
military operations,102,12,90,0.11764705882352941,-0.06725124102140878,0.06725124102140878
project sales,10,1,9,0.1,0.06654327487788514,0.06654327487788514
driving sales performance,10,1,9,0.1,0.06654327487788514,0.06654327487788514
human resource strategy,10,1,9,0.1,0.06654327487788514,0.06654327487788514
fourier analysis,10,1,9,0.1,0.06654327487788514,0.06654327487788514
3d mathematics,10,1,9,0.1,0.06654327487788514,0.06654327487788514
trial preparation,10,1,9,0.1,0.06654327487788514,0.06654327487788514
government marketing,10,1,9,0.1,0.06654327487788514,0.06654327487788514
stochastic modeling,10,1,9,0.1,0.06654327487788514,0.06654327487788514
retail mortgage,32,4,28,0.125,0.06654327487788514,0.06654327487788514
zapier,10,1,9,0.1,0.06654327487788514,0.06654327487788514
robot,10,1,9,0.1,0.06654327487788514,0.06654327487788514
work under pressure,10,1,9,0.1,0.06654327487788514,0.06654327487788514
vibration analysis,10,1,9,0.1,0.06654327487788514,0.06654327487788514
computerized maintenance management system,10,1,9,0.1,0.06654327487788514,0.06654327487788514
police science,10,1,9,0.1,0.06654327487788514,0.06654327487788514
demand forecasting,10,1,9,0.1,0.06654327487788514,0.06654327487788514
biology,10,1,9,0.1,0.06654327487788514,0.06654327487788514
military supply chain management,10,1,9,0.1,0.06654327487788514,0.06654327487788514
microsoft sharepoint migrations,10,1,9,0.1,0.06654327487788514,0.06654327487788514
flexibility,10,1,9,0.1,0.06654327487788514,0.06654327487788514
online engineering,10,1,9,0.1,0.06654327487788514,0.06654327487788514
research evaluation,10,1,9,0.1,0.06654327487788514,0.06654327487788514
sap material management,10,1,9,0.1,0.06654327487788514,0.06654327487788514
microsoft hardware,10,1,9,0.1,0.06654327487788514,0.06654327487788514
saxophone,10,1,9,0.1,0.06654327487788514,0.06654327487788514
talent scouting,10,1,9,0.1,0.06654327487788514,0.06654327487788514
saas development,10,1,9,0.1,0.06654327487788514,0.06654327487788514
electrical controls design,10,1,9,0.1,0.06654327487788514,0.06654327487788514
balance sheet reconciliation,10,1,9,0.1,0.06654327487788514,0.06654327487788514
unity,10,1,9,0.1,0.06654327487788514,0.06654327487788514
etabs,10,1,9,0.1,0.06654327487788514,0.06654327487788514
content editing,10,1,9,0.1,0.06654327487788514,0.06654327487788514
hping active network security tool,10,1,9,0.1,0.06654327487788514,0.06654327487788514
footwear sales,10,1,9,0.1,0.06654327487788514,0.06654327487788514
speech analytics,10,1,9,0.1,0.06654327487788514,0.06654327487788514
event-driven architectures,10,1,9,0.1,0.06654327487788514,0.06654327487788514
sketching,10,1,9,0.1,0.06654327487788514,0.06654327487788514
labor coaching,10,1,9,0.1,0.06654327487788514,0.06654327487788514
supply chain risk management,10,1,9,0.1,0.06654327487788514,0.06654327487788514
personal development,32,4,28,0.125,0.06654327487788514,0.06654327487788514
autodesk software,10,1,9,0.1,0.06654327487788514,0.06654327487788514
slurm workload manager,10,1,9,0.1,0.06654327487788514,0.06654327487788514
literacy education,10,1,9,0.1,0.06654327487788514,0.06654327487788514
thermal management,10,1,9,0.1,0.06654327487788514,0.06654327487788514
quality management systems auditing,10,1,9,0.1,0.06654327487788514,0.06654327487788514
technical presentations,32,4,28,0.125,0.06654327487788514,0.06654327487788514
cloud marketing,10,1,9,0.1,0.06654327487788514,0.06654327487788514
management assistant,10,1,9,0.1,0.06654327487788514,0.06654327487788514
qt modeling language,10,1,9,0.1,0.06654327487788514,0.06654327487788514
web services api,10,1,9,0.1,0.06654327487788514,0.06654327487788514
permanent life insurance,10,1,9,0.1,0.06654327487788514,0.06654327487788514
magazine layout design,10,1,9,0.1,0.06654327487788514,0.06654327487788514
energy conversion,10,1,9,0.1,0.06654327487788514,0.06654327487788514
autocad,10,1,9,0.1,0.06654327487788514,0.06654327487788514
logical approach,10,1,9,0.1,0.06654327487788514,0.06654327487788514
keynote,10,1,9,0.1,0.06654327487788514,0.06654327487788514
professional organizations,10,1,9,0.1,0.06654327487788514,0.06654327487788514
technical analysis software,10,1,9,0.1,0.06654327487788514,0.06654327487788514
problem management,10,1,9,0.1,0.06654327487788514,0.06654327487788514
peoplesoft benefits administration,10,1,9,0.1,0.06654327487788514,0.06654327487788514
sterile compounding,10,1,9,0.1,0.06654327487788514,0.06654327487788514
project communications,10,1,9,0.1,0.06654327487788514,0.06654327487788514
sustainability procedures,10,1,9,0.1,0.06654327487788514,0.06654327487788514
sql developer,10,1,9,0.1,0.06654327487788514,0.06654327487788514
zbrush,10,1,9,0.1,0.06654327487788514,0.06654327487788514
cultural diversity counseling,10,1,9,0.1,0.06654327487788514,0.06654327487788514
quantum chemistry,10,1,9,0.1,0.06654327487788514,0.06654327487788514
natural language programming,10,1,9,0.1,0.06654327487788514,0.06654327487788514
aircraft systems,10,1,9,0.1,0.06654327487788514,0.06654327487788514
process efficiency,10,1,9,0.1,0.06654327487788514,0.06654327487788514
organizational design,10,1,9,0.1,0.06654327487788514,0.06654327487788514
pc operating systems,10,1,9,0.1,0.06654327487788514,0.06654327487788514
organizational psychology,10,1,9,0.1,0.06654327487788514,0.06654327487788514
cisco,10,1,9,0.1,0.06654327487788514,0.06654327487788514
series 7,32,4,28,0.125,0.06654327487788514,0.06654327487788514
commercial electrician,10,1,9,0.1,0.06654327487788514,0.06654327487788514
cost reduction management,10,1,9,0.1,0.06654327487788514,0.06654327487788514
european history,10,1,9,0.1,0.06654327487788514,0.06654327487788514
category strategy,10,1,9,0.1,0.06654327487788514,0.06654327487788514
crm software,54,7,47,0.12962962962962962,0.06654327487788425,0.06654327487788425
security event management,176,21,155,0.11931818181818182,-0.06622283110945659,0.06622283110945659
training and development needs assessment,36,4,32,0.1111111111111111,-0.06479272718320228,0.06479272718320228
international sales,36,4,32,0.1111111111111111,-0.06479272718320228,0.06479272718320228
military aviation,36,4,32,0.1111111111111111,-0.06479272718320228,0.06479272718320228
autocad plant 3d,151,18,133,0.11920529801324503,-0.06396078037980857,0.06396078037980857
secure software development,85,10,75,0.11764705882352941,-0.06038743371528632,0.06038743371528632
3d printing,265,32,233,0.12075471698113208,-0.0595720223970444,0.0595720223970444
technical product sales,44,5,39,0.11363636363636363,-0.05918261429243543,0.05918261429243543
matplotlib,134,16,118,0.11940298507462686,-0.05918261429243454,0.05918261429243454
decentralized finance,47,6,41,0.1276595744680851,0.05847871504115432,0.05847871504115432
technology research,47,6,41,0.1276595744680851,0.05847871504115432,0.05847871504115432
analog signal processing,47,6,41,0.1276595744680851,0.05847871504115432,0.05847871504115432
wordpress developer,47,6,41,0.1276595744680851,0.05847871504115432,0.05847871504115432
solutions marketing,47,6,41,0.1276595744680851,0.05847871504115432,0.05847871504115432
laser cutting,93,11,82,0.11827956989247312,-0.05808129259521522,0.05808129259521522
voice user interface design,101,12,89,0.1188118811881188,-0.05614001559633852,0.05614001559633852
artificial intelligence for design,52,6,46,0.11538461538461539,-0.055280170315503696,0.055280170315503696
business english,151,20,131,0.13245033112582782,0.05378799990275951,0.05378799990275951
internet protocol suite,25,3,22,0.12,0.05161762466120923,0.05161762466120923
music theory,25,3,22,0.12,0.05161762466120923,0.05161762466120923
computer information systems,25,3,22,0.12,0.05161762466120923,0.05161762466120923
project assurance,25,3,22,0.12,0.05161762466120923,0.05161762466120923
sql server reporting services,25,3,22,0.12,0.05161762466120923,0.05161762466120923
social recruiting,25,3,22,0.12,0.05161762466120923,0.05161762466120923
hotel asset management,25,3,22,0.12,0.05161762466120923,0.05161762466120923
financial plan,25,3,22,0.12,0.05161762466120923,0.05161762466120923
email marketing software,25,3,22,0.12,0.05161762466120923,0.05161762466120923
woodworking machines,25,3,22,0.12,0.05161762466120923,0.05161762466120923
aerospace technology,25,3,22,0.12,0.05161762466120923,0.05161762466120923
emotional intelligence,68,8,60,0.11764705882352941,-0.05020723616430889,0.05020723616430889
cellular manufacturing,92,12,80,0.13043478260869565,0.049841425259954164,0.049841425259954164
flight data analysis,84,10,74,0.11904761904761904,-0.04705390284582034,0.04705390284582034
audio editing software,84,10,74,0.11904761904761904,-0.04705390284582034,0.04705390284582034
korean language,92,11,81,0.11956521739130435,-0.04588601950139637,0.04588601950139637
mutual funds,55,7,48,0.12727272727272726,0.0457091879750422,0.0457091879750422
methods engineering,197,26,171,0.1319796954314721,0.044931431762397445,0.044931431762397445
global investment management,116,14,102,0.1206896551724138,-0.04334418377571847,0.04334418377571847
commercial property sales,115,15,100,0.13043478260869565,0.04305226180228683,0.04305226180228683
engaging public speaker,5594,744,4850,0.13299964247407936,0.03824574609894116,0.03824574609894116
autodesk inventor,108,14,94,0.12962962962962962,0.037918780303047406,0.037918780303047406
creative entrepreneurship,93,12,81,0.12903225806451613,0.037495589437654964,0.037495589437654964
network troubleshooting,48,6,42,0.125,0.03466806634743591,0.03466806634743591
business decision-making,51,6,45,0.11764705882352941,-0.03354018367909806,0.03354018367909806
business statistics,59,7,52,0.11864406779661017,-0.03354018367909806,0.03354018367909806
sap sql anywhere,35,4,31,0.11428571428571428,-0.03354018367909806,0.03354018367909806
jquery mobile,35,4,31,0.11428571428571428,-0.03354018367909806,0.03354018367909806
human resources systems,51,6,45,0.11764705882352941,-0.03354018367909806,0.03354018367909806
system level troubleshooting,11,1,10,0.09090909090909091,-0.03354018367909717,0.03354018367909717
email etiquette,19,2,17,0.10526315789473684,-0.03354018367909717,0.03354018367909717
digital signal processing,27,3,24,0.1111111111111111,-0.03354018367909717,0.03354018367909717
criminal investigations,11,1,10,0.09090909090909091,-0.03354018367909717,0.03354018367909717
programming,43,5,38,0.11627906976744186,-0.03354018367909717,0.03354018367909717
sql technology,11,1,10,0.09090909090909091,-0.03354018367909717,0.03354018367909717
health care risk management,19,2,17,0.10526315789473684,-0.03354018367909717,0.03354018367909717
third party apis,11,1,10,0.09090909090909091,-0.03354018367909717,0.03354018367909717
thought leadership,11,1,10,0.09090909090909091,-0.03354018367909717,0.03354018367909717
active directory migration tool,11,1,10,0.09090909090909091,-0.03354018367909717,0.03354018367909717
web interface design,27,3,24,0.1111111111111111,-0.03354018367909717,0.03354018367909717
hardware programming,11,1,10,0.09090909090909091,-0.03354018367909717,0.03354018367909717
hardware configuration management,11,1,10,0.09090909090909091,-0.03354018367909717,0.03354018367909717
web development tools,11,1,10,0.09090909090909091,-0.03354018367909717,0.03354018367909717
java persistence query language,11,1,10,0.09090909090909091,-0.03354018367909717,0.03354018367909717
r markdown,11,1,10,0.09090909090909091,-0.03354018367909717,0.03354018367909717
manufacturing processes,19,2,17,0.10526315789473684,-0.03354018367909717,0.03354018367909717
marine engineering,11,1,10,0.09090909090909091,-0.03354018367909717,0.03354018367909717
energy management systems,11,1,10,0.09090909090909091,-0.03354018367909717,0.03354018367909717
overleaf,27,3,24,0.1111111111111111,-0.03354018367909717,0.03354018367909717
marketing agencies,11,1,10,0.09090909090909091,-0.03354018367909717,0.03354018367909717
marketing communications,11,1,10,0.09090909090909091,-0.03354018367909717,0.03354018367909717
shopify plus,11,1,10,0.09090909090909091,-0.03354018367909717,0.03354018367909717
outreach services,11,1,10,0.09090909090909091,-0.03354018367909717,0.03354018367909717
circuit testing,19,2,17,0.10526315789473684,-0.03354018367909717,0.03354018367909717
web analytics,11,1,10,0.09090909090909091,-0.03354018367909717,0.03354018367909717
shopify app,11,1,10,0.09090909090909091,-0.03354018367909717,0.03354018367909717
literary translation,11,1,10,0.09090909090909091,-0.03354018367909717,0.03354018367909717
social network analysis,11,1,10,0.09090909090909091,-0.03354018367909717,0.03354018367909717
commercial art,11,1,10,0.09090909090909091,-0.03354018367909717,0.03354018367909717
social security disability insurance,11,1,10,0.09090909090909091,-0.03354018367909717,0.03354018367909717
product analysis,11,1,10,0.09090909090909091,-0.03354018367909717,0.03354018367909717
data-driven decision-making,19,2,17,0.10526315789473684,-0.03354018367909717,0.03354018367909717
sports statistics,19,2,17,0.10526315789473684,-0.03354018367909717,0.03354018367909717
sports science,19,2,17,0.10526315789473684,-0.03354018367909717,0.03354018367909717
persuasion,11,1,10,0.09090909090909091,-0.03354018367909717,0.03354018367909717
cybersecurity awareness,11,1,10,0.09090909090909091,-0.03354018367909717,0.03354018367909717
technical analysis,11,1,10,0.09090909090909091,-0.03354018367909717,0.03354018367909717
sports law,11,1,10,0.09090909090909091,-0.03354018367909717,0.03354018367909717
2d animation,11,1,10,0.09090909090909091,-0.03354018367909717,0.03354018367909717
laboratory procedures,11,1,10,0.09090909090909091,-0.03354018367909717,0.03354018367909717
customer product training,27,3,24,0.1111111111111111,-0.03354018367909717,0.03354018367909717
personal computer hardware,67,8,59,0.11940298507462686,-0.03354018367909717,0.03354018367909717
product requirement definition,11,1,10,0.09090909090909091,-0.03354018367909717,0.03354018367909717
data analysis,11,1,10,0.09090909090909091,-0.03354018367909717,0.03354018367909717
customer journey mapping,11,1,10,0.09090909090909091,-0.03354018367909717,0.03354018367909717
quality systems design,11,1,10,0.09090909090909091,-0.03354018367909717,0.03354018367909717
wedding videography,11,1,10,0.09090909090909091,-0.03354018367909717,0.03354018367909717
lead qualification,11,1,10,0.09090909090909091,-0.03354018367909717,0.03354018367909717
clinical content,11,1,10,0.09090909090909091,-0.03354018367909717,0.03354018367909717
facilities project management,11,1,10,0.09090909090909091,-0.03354018367909717,0.03354018367909717
people development,11,1,10,0.09090909090909091,-0.03354018367909717,0.03354018367909717
legal contract review,11,1,10,0.09090909090909091,-0.03354018367909717,0.03354018367909717
css,11,1,10,0.09090909090909091,-0.03354018367909717,0.03354018367909717
altium designer,43,5,38,0.11627906976744186,-0.03354018367909717,0.03354018367909717
professional sports,11,1,10,0.09090909090909091,-0.03354018367909717,0.03354018367909717
electronic data capture,11,1,10,0.09090909090909091,-0.03354018367909717,0.03354018367909717
film scoring,19,2,17,0.10526315789473684,-0.03354018367909717,0.03354018367909717
research,19,2,17,0.10526315789473684,-0.03354018367909717,0.03354018367909717
system engineering,19,2,17,0.10526315789473684,-0.03354018367909717,0.03354018367909717
online media management,11,1,10,0.09090909090909091,-0.03354018367909717,0.03354018367909717
stock management,11,1,10,0.09090909090909091,-0.03354018367909717,0.03354018367909717
protein design,11,1,10,0.09090909090909091,-0.03354018367909717,0.03354018367909717
working with investors,11,1,10,0.09090909090909091,-0.03354018367909717,0.03354018367909717
microsoft azure certifications,11,1,10,0.09090909090909091,-0.03354018367909717,0.03354018367909717
microsoft power bi report server,147,18,129,0.12244897959183673,-0.03354018367909717,0.03354018367909717
enterprise data management,19,2,17,0.10526315789473684,-0.03354018367909717,0.03354018367909717
onboarding strategies,11,1,10,0.09090909090909091,-0.03354018367909717,0.03354018367909717
benefits negotiation,11,1,10,0.09090909090909091,-0.03354018367909717,0.03354018367909717
salesforce training,11,1,10,0.09090909090909091,-0.03354018367909717,0.03354018367909717
microsoft visual studio code,67,8,59,0.11940298507462686,-0.03354018367909717,0.03354018367909717
resolving issues,11,1,10,0.09090909090909091,-0.03354018367909717,0.03354018367909717
nutrition education,11,1,10,0.09090909090909091,-0.03354018367909717,0.03354018367909717
plc allen bradley,27,3,24,0.1111111111111111,-0.03354018367909717,0.03354018367909717
restaurant inventory levels,11,1,10,0.09090909090909091,-0.03354018367909717,0.03354018367909717
numerical simulation,19,2,17,0.10526315789473684,-0.03354018367909717,0.03354018367909717
entering,11,1,10,0.09090909090909091,-0.03354018367909717,0.03354018367909717
illustrator,11,1,10,0.09090909090909091,-0.03354018367909717,0.03354018367909717
engineering change management,19,2,17,0.10526315789473684,-0.03354018367909717,0.03354018367909717
mouse models,11,1,10,0.09090909090909091,-0.03354018367909717,0.03354018367909717
prototype,19,2,17,0.10526315789473684,-0.03354018367909717,0.03354018367909717
fmri,11,1,10,0.09090909090909091,-0.03354018367909717,0.03354018367909717
valuation multiples,11,1,10,0.09090909090909091,-0.03354018367909717,0.03354018367909717
structured sales,19,2,17,0.10526315789473684,-0.03354018367909717,0.03354018367909717
chatgpt,19,2,17,0.10526315789473684,-0.03354018367909717,0.03354018367909717
network configuration and change management,19,2,17,0.10526315789473684,-0.03354018367909717,0.03354018367909717
merchandise planning,11,1,10,0.09090909090909091,-0.03354018367909717,0.03354018367909717
conversion rate optimization,11,1,10,0.09090909090909091,-0.03354018367909717,0.03354018367909717
analysis services,11,1,10,0.09090909090909091,-0.03354018367909717,0.03354018367909717
aircraft weapons,11,1,10,0.09090909090909091,-0.03354018367909717,0.03354018367909717
semrush,11,1,10,0.09090909090909091,-0.03354018367909717,0.03354018367909717
recurrent neural networks,27,3,24,0.1111111111111111,-0.03354018367909717,0.03354018367909717
aircraft maintenance,19,2,17,0.10526315789473684,-0.03354018367909717,0.03354018367909717
sem,11,1,10,0.09090909090909091,-0.03354018367909717,0.03354018367909717
agricultural research,11,1,10,0.09090909090909091,-0.03354018367909717,0.03354018367909717
press relations,11,1,10,0.09090909090909091,-0.03354018367909717,0.03354018367909717
commercial real estate,27,3,24,0.1111111111111111,-0.03354018367909717,0.03354018367909717
stm32,11,1,10,0.09090909090909091,-0.03354018367909717,0.03354018367909717
regulatory guidelines,11,1,10,0.09090909090909091,-0.03354018367909717,0.03354018367909717
government contracts law,19,2,17,0.10526315789473684,-0.03354018367909717,0.03354018367909717
core graphics,11,1,10,0.09090909090909091,-0.03354018367909717,0.03354018367909717
twitter marketing,11,1,10,0.09090909090909091,-0.03354018367909717,0.03354018367909717
water quality modeling,11,1,10,0.09090909090909091,-0.03354018367909717,0.03354018367909717
financial planning software,19,2,17,0.10526315789473684,-0.03354018367909717,0.03354018367909717
option pricing models,11,1,10,0.09090909090909091,-0.03354018367909717,0.03354018367909717
uikit,11,1,10,0.09090909090909091,-0.03354018367909717,0.03354018367909717
meeting deadlines,11,1,10,0.09090909090909091,-0.03354018367909717,0.03354018367909717
unified modeling language,11,1,10,0.09090909090909091,-0.03354018367909717,0.03354018367909717
global politics,43,5,38,0.11627906976744186,-0.03354018367909717,0.03354018367909717
communication skills,19,2,17,0.10526315789473684,-0.03354018367909717,0.03354018367909717
stochastic optimization,27,3,24,0.1111111111111111,-0.03354018367909717,0.03354018367909717
visual net,11,1,10,0.09090909090909091,-0.03354018367909717,0.03354018367909717
global it operations,11,1,10,0.09090909090909091,-0.03354018367909717,0.03354018367909717
consumer products,11,1,10,0.09090909090909091,-0.03354018367909717,0.03354018367909717
program development,33,4,29,0.12121212121212122,0.0320570988067157,0.0320570988067157
litigation strategy,33,4,29,0.12121212121212122,0.0320570988067157,0.0320570988067157
tableau online,343,45,298,0.13119533527696792,0.03131235850046332,0.03131235850046332
system programming,86,11,75,0.12790697674418605,0.030584344490440785,0.030584344490440785
product development methodologies,109,14,95,0.12844036697247707,0.027392367316060096,0.027392367316060096
classroom performance systems,18,2,16,0.1111111111111111,0.025300316343836116,0.025300316343836116
sustainable development,18,2,16,0.1111111111111111,0.025300316343836116,0.025300316343836116
sql database,18,2,16,0.1111111111111111,0.025300316343836116,0.025300316343836116
javascript testing framework,18,2,16,0.1111111111111111,0.025300316343836116,0.025300316343836116
mathematical programming,18,2,16,0.1111111111111111,0.025300316343836116,0.025300316343836116
growth strategies,18,2,16,0.1111111111111111,0.025300316343836116,0.025300316343836116
digitization,18,2,16,0.1111111111111111,0.025300316343836116,0.025300316343836116
agile,18,2,16,0.1111111111111111,0.025300316343836116,0.025300316343836116
technology strategy development,18,2,16,0.1111111111111111,0.025300316343836116,0.025300316343836116
bayesian probability,18,2,16,0.1111111111111111,0.025300316343836116,0.025300316343836116
amazon elastic kubernetes service,18,2,16,0.1111111111111111,0.025300316343836116,0.025300316343836116
team spirit,18,2,16,0.1111111111111111,0.025300316343836116,0.025300316343836116
mondaycom,18,2,16,0.1111111111111111,0.025300316343836116,0.025300316343836116
safety leadership,18,2,16,0.1111111111111111,0.025300316343836116,0.025300316343836116
multivariate analysis,18,2,16,0.1111111111111111,0.025300316343836116,0.025300316343836116
docker container,18,2,16,0.1111111111111111,0.025300316343836116,0.025300316343836116
retail leasing,18,2,16,0.1111111111111111,0.025300316343836116,0.025300316343836116
mathematics,18,2,16,0.1111111111111111,0.025300316343836116,0.025300316343836116
outdoor education,18,2,16,0.1111111111111111,0.025300316343836116,0.025300316343836116
investigative journalism,18,2,16,0.1111111111111111,0.025300316343836116,0.025300316343836116
pattern recognition,18,2,16,0.1111111111111111,0.025300316343836116,0.025300316343836116
renewable energy markets,18,2,16,0.1111111111111111,0.025300316343836116,0.025300316343836116
java enterprise architecture,18,2,16,0.1111111111111111,0.025300316343836116,0.025300316343836116
sql familiarity,56,7,49,0.125,0.025300316343835227,0.025300316343835227
leadership in energy,117,15,102,0.1282051282051282,0.023347190722954103,0.023347190722954103
microsoft power bi embedded,140,18,122,0.12857142857142856,0.022029667475713666,0.022029667475713666
labour market research,247,32,215,0.12955465587044535,0.020649145168104788,0.020649145168104788
web scraping,82,10,72,0.12195121951219512,-0.019841339320936235,0.019841339320936235
electrical engineering principles,41,5,36,0.12195121951219512,0.019805797026195116,0.019805797026195116
communication with candidates,171,22,149,0.1286549707602339,0.01858888175584905,0.01858888175584905
supply chain management strategies,74,9,65,0.12162162162162163,-0.01838837865849552,0.01838837865849552
digital merchandising,121,15,106,0.12396694214876033,-0.014934995848062904,0.014934995848062904
fault tree analysis,95,12,83,0.12631578947368421,0.013251977827661854,0.013251977827661854
japanese culture,72,9,63,0.125,0.012621858084064463,0.012621858084064463
google slides,72,9,63,0.125,0.012621858084064463,0.012621858084064463
interviewing,49,6,43,0.12244897959183673,0.011411204183167989,0.011411204183167989
azure machine learning,49,6,43,0.12244897959183673,0.011411204183167989,0.011411204183167989
html document object models,49,6,43,0.12244897959183673,0.011411204183167989,0.011411204183167989
microsoft powerpoint,850,110,740,0.12941176470588237,0.010059852626170152,0.010059852626170152
bash,157,20,137,0.12738853503184713,0.009170934413952558,0.009170934413952558
information architecture,26,3,23,0.11538461538461539,0.00813251272147042,0.00813251272147042
excel models,26,3,23,0.11538461538461539,0.00813251272147042,0.00813251272147042
private banking,26,3,23,0.11538461538461539,0.00813251272147042,0.00813251272147042
networking fundamentals,26,3,23,0.11538461538461539,0.00813251272147042,0.00813251272147042
finance manager,26,3,23,0.11538461538461539,0.00813251272147042,0.00813251272147042
employee relations,26,3,23,0.11538461538461539,0.00813251272147042,0.00813251272147042
protein chemistry,26,3,23,0.11538461538461539,0.00813251272147042,0.00813251272147042
regular expressions,26,3,23,0.11538461538461539,0.00813251272147042,0.00813251272147042
financial services authority,26,3,23,0.11538461538461539,0.00813251272147042,0.00813251272147042
german sign language,26,3,23,0.11538461538461539,0.00813251272147042,0.00813251272147042
user testing,26,3,23,0.11538461538461539,0.00813251272147042,0.00813251272147042
cnc,42,5,37,0.11904761904761904,-0.007222875361724057,0.007222875361724057
global system for mobile communications,111,14,97,0.12612612612612611,0.0066662367989431814,0.0066662367989431814
research analysis,88,11,77,0.125,0.004439064386119185,0.004439064386119185
chinese hamster ovary cell,73,9,64,0.1232876712328767,-0.0030034598190162853,0.0030034598190162853
bayesian statistics,73,9,64,0.1232876712328767,-0.0030034598190162853,0.0030034598190162853
agile web development,73,9,64,0.1232876712328767,-0.0030034598190162853,0.0030034598190162853
platform product management,34,4,30,0.11764705882352941,-0.0012793214608759484,0.0012793214608759484
global service management,34,4,30,0.11764705882352941,-0.0012793214608759484,0.0012793214608759484
piano,34,4,30,0.11764705882352941,-0.0012793214608759484,0.0012793214608759484
collaborative work,34,4,30,0.11764705882352941,-0.0012793214608759484,0.0012793214608759484
product marketing,65,8,57,0.12307692307692308,0.0006511810691822717,0.0006511810691822717
mechanical engineering technology,329,42,287,0.1276595744680851,0.0006511810691813835,0.0006511810691813835
engineering project management,601,77,524,0.1281198003327787,0.00020247389916505654,0.00020247389916505654
