skill,users,target_users,non_target_users,log_odds_target,abs_log_odds
Technical Nursing Skills,123,0,123,-5.925736930573386,5.925736930573386
Patient Family,114,0,114,-5.8500705974996485,5.8500705974996485
Acute Care RN,111,0,111,-5.823520365405527,5.823520365405527
Public Health Interventions,108,0,108,-5.796245947485868,5.796245947485868
Social Statistics,78,0,78,-5.472594399293717,5.472594399293717
Healthcare Delivery Process,212,1,211,-5.365108484323576,5.365108484323576
Hospital Policy,179,1,178,-5.195472087056936,5.195472087056936
Biomedical Science,50,0,50,-5.031469110786668,5.031469110786668
Pediatric Intensive Care Unit,49,0,49,-5.011468444079998,5.011468444079998
Intensive Care Medicine,48,0,48,-4.991059572448791,4.991059572448791
Training Package,48,0,48,-4.991059572448791,4.991059572448791
Inpatient Obstetric Nursing,145,1,144,-4.98416299338973,4.98416299338973
Critical Care Nursing,134,1,133,-4.904984963677547,4.904984963677547
Healthcare Procedures,43,0,43,-4.882256712599992,4.882256712599992
Medical Writing,43,0,43,-4.882256712599992,4.882256712599992
Construction Management Software,42,0,42,-4.858999850435725,4.858999850435725
Internal Medicine and Pediatrics,41,0,41,-4.835189201742007,4.835189201742007
Epic EMR,191,2,189,-4.7444468865937335,4.7444468865937335
Public Health Nursing,112,1,111,-4.7249080767374165,4.7249080767374165
Clinical Education,33,0,33,-4.621041213336375,4.621041213336375
Activity Program Development,33,0,33,-4.621041213336375,4.621041213336375
Patient Safety Standards,169,2,167,-4.621041213336374,4.621041213336374
Clinical Research Associates,221,3,218,-4.550371639985684,4.550371639985684
Basic Life Support Certification,211,3,208,-4.503524666688896,4.503524666688896
Institutional Review Board Irb,29,0,29,-4.493886037851128,4.493886037851128
Phases of Clinical Research,300,5,295,-4.4002693385531355,4.4002693385531355
Comparative Law,26,0,26,-4.386640507497531,4.386640507497531
Sleep Medicine,26,0,26,-4.386640507497531,4.386640507497531
Acute Patient Care,26,0,26,-4.386640507497531,4.386640507497531
Cardiac Life Support Certification,141,3,138,-4.094455951077433,4.094455951077433
School of Nursing,56,1,55,-4.0272665065896325,4.0272665065896325
Molecular Genetics,55,1,54,-4.009084187506441,4.009084187506441
Sleep Training,54,1,53,-3.9905651397392043,3.9905651397392043
Clinical Leadership,290,8,282,-3.919960981035633,3.919960981035633
Hospital Services,84,2,82,-3.9128561554118884,3.9128561554118884
Clinical Research Coordinator,83,2,81,-3.9006608823180695,3.9006608823180695
Military,49,1,48,-3.8924472837806805,3.8924472837806805
Patient Safety,82,2,80,-3.8883150464957703,3.8883150464957703
Patient Advocacy,48,1,47,-3.8716131968778384,3.8716131968778384
Hospital Settings,113,3,110,-3.868601146407847,3.868601146407847
Nursing Research,112,3,109,-3.859510174706595,3.859510174706595
Clinical Trial Management,106,3,103,-3.8031572381554635,3.8031572381554635
Science Communication,153,5,148,-3.712185459949737,3.712185459949737
Pediatric Emergency Medicine,38,1,37,-3.6352244188136087,3.6352244188136087
Patient Communications,90,3,87,-3.6352244188136087,3.6352244188136087
Cancer Research,140,5,135,-3.620572142026738,3.620572142026738
HIPAA,110,4,106,-3.580416182318614,3.580416182318614
Neuro ICU,36,1,35,-3.580416182318613,3.580416182318613
Clinical Practice,34,1,33,-3.5224289246682643,3.5224289246682643
Malpractice Litigation,34,1,33,-3.5224289246682643,3.5224289246682643
Custom Backend,25,25,0,3.5154770387789167,3.5154770387789167
Science Literacy,33,1,32,-3.4921235751729354,3.4921235751729354
Molecular Biology,533,24,509,-3.4511053290575067,3.4511053290575067
Natural Science,53,2,51,-3.441639669740943,3.441639669740943
Laboratory Instrumentation,31,1,30,-3.428610169450609,3.428610169450609
Medical Terminology,93,4,89,-3.4065098224499435,3.4065098224499435
Geotechnical Engineering,30,1,29,-3.3952737491830174,3.3952737491830174
Cellular Neuroscience,30,1,29,-3.3952737491830174,3.3952737491830174
Biological Science,30,1,29,-3.3952737491830174,3.3952737491830174
Pharmaceutical Science,50,2,48,-3.38162166001469,3.38162166001469
Behavioral Healthcare,49,2,47,-3.360787573111848,3.360787573111848
Aviation Operations,49,2,47,-3.360787573111848,3.360787573111848
International Arbitration,29,1,28,-3.360787573111848,3.360787573111848
Phlebotomy,29,1,28,-3.360787573111848,3.360787573111848
Opinion Writing,29,1,28,-3.360787573111848,3.360787573111848
Healthcare Management,364,18,346,-3.346460680491087,3.346460680491087
Family Mediation,67,3,64,-3.330250849251766,3.330250849251766
Oncology Nursing,47,2,45,-3.317770188028157,3.317770188028157
Program Evaluation,47,2,45,-3.317770188028157,3.317770188028157
Water Engineering,27,1,26,-3.28802821882942,3.28802821882942
Vital Signs,27,1,26,-3.28802821882942,3.28802821882942
Clinical Research,27,1,26,-3.28802821882942,3.28802821882942
CPR Certified,232,12,220,-3.2865176445240527,3.2865176445240527
Technical Research,82,4,78,-3.275369821957497,3.275369821957497
Fluorescence Microscopy,82,4,78,-3.275369821957497,3.275369821957497
Planetary Science,280,15,265,-3.2571234107022007,3.2571234107022007
Litigation Support,26,1,25,-3.249561938001624,3.249561938001624
Adherent Cell Culture,432,24,408,-3.2301673906947848,3.2301673906947848
Medical Communications,25,1,24,-3.2095566033879246,3.2095566033879246
Transmission Electron Microscopy,25,1,24,-3.2095566033879246,3.2095566033879246
Applied Science,197,11,186,-3.202432797660074,3.202432797660074
Electron Microscopy,42,2,40,-3.2013598361837463,3.2013598361837463
Biophysical Chemistry,41,2,39,-3.1763585339783287,3.1763585339783287
Biochemical Genetics,90,5,85,-3.1601168776496973,3.1601168776496973
Psychological Research,73,4,69,-3.153597949739881,3.153597949739881
Chemistry Teaching,71,4,67,-3.124398795047618,3.124398795047618
Life Science,433,30,403,-2.9987983980420454,2.9987983980420454
Trial Practice,105,7,98,-2.991502121581187,2.991502121581187
Analytical Biochemistry,468,33,435,-2.981297951406945,2.981297951406945
Collaboration in Healthcare,61,4,57,-2.9640561449724387,2.9640561449724387
Epidemiology of Cancer,45,3,42,-2.913089701380411,2.913089701380411
DNA Extraction,44,3,41,-2.8892790526866925,2.8892790526866925
Clinical Laboratory Training,313,24,289,-2.8858307734077773,2.8858307734077773
Praxis EMR,31,2,29,-2.884448125417027,2.884448125417027
Court System,82,6,76,-2.8818371578763067,2.8818371578763067
Military Tactics,56,4,52,-2.8730843667667125,2.8730843667667125
Clinical Research Protocols,56,4,52,-2.8730843667667125,2.8730843667667125
Healthcare Information Technology,194,15,179,-2.8656837779485405,2.8656837779485405
Weapons Training,68,5,63,-2.862640407605628,2.862640407605628
SPSS Statistics,105,8,97,-2.8561348084529388,2.8561348084529388
Healthcare Delivery,55,4,51,-2.8538530048388244,2.8538530048388244
Acidbase Chemistry,30,2,28,-2.8499619493458574,2.8499619493458574
Construction Coordination,29,2,27,-2.8142438667437784,2.8142438667437784
Global Health,29,2,27,-2.8142438667437784,2.8142438667437784
Eight Disciplines Problem Solving,137,11,126,-2.8142438667437784,2.8142438667437784
Emr Training,112,9,103,-2.8046284080443367,2.8046284080443367
Science Education,76,6,70,-2.80015912686204,2.80015912686204
Particle Physics,74,6,68,-2.7713801623119965,2.7713801623119965
Planning Appeals,84,7,77,-2.751723509762445,2.751723509762445
Direct Patient Care,27,2,25,-2.7387363142356334,2.7387363142356334
Research Experiments,49,4,45,-2.7299835231260383,2.7299835231260383
Officer Training,48,4,44,-2.707760386341328,2.707760386341328
Experimental Research,505,46,459,-2.7070352231478396,2.7070352231478396
Public Health Policy Analysis,37,3,34,-2.704544949487354,2.704544949487354
Local Training,37,3,34,-2.704544949487354,2.704544949487354
Government Law,37,3,34,-2.704544949487354,2.704544949487354
Collaborative Research,118,11,107,-2.651492406143921,2.651492406143921
Social,230,22,208,-2.6427723259738896,2.6427723259738896
Multi Color Flow Cytometry,45,4,41,-2.637964624405787,2.637964624405787
AWS CloudFormation,32,31,1,2.628173843778015,2.628173843778015
Healthcare Marketing,34,3,31,-2.613573171281627,2.613573171281627
Field Work,34,3,31,-2.613573171281627,2.613573171281627
Education Program Development,93,9,84,-2.601808329702041,2.601808329702041
Action Research,210,21,189,-2.592684683334272,2.592684683334272
Plant Biotechnology,224,23,201,-2.5651375541820323,2.5651375541820323
Technical Editing,42,4,38,-2.5629294384628727,2.5629294384628727
ImageJ,42,4,38,-2.5629294384628727,2.5629294384628727
Computational Statistics,558,59,499,-2.543979879482432,2.543979879482432
Professional Writing,41,4,37,-2.5366121301454996,2.5366121301454996
Protocol Buffers,29,28,1,2.5280903852210326,2.5280903852210326
Special Events,188,20,168,-2.5228594575934618,2.5228594575934618
Aggression Replacement Training,31,3,28,-2.5134897127246445,2.5134897127246445
Large Scale Distributed Systems,573,544,29,2.4991290850818326,2.4991290850818326
Social Science Research,39,4,35,-2.481803893650504,2.481803893650504
Physics Teaching,29,3,26,-2.4407303584422166,2.4407303584422166
Clinical Trial Planning,29,3,26,-2.4407303584422166,2.4407303584422166
Data Collection Protocols,46,5,41,-2.4372939289436353,2.4372939289436353
Molecular Cloning,79,9,70,-2.420669505157136,2.420669505157136
US GAAP Reporting,26,25,1,2.4168647501108076,2.4168647501108076
Strategic Fundraising,45,5,40,-2.412902475819476,2.412902475819476
Epic Systems,70,8,62,-2.411448987191493,2.411448987191493
Task Force Management,28,3,25,-2.4022640776144204,2.4022640776144204
Biomedical Engineering,28,3,25,-2.4022640776144204,2.4022640776144204
Agarose Gel Electrophoresis,36,4,32,-2.3935112865048263,2.3935112865048263
Communication Theory,60,7,53,-2.3811272273051047,2.3811272273051047
Nonprofit Operations,107,13,94,-2.362258743000721,2.362258743000721
IBM SPSS,27,3,24,-2.362258743000721,2.362258743000721
Literature Reviews,136,17,119,-2.3374640843875047,2.3374640843875047
Academic Writing,120,15,105,-2.334219522936328,2.334219522936328
Healthcare Effectiveness Data and Information Set,26,3,23,-2.3205860466001527,2.3205860466001527
Medical Device Development,26,3,23,-2.3205860466001527,2.3205860466001527
Exploratory Research,26,3,23,-2.3205860466001527,2.3205860466001527
Cell Biology,434,57,377,-2.2981342148311823,2.2981342148311823
Clinical Data Analysis,214,28,186,-2.2948757457546733,2.2948757457546733
Protein Purification,48,6,42,-2.294050492974188,2.294050492974188
Qualitative Research,402,53,349,-2.2931705017173125,2.2931705017173125
Instructional Leadership,325,43,282,-2.2872662064372653,2.2872662064372653
Molecular and Cellular Biology,25,3,22,-2.277100934660414,2.277100934660414
Amazon DynamoDB,70,66,4,2.276775956940127,2.276775956940127
Post Doctoral Training,439,59,380,-2.271858458695564,2.271858458695564
Analytical Chemistry,39,5,34,-2.2525598257442967,2.2525598257442967
Environmental Biotechnology,46,6,40,-2.2458483911563105,2.2458483911563105
Force Protection,53,7,46,-2.2408978859964543,2.2408978859964543
Westlaw,161,22,139,-2.240897885996454,2.240897885996454
Azure DevOps Services,37,35,2,2.2368933706618073,2.2368933706618073
Interior Design Project Management,45,6,39,-2.220847088950893,2.220847088950893
Cell Biology Techniques,93,13,80,-2.2019160929255417,2.2019160929255417
Clinical Research Informatics,72,10,62,-2.2001398935242866,2.2001398935242866
Panel Data Analysis,503,72,431,-2.2000295426082617,2.2000295426082617
Bioinformatics Databases,44,6,38,-2.1952046583375555,2.1952046583375555
Teacher Training,186,27,159,-2.174206511497782,2.174206511497782
Western Blotting,594,87,507,-2.1742065114977818,2.1742065114977818
Nonprofit Financial Management,138,20,118,-2.1708366683762312,2.1708366683762312
Pharmaceutical Industry,165,24,141,-2.1699751934780194,2.1699751934780194
Higher Education,63,9,54,-2.163257497008111,2.163257497008111
Paralegal,137,20,117,-2.162362041385259,2.162362041385259
Nuclear Magnetic Resonance Spectroscopy,29,4,25,-2.1509496493335147,2.1509496493335147
Education Policy Analysis,88,13,75,-2.137791564756003,2.137791564756003
Electronic Medical Record System,55,8,47,-2.1370121414897323,2.1370121414897323
Postdoctoral Research,35,5,30,-2.1293271853203484,2.1293271853203484
National Security,61,9,52,-2.1258699649364914,2.1258699649364914
Volunteer Training,54,8,46,-2.115734743042448,2.115734743042448
Scientific Presentation,54,8,46,-2.115734743042448,2.115734743042448
Protein Engineering,54,8,46,-2.115734743042448,2.115734743042448
Contract Lifecycle Management,41,6,35,-2.114079113525187,2.114079113525187
Communication Arts,28,4,24,-2.1109443147198155,2.1109443147198155
Ethical Research,28,4,24,-2.1109443147198155,2.1109443147198155
Commercial Litigation,182,28,154,-2.1066386030086033,2.1066386030086033
Defense,60,9,51,-2.1066386030086033,2.1066386030086033
Nonprofit Strategies,104,16,88,-2.0959907650527576,2.0959907650527576
Higher Education Leadership,312,49,263,-2.0884292923521803,2.0884292923521803
Agricultural Biotechnology,46,7,39,-2.0777462453102196,2.0777462453102196
Motivational Interviewing,52,8,44,-2.071771619621331,2.071771619621331
Science Management,89,14,75,-2.0663326007738583,2.0663326007738583
Providing Legal Advice,33,5,28,-2.0615045889815873,2.0615045889815873
Publications,39,6,33,-2.056091855874838,2.056091855874838
Communication Training,39,6,33,-2.056091855874838,2.056091855874838
Feature Writing,63,10,53,-2.044654990683892,2.044654990683892
Scientific Writing,257,42,215,-2.0398054275588398,2.0398054275588398
Algorithms,1579,1454,125,2.0337631254180097,2.0337631254180097
Community Leadership,50,8,42,-2.025786506379508,2.025786506379508
Social Media Content,32,5,27,-2.025786506379508,2.025786506379508
Corporate Law,178,30,148,-1.9992068685747961,1.9992068685747961
Criminal Defense Litigation,43,7,36,-1.998757833991589,1.998757833991589
Laboratory Practice,37,6,31,-1.994533962875404,1.994533962875404
Object-Oriented Design,29,27,2,1.981546678852962,1.981546678852962
Alteryx BI Visualization Solutions,29,27,2,1.981546678852962,1.981546678852962
Biostatistics,25,4,21,-1.9803241323027514,1.9803241323027514
Environmental Data Analysis,48,8,40,-1.9775844045616306,1.9775844045616306
Pre Litigation,48,8,40,-1.9775844045616306,1.9775844045616306
Polymerase Chain Reaction,1018,178,840,-1.9657569455743849,1.9657569455743849
Dog Training,36,6,30,-1.9622731006571827,1.9622731006571827
Political Communication,70,12,58,-1.959646703874963,1.959646703874963
Laboratory Safety,30,5,25,-1.9502789538713632,1.9502789538713632
Mammalian Cell Culture,349,62,287,-1.9424048974404577,1.9424048974404577
Cultural Research,41,7,34,-1.9424048974404577,1.9424048974404577
Military Leadership,91,16,75,-1.9371208692938522,1.9371208692938522
Scientific Communications,57,10,47,-1.9257030478225259,1.9257030478225259
Clinical Research Coordination,57,10,47,-1.9257030478225259,1.9257030478225259
Objective C,72,66,6,1.9090511768148088,1.9090511768148088
Computer-Assisted Legal Research,290,53,237,-1.9068345635181432,1.9068345635181432
Internal Control Evaluation,38,35,3,1.9004211340405943,1.9004211340405943
Healthcare Analytics,34,6,28,-1.8944505043184217,1.8944505043184217
Qualitative Data Analysis,340,63,277,-1.8911296212332513,1.8911296212332513
Research Presentation,168,31,137,-1.8899849652204468,1.8899849652204468
Spss Software,71,13,58,-1.8826856627388349,1.8826856627388349
Nanotechnology,28,5,23,-1.8686009228570954,1.8686009228570954
Biomedical Research,28,5,23,-1.8686009228570954,1.8686009228570954
Generally Accepted Accounting Principles,26,24,2,1.8660337917311178,1.8660337917311178
Civil Litigation,238,45,193,-1.8639137804583399,1.8639137804583399
Ultrahigh Performance Liquid Chromatography,75,14,61,-1.861237119331352,1.861237119331352
Mathematical Statistics,54,10,44,-1.8604625259541248,1.8604625259541248
Higher Education Management,33,6,27,-1.8587324217163426,1.8587324217163426
Experimental Design,59,11,48,-1.8555653565196408,1.8555653565196408
Standard Operating Procedure,53,10,43,-1.8377342748765688,1.8377342748765688
Military Training,53,10,43,-1.8377342748765688,1.8377342748765688
Sales Tax Auditing,25,23,2,1.8243610953305502,1.8243610953305502
Fellow of the Healthcare Financial Management Association,32,6,26,-1.8216911500359938,1.8216911500359938
Curriculum Development,42,8,34,-1.8172417544864512,1.8172417544864512
Parent Communication,52,10,42,-1.8144774127123018,1.8144774127123018
Project Planning,67,13,54,-1.811859610170222,1.811859610170222
Educational Research,77,15,62,-1.810675126762563,1.810675126762563
Ruby Version Management,86,78,8,1.8066838673466838,1.8066838673466838
Visual Editing,86,17,69,-1.795474465586686,1.795474465586686
AWS Lambda,125,113,12,1.7897255986677942,1.7897255986677942
Classroom Training,46,9,37,-1.7893977283152784,1.7893977283152784
Interdisciplinary Collaboration,36,7,29,-1.7858358367489178,1.7858358367489178
Geographic Information Systems,90,18,72,-1.782164423721758,1.782164423721758
Spiritual Leadership,117,24,93,-1.7556369126893685,1.7556369126893685
Teacher Leadership,165,34,131,-1.7543961215259127,1.7543961215259127
Fundraising Strategy,35,7,28,-1.7513496606777483,1.7513496606777483
Athletic Training,35,7,28,-1.7513496606777483,1.7513496606777483
Guest Lecturing,30,6,24,-1.7432195345944983,1.7432195345944983
Higher Education Policy,49,10,39,-1.7412740086890066,1.7412740086890066
Associate Project Management,139,29,110,-1.7369738515574409,1.7369738515574409
Environmental Awareness,72,15,57,-1.7272935178235116,1.7272935178235116
Current Manufacturing Practices,81,17,64,-1.7208129368176657,1.7208129368176657
Environmental Consulting,29,6,23,-1.7015468381939298,1.7015468381939298
Environmental Science,29,6,23,-1.7015468381939298,1.7015468381939298
Grant Writing,138,30,108,-1.685372083312556,1.685372083312556
Qualtrics,74,16,58,-1.6820149672766842,1.6820149672766842
European Politics,60,13,47,-1.6743886195416193,1.6743886195416193
Operational Planning,87,19,68,-1.6727678736438865,1.6727678736438865
Policy Research,55,12,43,-1.6633808877317904,1.6633808877317904
Architectural Research,50,11,39,-1.6503022304832795,1.6503022304832795
Archival Research,41,9,32,-1.646296884674605,1.646296884674605
ASP.NET Extensions for AJAX,30,27,3,1.6450744422317491,1.6450744422317491
Social Media Planning,63,14,49,-1.6441726140935238,1.6441726140935238
English as a Second Language,32,7,25,-1.6401240255675242,1.6401240255675242
Behavioral Science,32,7,25,-1.6401240255675242,1.6401240255675242
Academic English,375,85,290,-1.6394357942946596,1.6394357942946596
React JSX,100,89,11,1.6355429959661976,1.6355429959661976
Nonparametric Statistics,80,18,62,-1.6337444186034853,1.6337444186034853
Relationship Building,97,22,75,-1.6269659409900123,1.6269659409900123
Canvas LMS,36,8,28,-1.6261865177237418,1.6261865177237418
Civil Engineering Design,36,8,28,-1.6261865177237418,1.6261865177237418
External Audit,38,34,4,1.6205333333156329,1.6205333333156329
Oracle Bpel Process Management,90,80,10,1.620533333315632,1.620533333315632
Management Consultancy,55,49,6,1.613821898727645,1.613821898727645
Medical Research,27,6,21,-1.6125993521774342,1.6125993521774342
Personnel Security,87,20,67,-1.6080513056795294,1.6080513056795294
Policy Analysis,95,22,73,-1.600118690953825,1.600118690953825
Financial Accounting,54,48,6,1.593413027096438,1.593413027096438
Intelligence Analysis,39,9,30,-1.5827834789522788,1.5827834789522788
Open Programming Language,2433,2143,290,1.582243115800658,1.582243115800658
Java API for RESTful Web Services,2747,2419,328,1.5804307543633003,1.5804307543633003
Java Specification Requests,45,40,5,1.5802052879286599,1.5802052879286599
Distributed Systems,70,62,8,1.5787517993006768,1.5787517993006768
Academic Research,135,32,103,-1.5746801173151401,1.5746801173151401
Spring Framework,94,83,11,1.5661510025421972,1.5661510025421972
Validation,26,6,20,-1.5649713031881793,1.5649713031881793
Editorial Development,26,6,20,-1.5649713031881793,1.5649713031881793
ASP.NET MVC Framework,69,61,8,1.5626224173707932,1.5626224173707932
AWS Cloud Development Kit,36,32,4,1.56081409861401,1.56081409861401
Story Editing,154,37,117,-1.558445994553257,1.558445994553257
Eclipse IDE,134,118,16,1.5552039857232423,1.5552039857232423
gRPC,52,46,6,1.5513015417463105,1.5513015417463105
MySQL Workbench,2332,2045,287,1.54582608318664,1.54582608318664
Search Marketing,76,67,9,1.5444872053265817,1.5444872053265817
University Teaching,230,56,174,-1.5440326974354952,1.5440326974354952
Alternative Investments,108,95,13,1.540087968096893,1.540087968096893
IBM SPSS Modeler,270,66,204,-1.5397146217664561,1.5397146217664561
Architectural Leadership,54,13,41,-1.5393523357376768,1.5393523357376768
Photo Video Editing,58,14,44,-1.5376891336910736,1.5376891336910736
Gentoo Linux,2738,2398,340,1.5358351014071436,1.5358351014071436
Corporate Analysis,27,24,3,1.5295615551099049,1.5295615551099049
Engineering Science,49,12,37,-1.5149608826135177,1.5149608826135177
Social Services,25,6,19,-1.5149608826135177,1.5149608826135177
Intercultural Communication,45,11,34,-1.5149608826135177,1.5149608826135177
Training Delivery,25,6,19,-1.5149608826135177,1.5149608826135177
Stem Cell Biology,148,37,111,-1.5060322518692164,1.5060322518692164
Software Design Documents,42,37,5,1.5032442467925318,1.5032442467925318
PHP Frameworks,1152,1005,147,1.5030634394874238,1.5030634394874238
Transfer Learning,100,25,75,-1.5018027980360067,1.5018027980360067
Retail Customer Service,76,19,57,-1.4977190761790116,1.4977190761790116
Azure Synapse Analytics,34,30,4,1.4973006928916845,1.4973006928916845
Laboratory Skills,241,61,180,-1.4930421969058716,1.4930421969058716
Arcgis Products,56,14,42,-1.4917040204492507,1.4917040204492507
English Grammar,48,12,36,-1.4879322102255976,1.4879322102255976
Representational State Transfer,26,23,3,1.4878888587093373,1.4878888587093373
Information Technology Management,26,23,3,1.4878888587093373,1.4878888587093373
PeopleSoft Project Portfolio Management,26,23,3,1.4878888587093373,1.4878888587093373
Legal Research Skills,570,146,424,-1.4802351712396877,1.4802351712396877
Computer Literacy,63,16,47,-1.4737179240794687,1.4737179240794687
Nonprofit Communications,148,38,110,-1.4707058736094774,1.4707058736094774
Software Application Development,3026,2628,398,1.470112528083825,1.470112528083825
iOS Development,162,141,21,1.4678981880042667,1.4678981880042667
Social Media Outreach,93,24,69,-1.459002228965474,1.459002228965474
Agile Project Management,2538,2201,337,1.458980120937816,1.458980120937816
Quantitative Research Methodologies,66,17,49,-1.4561203825905835,1.4561203825905835
Software Development Life Cycle,205,178,27,1.4540540026017599,1.4540540026017599
External Auditing,25,22,3,1.4444037467695985,1.4444037467695985
Android Software Development,151,131,20,1.442233371528049,1.442233371528049
Interest Rate Derivatives,232,201,31,1.4394532416097423,1.4394532416097423
Android Development,91,79,12,1.4336797834066228,1.4336797834066228
Classroom Instruction,31,8,23,-1.43328285159925,1.43328285159925
Polymer Science,61,16,45,-1.4307005389957776,1.4307005389957776
Lua,32,28,4,1.4294780965529235,1.4294780965529235
Internal Audit Best Practices,32,28,4,1.4294780965529235,1.4294780965529235
C#,2466,2129,337,1.4257283851052756,1.4257283851052756
Go,419,362,57,1.4248909325460168,1.4248909325460168
Technical Report Writing,42,11,31,-1.4239891044077906,1.4239891044077906
Instructure Canvas,27,7,20,-1.421870459547506,1.421870459547506
Environmental Engineering,27,7,20,-1.421870459547506,1.421870459547506
Fine Art,27,7,20,-1.421870459547506,1.421870459547506
Proofreading,68,18,50,-1.4205511981424435,1.4205511981424435
Xcode,75,65,10,1.41432629153232,1.41432629153232
Hotel Asset Management,46,40,6,1.4131512032654934,1.4131512032654934
Community Engagement,97,26,71,-1.408901310653194,1.408901310653194
Commercial Banking,89,77,12,1.408200698105638,1.408200698105638
Organizational Change Management,53,46,7,1.4082006981056372,1.4082006981056372
Platform Strategy,60,52,8,1.4043984121558992,1.4043984121558992
Image Editing,34,9,25,-1.4037352475032936,1.4037352475032936
Scientific Data Management,34,9,25,-1.4037352475032936,1.4037352475032936
Google Workspace,34,9,25,-1.4037352475032936,1.4037352475032936
Working with Children Ages 05,78,21,57,-1.400080606615096,1.400080606615096
Prototype JavaScript Framework,3260,2801,459,1.3914227312641894,1.3914227312641894
Embedded Software Programming,2101,1805,296,1.3901970283343241,1.3901970283343241
Clinical Research Ethics,30,8,22,-1.3897977396595111,1.3897977396595111
Questionnaire Design,30,8,22,-1.3897977396595111,1.3897977396595111
Conflict Mediation,30,8,22,-1.3897977396595111,1.3897977396595111
Public Policy Research,325,89,236,-1.3880581765965858,1.3880581765965858
Biotechnology Industry,121,33,88,-1.3878057071282717,1.3878057071282717
Strategy Execution,122,105,17,1.380161478041245,1.380161478041245
AngularJS,129,111,18,1.3799052648704864,1.3799052648704864
Survey Data Analysis,37,10,27,-1.3791593414544563,1.3791593414544563
Inmemory Database,255,219,36,1.3776913779813724,1.3776913779813724
Journalism Education,26,7,19,-1.3718600389728444,1.3718600389728444
Multicultural Team Management,62,17,45,-1.3718600389728435,1.3718600389728435
Journalistic Writing,33,9,24,-1.3637299128895943,1.3637299128895943
Complex Accounting,44,38,6,1.3625074704467384,1.3625074704467384
Financial Auditing,30,26,4,1.3567187422704947,1.3567187422704947
Materials Science,79,22,57,-1.3546182325383382,1.3546182325383382
Dependency Management,544,465,79,1.3510064811114275,1.3510064811114275
Office Administration,61,17,44,-1.3496369021881334,1.3496369021881334
Administrative,75,21,54,-1.3464963604809892,1.3464963604809892
Discrete Event Simulation,29,8,21,-1.3443353655827543,1.3443353655827543
HTML Components,3195,2726,469,1.3427571217723906,1.3427571217723906
Git Flow,2030,1732,298,1.3422022042859936,1.3422022042859936
Project Outcomes,36,10,26,-1.3421180697741075,1.3421180697741075
Swift Messaging,84,72,12,1.3415093236069655,1.3415093236069655
Trade Finance,50,43,7,1.3415093236069655,1.3415093236069655
AutoCAD DXF,92,26,66,-1.3364058086150399,1.3364058086150399
Object-Oriented CSS,300,256,44,1.335290881493222,1.335290881493222
Amazon Elasticsearch Service,36,31,5,1.3288908596477542,1.3288908596477542
Litigation Strategy,32,9,23,-1.3220572164890259,1.3220572164890259
Drug Discovery,25,7,18,-1.3192163054874229,1.3192163054874229
Virtual Classroom,25,7,18,-1.3192163054874229,1.3192163054874229
Legal Document Preparation,25,7,18,-1.3192163054874229,1.3192163054874229
Oracle Database Vault,29,25,4,1.3182524614426985,1.3182524614426985
Vim,29,25,4,1.3182524614426985,1.3182524614426985
Java XML,1208,1027,181,1.317279698720076,1.317279698720076
Application Development,42,36,6,1.309161489741446,1.309161489741446
Teacher Mentoring,42,12,30,-1.308346633250518,1.308346633250518
Community Outreach,1270,369,901,-1.3082578962005236,1.3082578962005236
Volunteer Management,121,35,86,-1.3069603114018715,1.3069603114018715
Kotlin,167,142,25,1.3043149535989165,1.3043149535989165
Manual Data Entry,141,41,100,-1.3008128942078865,1.3008128942078865
Day Trading,127,108,19,1.2999871134654057,1.2999871134654057
Public Health Research,28,8,20,-1.2967073165934995,1.2967073165934995
Multiple Project Coordination,28,8,20,-1.2967073165934995,1.2967073165934995
jQuery UI,813,689,124,1.295312387383186,1.295312387383186
Higher Education Administration,79,23,56,-1.29358881094769,1.29358881094769
Sme Banking,61,52,9,1.2931727770456751,1.2931727770456751
Oracle WebLogic,61,52,9,1.2931727770456751,1.2931727770456751
Bootstrap,100,85,15,1.2913277580721054,1.2913277580721054
Ruby on Rails,113,96,17,1.290993533470064,1.290993533470064
Public Policy,38,11,27,-1.2881875632487292,1.2881875632487292
Administrative Training,38,11,27,-1.2881875632487292,1.2881875632487292
Event Planning,278,82,196,-1.2842127319140886,1.2842127319140886
Social Media Intelligence,75,22,53,-1.2825149386369947,1.2825149386369947
Computational Neuroscience,31,9,22,-1.278572104549287,1.278572104549287
Documentary Research,31,9,22,-1.278572104549287,1.278572104549287
Peer Mediation,31,9,22,-1.278572104549287,1.278572104549287
SPSS Modeler,41,12,29,-1.2750102129829264,1.2750102129829264
Educational Fundraising,201,60,141,-1.266004945991904,1.266004945991904
Youth Development,34,10,24,-1.263646454332612,1.263646454332612
Public Relations Skills,167,50,117,-1.2608135912483074,1.2608135912483074
Protein Biochemistry,498,150,348,-1.2560237399570564,1.2560237399570564
Government Proposal Writing,57,17,40,-1.2554496871284329,1.2554496871284329
Linux Console,59,50,9,1.2543329437294117,1.2543329437294117
Spring Integration,40,34,6,1.2528085531903148,1.2528085531903148
Project Coordination,37,11,26,-1.2511462915683804,1.2511462915683804
Cascading Style Sheets,2897,2437,460,1.2500667532312328,1.2500667532312328
Institutional Banking,46,39,7,1.2450490574194033,1.2450490574194033
Semiconductor Device Physics,46,39,7,1.2450490574194033,1.2450490574194033
React Redux,71,60,11,1.243947735722184,1.243947735722184
Leadership Psychology,99,30,69,-1.2399486629027887,1.2399486629027887
Legal Writing,443,135,308,-1.2390987969710947,1.2390987969710947
EC2,52,44,8,1.2390744317305158,1.2390744317305158
Sales Inventory and Operations Planning,30,9,21,-1.2331097304725303,1.2331097304725303
Political Campaigns,59,18,41,-1.224271289097782,1.224271289097782
Web App Development,543,455,88,1.2220445707407208,1.2220445707407208
SAP Technology Consulting,45,38,7,1.219406626806065,1.219406626806065
Software Requirements Analysis,45,38,7,1.219406626806065,1.219406626806065
Daily Scrum,480,402,78,1.218247878124847,1.218247878124847
Qualitative Research Interviewing,91,28,63,-1.2174844125694486,1.2174844125694486
Addressing Schemes,100,84,16,1.2170425595111851,1.2170425595111851
IBM Assembly Language and Successors,57,48,9,1.2139234053915349,1.2139234053915349
Organometallic Chemistry,36,11,25,-1.2126800107405842,1.2126800107405842
Chemical Analysis,116,36,80,-1.2072935177814799,1.2072935177814799
Native SQL,1222,1020,202,1.200959501757898,1.200959501757898
International Taxation,26,22,4,1.1930893184886928,1.1930893184886928
Solidity,26,22,4,1.1930893184886928,1.1930893184886928
Unix Shell,193,161,32,1.186916459381611,1.186916459381611
Autodesk Robot Structural Analysis,29,9,20,-1.1854816814832754,1.1854816814832754
International Event Management,152,48,104,-1.1839718674068358,1.1839718674068358
Backend Development,216,180,36,1.1820699232390819,1.1820699232390819
Automated External Defibrillator,32,10,22,-1.1784886459923047,1.1784886459923047
Twodimensional Gel Electrophoresis,32,10,22,-1.1784886459923047,1.1784886459923047
Apprenticeship Training,32,10,22,-1.1784886459923047,1.1784886459923047
Health Policy Research,32,10,22,-1.1784886459923047,1.1784886459923047
Digital Storytelling,32,10,22,-1.1784886459923047,1.1784886459923047
Sales Statistics,57,18,39,-1.1748785337682053,1.1748785337682053
8d Problem Solving,204,65,139,-1.1723630525656223,1.1723630525656223
Healthcare Consulting,60,19,41,-1.1716275556123597,1.1716275556123597
Project Portfolio Management,660,548,112,1.1678854641254022,1.1678854641254022
Dart for Publishers,37,31,6,1.1618367749845877,1.1618367749845877
Mips Assembly,37,31,6,1.1618367749845877,1.1618367749845877
Spring Data,148,123,25,1.1612141099582436,1.1612141099582436
User Interaction,72,60,12,1.1605661267831326,1.1605661267831326
Editorial Photography,44,14,30,-1.1599266281322453,1.1599266281322453
Data Structure Libraries,725,601,124,1.1587722255645634,1.1587722255645634
Creative Nonfiction Writing,47,15,32,-1.156748659355899,1.156748659355899
Research Management,84,27,57,-1.1539475370761876,1.1539475370761876
Corporate Financial Reporting,89,74,15,1.1536105075149052,1.1536105075149052
Flask,234,194,40,1.1527815950005995,1.1527815950005995
TypeScript,609,504,105,1.1485082929321342,1.1485082929321342
Oracle SQL Developer,25,21,4,1.1476269444119351,1.1476269444119351
Fixed Income Analysis,377,312,65,1.1462057325898414,1.1462057325898414
Energy Engineering,25,8,17,-1.1384833113786055,1.1384833113786055
Treasury Management,42,35,7,1.1382810819936973,1.1382810819936973
Journalism,28,9,19,-1.1354712609086137,1.1354712609086137
Social Media Monitoring,28,9,19,-1.1354712609086137,1.1354712609086137
Adobe Design Programs,31,10,21,-1.133026271915548,1.133026271915548
Education Strategy,34,11,23,-1.1310019797263164,1.1310019797263164
Project Management Software,37,12,25,-1.1292984018015328,1.1292984018015328
Tax Research,400,330,70,1.1286453555281097,1.1286453555281097
Marketing Communications Planning,122,40,82,-1.1278449131735506,1.1278449131735506
Entrepreneurship Education,40,13,27,-1.1278449131735497,1.1278449131735497
Microsoft Dynamics Finance,70,58,12,1.1269495159841476,1.1269495159841476
UX Research,1929,1589,340,1.1244110608158824,1.1244110608158824
Structured Query Language Procedural Language,4201,3460,741,1.1241446107585231,1.1241446107585231
React Native,970,799,171,1.1230546717226062,1.1230546717226062
Windows Template Libraries,47,39,8,1.1198859144653976,1.1198859144653976
Digital Product Management,109,90,19,1.1185867911907712,1.1185867911907712
Full Stack Development,250,206,44,1.1184626292834854,1.1184626292834854
Creative Writing Workshops,103,34,69,-1.1167160224788404,1.1167160224788404
Microservices Development,58,48,10,1.1138399468345517,1.1138399468345517
ASP.NET MVC,35,29,6,1.0962394924987748,1.0962394924987748
Donor Research,48,16,32,-1.0942283023745656,1.0942283023745656
Agile Product Management,57,47,10,1.0930058599317096,1.0930058599317096
Java Android,101,83,18,1.090727305827122,1.090727305827122
Project Engineer,190,64,126,-1.089925678311256,1.089925678311256
Jupyter Notebook,36,12,24,-1.0892930671878336,1.0892930671878336
Ansys Mechanical,33,11,22,-1.0875168677865776,1.0875168677865776
Object-Oriented Perl,84,69,15,1.0841381347001375,1.0841381347001375
Courts,27,9,18,-1.0828275274231922,1.0828275274231922
Front Desk,27,9,18,-1.0828275274231922,1.0828275274231922
Technical Leadership,1420,1161,259,1.0823622556591124,1.0823622556591124
HTML5,417,341,76,1.0797083442329467,1.0797083442329467
Cloud Computing Architecture,220,180,40,1.0780802097150337,1.0780802097150337
Software Development Tools,29,24,5,1.0775764313668477,1.0775764313668477
Mortgage Banking,29,24,5,1.0775764313668477,1.0775764313668477
International Financial Reporting Standards,78,64,14,1.0761679804297897,1.0761679804297897
Wildlife Science,343,117,226,-1.072655205284283,1.072655205284283
Jenkins 2,110,90,20,1.0685763706161095,1.0685763706161095
Phone Etiquette,53,18,35,-1.0681105583424992,1.0681105583424992
Postman API Platform,45,37,8,1.0679261755346863,1.0679261755346863
Educational Statistics,196,67,129,-1.0679018772065159,1.0679018772065159
Esprit AutoCAD,158,54,104,-1.0673349636810752,1.0673349636810752
Sound Editing,114,39,75,-1.0641805782933105,1.0641805782933105
Global Business Development,88,72,16,1.0638775870086858,1.0638775870086858
Sales Management Consulting,492,401,91,1.0625199671599326,1.0625199671599326
Network Troubleshooting,34,28,6,1.0617533164276054,1.0617533164276054
Software Engineering Practices,34,28,6,1.0617533164276054,1.0617533164276054
Internal Control Frameworks,34,28,6,1.0617533164276054,1.0617533164276054
Logistics Management,70,24,46,-1.057127788988038,1.057127788988038
Stock Valuation,699,569,130,1.0570369621790805,1.0570369621790805
Suspension Cell Culture,406,140,266,-1.056515348777507,1.056515348777507
Social Media Storytelling,1101,380,721,-1.0561947948575932,1.0561947948575932
Social Media Campaigns,113,39,74,-1.0508470474238454,1.0508470474238454
Digital Strategy,71,58,13,1.0499884748480195,1.0499884748480195
Semantic HTML,39,32,7,1.0499884748480186,1.0499884748480186
Research Ethics,35,12,23,-1.047620370787265,1.047620370787265
Flight Training,35,12,23,-1.047620370787265,1.047620370787265
PowerPoint,35,12,23,-1.047620370787265,1.047620370787265
Financial Management Services,140,114,26,1.047081496056709,1.047081496056709
JS Framework,554,450,104,1.044822411698119,1.044822411698119
Amazon S3 Buckets,76,62,14,1.0446693133704184,1.0446693133704184
Software Infrastructure,113,92,21,1.042807115439354,1.042807115439354
Youth Mentoring,95,33,62,-1.0399697118567435,1.0399697118567435
Fixed Income,1079,875,204,1.0378785822976417,1.0378785822976417
Egyptian Arabic Language,29,10,19,-1.0353878023516314,1.0353878023516314
Fixed Income Products,70,57,13,1.0327466684135134,1.0327466684135134
Retail Budget Management,46,16,30,-1.0307148966522393,1.0307148966522393
Unity Connection,138,112,26,1.02945989470689,1.02945989470689
Environmental Problem Solving,63,22,41,-1.0285267119716863,1.0285267119716863
Business Mathematics,54,44,10,1.0277653380633085,1.0277653380633085
Integration Platforms,54,44,10,1.0277653380633085,1.0277653380633085
Web Editing,54,44,10,1.0277653380633085,1.0277653380633085
Website Building,26,9,17,-1.0272576762683814,1.0272576762683814
Simulation Tool,26,9,17,-1.0272576762683814,1.0272576762683814
Nonprofit Management,134,47,87,-1.0272576762683814,1.0272576762683814
Supervising,26,9,17,-1.0272576762683814,1.0272576762683814
Music Information Retrieval,33,27,6,1.0260352338255254,1.0260352338255254
MongoDB Atlas,331,268,63,1.0254624141048656,1.0254624141048656
Express.js,148,120,28,1.0253970717106968,1.0253970717106968
Derivatives Trading,838,678,160,1.0252419427594455,1.0252419427594455
Corporate Finance,59,48,11,1.0228681686288255,1.0228681686288255
Investment Advisory,299,242,57,1.022868168628825,1.022868168628825
AWS,794,642,152,1.0218536267765006,1.0218536267765006
Educational Technology,40,14,26,-1.0193446775110564,1.0193446775110564
Systems Integration,38,31,7,1.0187359313439144,1.0187359313439144
Selenium Testing,43,35,8,1.0131179390396916,1.0131179390396916
Microsoft SQL Server Databases,426,344,82,1.0129472031676694,1.0129472031676694
Particle Physics Experiments,37,13,24,-1.0123320260517055,1.0123320260517055
Molecular Biology Assays,1193,424,769,-1.0111775414729398,1.0111775414729398
Hadoop Distributed File System,79,64,15,1.009476605931118,1.009476605931118
REST API Development,295,238,57,1.0062357685796832,1.0062357685796832
Hedge Funds,968,780,188,1.0044881391220133,1.0044881391220133
Business Intelligence Data Modeling,34,12,22,-1.0041352588475263,1.0041352588475263
New Media,34,12,22,-1.0041352588475263,1.0041352588475263
Manufacturing Process Management,34,12,22,-1.0041352588475263,1.0041352588475263
Equity Capital Markets,546,440,106,1.0034168662813463,1.0034168662813463
Portfolio Management,407,328,79,1.0024312223189713,1.0024312223189713
Copy Editing,168,60,108,-1.000455401889126,1.000455401889126
Fundraising Campaigns,45,16,29,-0.9973784763846476,0.9973784763846476
Web Based PHP Applications,114,92,22,0.9973447413625971,0.9973447413625971
Bloomberg Law,68,55,13,0.9973447413625971,0.9973447413625971
Web Project,461,371,90,0.995850419506525,0.995850419506525
Health Policy Analysis,31,11,20,-0.994426444720566,0.994426444720566
Web Application Design,103,83,20,0.9880731517670389,0.9880731517670389
Firebase Cloud Messaging,108,87,21,0.9872372642845431,0.9872372642845431
Acquisition Marketing,118,95,23,0.9857772323911638,0.9857772323911638
Higher Education Law,224,81,143,-0.9820806088982668,0.9820806088982668
Autodesk Revit,72,26,46,-0.9786561735465424,0.9786561735465424
Angular UI,87,70,17,0.9770632349433468,0.9770632349433468
Environmental Policy Analysis,58,21,37,-0.9726365917881568,0.9726365917881568
Construction Communication,36,13,23,-0.970659329651137,0.970659329651137
Presentation Training,25,9,16,-0.9684171762454481,0.9684171762454481
Institutional Research,25,9,16,-0.9684171762454481,0.9684171762454481
Google SketchUp,25,9,16,-0.9684171762454481,0.9684171762454481
International Development,25,9,16,-0.9684171762454481,0.9684171762454481
Economic Development Research,25,9,16,-0.9684171762454481,0.9684171762454481
Swift,276,221,55,0.9676909747873932,0.9676909747873932
Easy Java Simulations,148,54,94,-0.9667477267759068,0.9667477267759068
Medical Staff Development,55,20,35,-0.9654564042824152,0.9654564042824152
Student Recruiting,55,20,35,-0.9654564042824152,0.9654564042824152
Apollo GraphQL,131,105,26,0.9652176259785366,0.9652176259785366
Graphics Editing,85,31,54,-0.9645617497830186,0.9645617497830186
Mobile Application Development,101,81,20,0.9638295401570467,0.9638295401570467
Customer Portfolio Management,76,61,15,0.9618485569418631,0.9618485569418631
Online Training,33,12,21,-0.9586728847707695,0.9586728847707695
Structural Engineering Software,52,19,33,-0.957479567206728,0.957479567206728
.NET Framework,46,37,9,0.9567005404244622,0.9567005404244622
Infrastructure Asset Management,130,104,26,0.9556937444672808,0.9556937444672808
Research Consulting,120,96,24,0.954521296848851,0.954521296848851
Amt Asset Management Software,110,88,22,0.9531386488581015,0.9531386488581015
MySQL MariaDB,184,147,37,0.9531386488581011,0.9531386488581011
Code Review,31,25,6,0.9505276813173804,0.9505276813173804
Capital Market Operations,424,338,86,0.9480310844690876,0.9480310844690876
Backend Infrastructure,26,21,5,0.9469562489497836,0.9469562489497836
Corporate Tax,26,21,5,0.9469562489497836,0.9469562489497836
Purified Protein Derivative,26,21,5,0.9469562489497836,0.9469562489497836
System Architecture,26,21,5,0.9469562489497836,0.9469562489497836
Paid Social Media Advertising,219,81,138,-0.9466158993259839,0.9466158993259839
Digital Content Editing,119,44,75,-0.9449920610281923,0.9449920610281923
Time Series Analysis and Forecasting,30,11,19,-0.9444160241459043,0.9444160241459043
Professional Communication,30,11,19,-0.9444160241459043,0.9444160241459043
SQLite,70,56,14,0.9437433947804577,0.9437433947804577
Software Engineering 2004,339,270,69,0.942596751770381,0.942596751770381
Data Cleaning,73,27,46,-0.9416149018661937,0.9416149018661937
Legal Analysis,60,48,12,0.9394865596897741,0.9394865596897741
Capital Markets,865,688,177,0.9391961153078312,0.9391961153078312
Social Media Communications,89,33,56,-0.9390437932667828,0.9390437932667828
Adult Cardiopulmonary Resuscitation,54,20,34,-0.9368830318383594,0.9368830318383594
Scala,128,102,26,0.9363694716408775,0.9363694716408775
IT Business Analysis,342,272,70,0.9356773103396678,0.9356773103396678
Investment Management Industry,351,279,72,0.9330671367891168,0.9330671367891168
Investment Management,710,564,146,0.9325663611871864,0.9325663611871864
Management Due Diligence,287,228,59,0.9292113038372674,0.9292113038372674
Parallel Programming,74,59,15,0.9287876946809757,0.9287876946809757
Commercial Finance,1437,1140,297,0.92745922279335,0.92745922279335
Classroom Management,107,40,67,-0.9271742177113991,0.9271742177113991
Design Team Coordination,43,16,27,-0.9271742177113991,0.9271742177113991
Grassroots,27,10,17,-0.9271742177113991,0.9271742177113991
Nonprofit Marketing,75,28,47,-0.9271742177113982,0.9271742177113982
Market Share Analysis,35,13,22,-0.9271742177113982,0.9271742177113982
Editorial Judgment,35,13,22,-0.9271742177113982,0.9271742177113982
Corporate Finance Principles,1875,1487,388,0.9262103736666745,0.9262103736666745
JUnit,40,32,8,0.924825331894013,0.924825331894013
Equities,2045,1620,425,0.9208764806227652,0.9208764806227652
Full Software Development Lifecycle,155,123,32,0.9186524727869321,0.9186524727869321
SEO Copywriting,56,21,35,-0.9178283552931612,0.9178283552931612
Financial Report Writing,109,41,68,-0.9174889119769354,0.9174889119769354
Investment Banking,2029,1606,423,0.9169110705183958,0.9169110705183958
Apache Spark,126,100,26,0.9166644005615456,0.9166644005615456
Java Web Services Development Pack,126,100,26,0.9166644005615456,0.9166644005615456
Mentoring,48,18,30,-0.9163045454744951,0.9163045454744951
Web Cache Communication Protocols,418,331,87,0.9156404223169403,0.9156404223169403
Machine Learning Algorithms,1725,1365,360,0.9154353902433479,0.9154353902433479
Flutter,54,43,11,0.9140653087800263,0.9140653087800263
Grassroots Fundraising,106,40,66,-0.9122485674947232,0.9122485674947232
Facebook Advertising,69,26,43,-0.9119647990478699,0.9119647990478699
Clinical Product Development,32,12,20,-0.9110448357815146,0.9110448357815146
Embedded Linux,32,12,20,-0.9110448357815146,0.9110448357815146
Interest Rate Risk Management,92,73,19,0.910522346703682,0.910522346703682
Interactive Web Development,30,24,6,0.9105223467036812,0.9105223467036812
Channel Strategy,30,24,6,0.9105223467036812,0.9105223467036812
JavaScript Build,68,54,14,0.9077034582972612,0.9077034582972612
Character Encodings in HTML,68,54,14,0.9077034582972612,0.9077034582972612
Alternative Investment Strategies,125,99,26,0.9066643172269622,0.9066643172269622
Real Estate Private Equity,627,495,132,0.9026361143983577,0.9026361143983577
Project Engineering,37,14,23,-0.8992003656689924,0.8992003656689924
Rhino,37,14,23,-0.8992003656689924,0.8992003656689924
Global Leadership,58,46,12,0.8973750743396467,0.8973750743396467
Joint Design Manufacturing,39,31,8,0.8935727883899087,0.8935727883899087
Python Flask,4113,3239,874,0.893173387485947,0.893173387485947
React Native Applications,227,179,48,0.8922628160394881,0.8922628160394881
Computational Biology,29,11,18,-0.8917722906604828,0.8917722906604828
Financial Analysis Software,2224,1751,473,0.8917273360660003,0.8917273360660003
Collaborative Leadership,42,16,26,-0.8901329460310503,0.8901329460310503
Online Writing,42,16,26,-0.8901329460310503,0.8901329460310503
Investment Strategy,597,470,127,0.8893310004815453,0.8893310004815453
Derivative Valuation,816,642,174,0.887093481181485,0.887093481181485
Philosophy of Science,99,38,61,-0.8847275274641424,0.8847275274641424
Bloomberg,1113,875,238,0.8840772474521024,0.8840772474521024
Bloomberg Terminal,692,544,148,0.8829343901848525,0.8829343901848525
Logical Data Modeling,34,27,7,0.8829343901848521,0.8829343901848521
SQL Injection,34,13,21,-0.8817118436346414,0.8817118436346414
Digital Communication Strategy,34,13,21,-0.8817118436346414,0.8817118436346414
Google Sheets,91,35,56,-0.881056535616433,0.881056535616433
Emerging Markets,127,100,27,0.8796231288811969,0.8796231288811969
Computer Science Engineering,820,644,176,0.8788053520604824,0.8788053520604824
Professional Technical Training,158,61,97,-0.8771637971367379,0.8771637971367379
Financial Risk Modeling,967,759,208,0.8763726868515636,0.8763726868515636
Canva Design,39,15,24,-0.8741816875708883,0.8741816875708883
Non Linear Editing,39,15,24,-0.8741816875708883,0.8741816875708883
Cybersecurity Incident Management,43,34,9,0.8733189314854117,0.8733189314854117
Computer Networking,43,34,9,0.8733189314854117,0.8733189314854117
Multiprotocol Label Switching,43,34,9,0.8733189314854117,0.8733189314854117
Operating Systems Design,117,92,25,0.8721815984085906,0.8721815984085906
Empirical Research,98,38,60,-0.8683337176884658,0.8683337176884658
Data Mining Methods,26,10,16,-0.8683337176884658,0.8683337176884658
Creative Direction,26,10,16,-0.8683337176884658,0.8683337176884658
Adobe Creative,44,17,27,-0.8683337176884649,0.8683337176884649
Feature Articles,31,12,19,-0.861034415206853,0.861034415206853
Recruitment Marketing,59,23,36,-0.8566604333837402,0.8566604333837402
Linux Commands,79,62,17,0.856617081867479,0.856617081867479
Django Rest Framework,47,37,10,0.856617081867479,0.856617081867479
Operational Risk Management,79,62,17,0.856617081867479,0.856617081867479
Snowflake Schema,47,37,10,0.856617081867479,0.856617081867479
Financial Markets,376,294,82,0.8561321158055977,0.8561321158055977
Scanning Electron Microscopy,36,14,22,-0.8557152537292536,0.8557152537292536
Adobe Acrobat,36,14,22,-0.8557152537292536,0.8557152537292536
Apache Kafka,88,69,19,0.8545636930556375,0.8545636930556375
Finance Analysis,56,44,12,0.853411950918531,0.853411950918531
Embedded SQL,56,44,12,0.853411950918531,0.853411950918531
Tutoring,69,27,42,-0.8516666652032541,0.8516666652032541
Service Portfolio Management,106,83,23,0.8514976167612884,0.8514976167612884
Healthcare Customer Service,2213,871,1342,-0.8484215553683521,0.8484215553683521
Crispr Gene Editing,188,74,114,-0.8461242915541884,0.8461242915541884
Microsoft Excel,51,20,31,-0.8459112536326323,0.8459112536326323
Jest,33,26,7,0.8458931185045033,0.8458931185045033
Frontend Development,232,181,51,0.8433252520898069,0.8433252520898069
Unit Testing,51,40,11,0.8426063447978809,0.8426063447978809
Tax Management,51,40,11,0.8426063447978809,0.8426063447978809
Industrial Research,66,26,40,-0.8405058350657253,0.8405058350657253
Corporate Strategy Formulation,168,131,37,0.838317324696046,0.838317324696046
Strategic Marketing,28,11,17,-0.836202439505672,0.836202439505672
Strategy Development,64,50,14,0.8314760929093774,0.8314760929093774
Interpersonal Skills,390,155,235,-0.8314137757825919,0.8314137757825919
Sports Marketing,43,17,26,-0.8312924460081161,0.8312924460081161
Active Listening,43,17,26,-0.8312924460081161,0.8312924460081161
Patient Family Teaching,136,54,82,-0.8309461856168454,0.8309461856168454
Software Testing Automation Framework,158,123,35,0.8303598656412543,0.8303598656412543
International Relations,161,64,97,-0.829535748147483,0.829535748147483
Structured Finance,207,161,46,0.8287042361239925,0.8287042361239925
Product Strategy,122,95,27,0.828591648868751,0.828591648868751
MATLAB,2359,940,1419,-0.827996921117349,0.827996921117349
Retail Banking,37,29,8,0.8279755059040959,0.8279755059040959
Programming Languages,83,33,50,-0.8267764913957016,0.8267764913957016
Oracle Retail,28,22,6,0.8253645383633748,0.8253645383633748
Technology Entrepreneurship,99,77,22,0.8204140332035195,0.8204140332035195
News Writing,120,48,72,-0.8183713578625991,0.8183713578625991
Equity Research,1583,1226,357,0.8164359076190735,0.8164359076190735
Motivational Speaking,3194,1282,1912,-0.8159485826011744,0.8159485826011744
Multimedia Marketing Communications,65,26,39,-0.8155045328603077,0.8155045328603077
Geometric Dimensioning and Tolerancing,55,22,33,-0.8143787235660547,0.8143787235660547
Stakeholder Engagement,45,18,27,-0.812763866533655,0.812763866533655
Azure Kubernetes,200,155,45,0.8125848117169765,0.8125848117169765
Training Design,122,49,73,-0.8116613305895548,0.8116613305895548
Financial Modeling,1916,1482,434,0.8109405922210258,0.8109405922210258
Internal Communications,35,14,21,-0.8102528796524968,0.8102528796524968
Interviewing,30,12,18,-0.8083906817214315,0.8083906817214315
Chinese Literature,30,12,18,-0.8083906817214315,0.8083906817214315
Grafana,32,25,7,0.8074268376767071,0.8074268376767071
Video Blogging,243,98,145,-0.806468132378912,0.806468132378912
Web Design Principles,25,10,15,-0.8058133607071314,0.8058133607071314
Scientific Training,25,10,15,-0.8058133607071314,0.8058133607071314
Customer Research,111,86,25,0.8051173678280446,0.8051173678280446
Business Workflow Analysis,67,52,15,0.8036245517269691,0.8036245517269691
Multitasking Skills,67,27,40,-0.8034645633853765,0.8034645633853765
Procedure Writing,121,49,72,-0.7979624862313921,0.7979624862313921
Technology Valuation,189,146,43,0.7979158964170758,0.7979158964170758
Active Learning,47,19,28,-0.7958382156503117,0.7958382156503117
Software Business Analysis,158,122,36,0.7944501754509279,0.7944501754509279
Interpersonal Communication,246,100,146,-0.7932162949033996,0.7932162949033996
Online Survey Design,42,17,25,-0.7928261651803199,0.7928261651803199
Visual Merchandising Standards,42,17,25,-0.7928261651803199,0.7928261651803199
Digital Manufacturing,69,28,41,-0.7921379339074557,0.7921379339074557
Research Analysis,64,26,38,-0.7898621022469703,0.7898621022469703
Event Management Software,37,15,22,-0.789023879230581,0.789023879230581
Military Operations,59,24,35,-0.7872081728760971,0.7872081728760971
Requirements Engineering,131,101,30,0.7859835209230681,0.7859835209230681
Microsoft BI Suite,32,13,19,-0.7840733740707249,0.7840733740707249
Institutional Sales,40,31,9,0.7823471532796846,0.7823471532796846
International Economic Law,169,130,39,0.7787239609102636,0.7787239609102636
Model Training,754,579,175,0.7781780259284781,0.7781780259284781
Biochemical Engineering,27,11,16,-0.7773619394827387,0.7773619394827387
Digital Fundraising,44,18,26,-0.7757225948533062,0.7757225948533062
Strategic Communications Counsel,151,62,89,-0.775420662483862,0.775420662483862
Functional Programming,87,67,20,0.775354117788714,0.775354117788714
Django Framework,190,146,44,0.7751876453395199,0.7751876453395199
Tax Accounting,44,34,10,0.7732354729284285,0.7732354729284285
Fund Accounting,61,47,14,0.7702324676686585,0.7702324676686585
Lesson Planning,119,49,70,-0.7699886341889863,0.7699886341889863
OCaml,279,214,65,0.7699110017814572,0.7699110017814572
Higher Education Research,293,121,172,-0.7668315676362192,0.7668315676362192
HR Project Management,51,21,30,-0.7660223424251571,0.7660223424251571
Vue.js,99,76,23,0.7639417257369692,0.7639417257369692
Academic Program Management,104,43,61,-0.7626248306632419,0.7626248306632419
Statistical Hypothesis Testing,34,14,20,-0.7626248306632419,0.7626248306632419
Corporate Storytelling,34,14,20,-0.7626248306632419,0.7626248306632419
Wealth Management,52,40,12,0.7592247358588295,0.7592247358588295
Unix System Services,35,27,8,0.7577712472308464,0.7577712472308464
JSON Web Signature,73,56,17,0.7556911632775183,0.7556911632775183
Real Estate Project Management,65,27,38,-0.7528208305666215,0.7528208305666215
High Performance Computing,53,22,31,-0.7528208305666206,0.7528208305666206
Press Releases,77,32,45,-0.7528208305666206,0.7528208305666206
Employee Training,41,17,24,-0.7528208305666206,0.7528208305666206
Economic Modeling,29,12,17,-0.7528208305666206,0.7528208305666206
Query Writing,102,78,24,0.7480769132922731,0.7480769132922731
Legal Due Diligence,85,65,20,0.7452766625514355,0.7452766625514355
Training and Development Needs Assessment,43,33,10,0.7438215877221346,0.7438215877221346
Economic Theories,36,15,21,-0.7435615051538242,0.7435615051538242
Film Editing,36,15,21,-0.7435615051538242,0.7435615051538242
Employee Conflict Resolution,74,31,43,-0.7391219862084588,0.7391219862084588
Economic Policy Analysis,93,39,54,-0.7382486237075296,0.7382486237075296
Computer Programming,1336,1016,320,0.7378897627622685,0.7378897627622685
Financial Literacy Training,72,55,17,0.7378335458775123,0.7378335458775123
Fortran,43,18,25,-0.73725631402551,0.73725631402551
Diversity and Inclusion,62,26,36,-0.7365161215416771,0.7365161215416771
Analyses Big Data,1730,1315,415,0.7361408922394364,0.7361408922394364
Java Code,501,381,120,0.736112503848394,0.736112503848394
Exploratory Data Analysis,283,119,164,-0.7359427927792699,0.7359427927792699
Object-Oriented Programming,567,431,136,0.7345943019530603,0.7345943019530603
Alternative Financial Services,51,39,12,0.7342234336534128,0.7342234336534128
Military Logistics,50,21,29,-0.7326859221575655,0.7326859221575655
Private Equity Fund,508,386,122,0.7326722440972873,0.7326722440972873
Unsecured Loans,26,20,6,0.7322741152973631,0.7322741152973631
Senior Real Estate,26,20,6,0.7322741152973631,0.7322741152973631
Customer Negotiations,31,13,18,-0.7314296405853034,0.7314296405853034
Mathematical Modeling,121,51,70,-0.7303794960939403,0.7303794960939403
Presentation Coaching,38,16,22,-0.7265035222492475,0.7265035222492475
Web Development Technology,38,16,22,-0.7265035222492475,0.7265035222492475
Customer Insight,30,23,7,0.7257488066624402,0.7257488066624402
Monetary Economics,30,23,7,0.7257488066624402,0.7257488066624402
Group Financial Reporting,67,51,16,0.7218728328177475,0.7218728328177475
Hedges,34,26,8,0.7207299755504977,0.7207299755504977
Model Risk Management,34,26,8,0.7207299755504977,0.7207299755504977
HTML Formatting,34,26,8,0.7207299755504977,0.7207299755504977
NoSQL,75,57,18,0.7176656217736177,0.7176656217736177
Direct Investments,190,144,46,0.7174786010137679,0.7174786010137679
Global Project Management,346,262,84,0.7171509537231424,0.7171509537231424
Java EE Connector Architecture,79,60,19,0.7158803055216874,0.7158803055216874
Investment Properties,26,11,15,-0.7148415825014043,0.7148415825014043
Aspen Plus,26,11,15,-0.7148415825014043,0.7148415825014043
Sketchup,26,11,15,-0.7148415825014043,0.7148415825014043
Defense Satellite Communications Systems,26,11,15,-0.7148415825014043,0.7148415825014043
Television News,26,11,15,-0.7148415825014043,0.7148415825014043
Java Cryptography Extension,101,43,58,-0.7126144100885803,0.7126144100885803
Engineering Procurement and Construction Management,40,17,23,-0.7111481341660522,0.7111481341660522
Emerging Market Debt,95,72,23,0.7102375467651081,0.7102375467651081
WordPress REST API,47,20,27,-0.7101097124735709,0.7101097124735709
Project Management Information Systems,54,41,13,0.7066551478468606,0.7066551478468606
PHP Modules,58,44,14,0.7049919458002574,0.7049919458002574
WordPress Developer,62,47,15,0.7035410931699868,0.7035410931699868
Linux Virtual Server,70,53,17,0.7011321790270841,0.7011321790270841
Student Mentoring,70,30,40,-0.6999238844445355,0.6999238844445355
C++,5303,3994,1309,0.698924436028922,0.698924436028922
Safety Training Programs,42,18,24,-0.6972509794118107,0.6972509794118107
Autodesk Fusion 360,179,77,102,-0.6959334561645694,0.6959334561645694
Retail Leadership,35,15,20,-0.6959334561645694,0.6959334561645694
Singing,35,15,20,-0.6959334561645694,0.6959334561645694
Project Procurement Management,28,12,16,-0.6939803305436874,0.6939803305436874
Requirements Management,28,12,16,-0.6939803305436874,0.6939803305436874
Industrial Communication Protocols,28,12,16,-0.6939803305436874,0.6939803305436874
Mergers and Acquisitions,387,291,96,0.6891484035001989,0.6891484035001989
Sports Coaching,51,22,29,-0.6872235480808078,0.6872235480808078
Economic Analysis,571,429,142,0.6869311477701965,0.6869311477701965
Applied Economics,750,563,187,0.6840398941239574,0.6840398941239574
Notion Productivity Software,85,64,21,0.6822636947227014,0.6822636947227014
Industrial Robotics,81,61,20,0.6822636947227014,0.6822636947227014
Data Structure Alignment,29,22,7,0.6822636947227014,0.6822636947227014
Computer Engineering,29,22,7,0.6822636947227014,0.6822636947227014
Electronic Trading,33,25,8,0.6822636947227014,0.6822636947227014
Decentralized Finance,49,37,12,0.6822636947227014,0.6822636947227014
Experimental Software Engineering,29,22,7,0.6822636947227014,0.6822636947227014
Trade Fund Management,29,22,7,0.6822636947227014,0.6822636947227014
Web Application Development,41,31,10,0.6822636947227014,0.6822636947227014
Selective Soldering,29,22,7,0.6822636947227014,0.6822636947227014
XML Documentation,25,19,6,0.6822636947227014,0.6822636947227014
Compiler Optimization,29,22,7,0.6822636947227014,0.6822636947227014
Splunk Enterprise Security,29,22,7,0.6822636947227014,0.6822636947227014
Analog Signal Processing,37,16,21,-0.6810411481724907,0.6810411481724907
Detail Oriented,228,99,129,-0.6798718309204532,0.6798718309204532
Capital Projects,200,87,113,-0.676512637503297,0.676512637503297
Artificial Intelligence for Design,30,13,17,-0.6758597894304925,0.6758597894304925
Oracle Human Capital Management,30,13,17,-0.6758597894304925,0.6758597894304925
Statistical Data Analysis,319,139,180,-0.6740147704569233,0.6740147704569233
Scholarship of Teaching and Learning,303,227,76,0.6735109036131073,0.6735109036131073
Technology Leadership,144,108,36,0.6730893184466611,0.6730893184466611
Computational Science and Engineering,414,310,104,0.6726482360232602,0.6726482360232602
Azure DevOps Server,128,96,32,0.6719543250638402,0.6719543250638402
Social Media Content Management,62,27,35,-0.6716952857542529,0.6716952857542529
Marketing Research,103,45,58,-0.6676630222263142,0.6676630222263142
Customer Service Management,39,17,22,-0.6676630222263134,0.6676630222263134
Litigation Management,266,199,67,0.667338044506026,0.667338044506026
Embedded Systems Development,372,278,94,0.6644696309222335,0.6644696309222335
Social Media Optimization,210,92,118,-0.6640529100022148,0.6640529100022148
Curriculum Design,178,78,100,-0.6634076966561762,0.6634076966561762
HTML Editor,139,104,35,0.6633057809780878,0.6633057809780878
Scope Change Management,68,51,17,0.6630323327948142,0.6630323327948142
Nonprofit Organizations,155,68,87,-0.6611536420407971,0.6611536420407971
RStudio,180,79,101,-0.6606503707669638,0.6606503707669638
Linux Server,60,45,15,0.6605237080862958,0.6605237080862958
Creative Strategy,32,14,18,-0.6599706766031588,0.6599706766031588
Global System for Mobile Communications,91,40,51,-0.6566284275026053,0.6566284275026053
Consumer Research,41,18,23,-0.6555782830112422,0.6555782830112422
Kernel Debugging,44,33,11,0.6528498095164084,0.6528498095164084
Fluid Simulation,50,22,28,-0.6527373720096383,0.6527373720096383
Business Analysis,259,193,66,0.6517269708626201,0.6517269708626201
Securities Research,40,30,10,0.6500028325044802,0.6500028325044802
Sales Leadership,660,491,169,0.6482604188213084,0.6482604188213084
Interdisciplinary Teaching,77,34,43,-0.6481502080027317,0.6481502080027317
Online Journalism,77,34,43,-0.6481502080027317,0.6481502080027317
HR Consulting,36,27,9,0.6465456121206223,0.6465456121206223
Facebook Marketing,34,15,19,-0.6459230355899077,0.6459230355899077
Comparative Politics,34,15,19,-0.6459230355899077,0.6459230355899077
Computational Science,113,50,63,-0.6454151635627392,0.6454151635627392
Acting Teaching,52,23,29,-0.643738436141069,0.643738436141069
Database Management System,32,24,8,0.6422583601090022,0.6422583601090022
Java Business Process Management,32,24,8,0.6422583601090022,0.6422583601090022
Acquisition Due Diligence,416,309,107,0.6411186506115252,0.6411186506115252
Organization Skills,637,283,354,-0.6398448167497839,0.6398448167497839
Dynamic HTML,86,64,22,0.6368013206459446,0.6368013206459446
Google Data Studio,28,21,7,0.6368013206459437,0.6368013206459437
Cloud Application Development,28,21,7,0.6368013206459437,0.6368013206459437
Credit Risk Management,113,84,29,0.6360126770719461,0.6360126770719461
Java Virtual Machine,55,41,14,0.6351961838647151,0.6351961838647151
Executive Calendar Management,36,16,20,-0.6334130991832359,0.6334130991832359
3D Graphic Design,36,16,20,-0.6334130991832359,0.6334130991832359
Mailchimp,36,16,20,-0.6334130991832359,0.6334130991832359
Retirement Planning,27,12,15,-0.631459973562353,0.631459973562353
Visual Merchandising,27,12,15,-0.631459973562353,0.631459973562353
Control Systems Design,27,12,15,-0.631459973562353,0.631459973562353
Computational Fluid Dynamics,27,12,15,-0.631459973562353,0.631459973562353
Debugging Code,151,112,39,0.6303039557919909,0.6303039557919909
Technology Sales,97,72,25,0.6285595157508403,0.6285595157508403
Distributed Team Management,93,69,24,0.6263050410746569,0.6263050410746569
French Horn,66,49,17,0.6234231946997681,0.6234231946997681
Solutions Marketing,43,32,11,0.6225444600210794,0.6225444600210794
Product Lifecycle Management,43,32,11,0.6225444600210794,0.6225444600210794
Word Processing,4197,1887,2310,-0.6185593431325495,0.6185593431325495
Oo Software Development,81,60,21,0.6182418359577708,0.6182418359577708
Test of English for International Communication,29,13,16,-0.6170192894075592,0.6170192894075592
Russian Sign Language,29,13,16,-0.6170192894075592,0.6170192894075592
SQL Familiarity,39,29,10,0.6166664122368886,0.6166664122368886
Financial Statement Analysis,73,54,19,0.6114376421540895,0.6114376421540895
Quantitative Marketing Research,54,40,14,0.610804730740556,0.610804730740556
Rust,107,79,28,0.6095043404402736,0.6095043404402736
Business Performance Management,35,26,9,0.6095043404402736,0.6095043404402736
Syllabus Development,241,109,132,-0.6070066901151292,0.6070066901151292
Google Cloud Platform,171,126,45,0.6061813882652629,0.6061813882652629
Commercial Property Sales,50,37,13,0.6053026535865733,0.6053026535865733
Advertising Copywriting,95,43,52,-0.604400825448348,0.604400825448348
JMP,42,19,23,-0.6029345495258198,0.6029345495258198
Generics in Java,31,23,8,0.6005856637084346,0.6005856637084346
Leadership Development Programs,97,44,53,-0.6005410586751747,0.6005410586751747
Electrical Discharge Machining,44,20,24,-0.5945968253517266,0.5945968253517266
Persistent Data Structure,44,20,24,-0.5945968253517266,0.5945968253517266
AWS IoT,27,20,7,0.5891732716566898,0.5891732716566898
Social Media Graphic Design,92,42,50,-0.5888178542963516,0.5888178542963516
SQL Azure,68,50,18,0.5878540102516272,0.5878540102516272
R,833,381,452,-0.5870255063608769,0.5870255063608769
Mixed Methods Research,105,48,57,-0.586569743805275,0.586569743805275
Social Media Data,53,39,14,0.5858034285351392,0.5858034285351392
Wireless Communications Systems,35,16,19,-0.5834026786085742,0.5834026786085742
Energy Project Management,35,16,19,-0.5834026786085742,0.5834026786085742
Board Leadership,38,28,10,0.5821802361657191,0.5821802361657191
Spanish Culture,266,122,144,-0.5815170715131135,0.5815170715131135
Tax Training,212,155,57,0.5785121898705761,0.5785121898705761
Semiconductor Characterization Techniques,49,36,13,0.5782739811986541,0.5782739811986541
Asset Valuation,245,179,66,0.5766246663211172,0.5766246663211172
Terraform,97,71,26,0.5762041227623769,0.5762041227623769
Technical Problem Solving,718,524,194,0.5756646708324431,0.5756646708324431
X86 Assembly Languages,71,52,19,0.5740501100824691,0.5740501100824691
International Financial Management,45,33,12,0.569468200577357,0.569468200577357
HTML Document Object Models,45,33,12,0.569468200577357,0.569468200577357
Docker Compose,181,132,49,0.5682613819062245,0.5682613819062245
3D Printing,197,91,106,-0.5681546068134127,0.5681546068134127
Italian Language,39,18,21,-0.5666307969947466,0.5666307969947466
Startup Marketing,26,12,14,-0.5647685990636813,0.5647685990636813
Editorial Design,26,12,14,-0.5647685990636813,0.5647685990636813
Strategic Public Relations Planning,445,206,239,-0.5646015983952903,0.5646015983952903
NI LabVIEW,136,63,73,-0.5625940942655534,0.5625940942655534
Doubleclick Digital Marketing,95,44,51,-0.5624412124429039,0.5624412124429039
Numeric Data Entry,54,25,29,-0.5620604051268021,0.5620604051268021
Verilog,85,62,23,0.5618175416468345,0.5618175416468345
Stock Market Analysis,63,46,17,0.5609028377184337,0.5609028377184337
Engineering Statistics,97,45,52,-0.5594494375860819,0.5594494375860819
Digital Media Channels,41,19,22,-0.559449437586081,0.559449437586081
Global Investment Management,103,75,28,0.5578799750349663,0.5578799750349663
Static HTML,30,22,8,0.5571005517686958,0.5571005517686958
HTML Generation,30,22,8,0.5571005517686958,0.5571005517686958
Technical Data Analysis,99,46,53,-0.556577935254059,0.556577935254059
Dataflow Analysis,129,60,69,-0.5550319814793587,0.5550319814793587
Science Journalism,28,13,15,-0.5544989324262248,0.5544989324262248
Brake Lathes,28,13,15,-0.5544989324262248,0.5544989324262248
Sustainable Design,28,13,15,-0.5544989324262248,0.5544989324262248
AutoCAD Map 3D,28,13,15,-0.5544989324262248,0.5544989324262248
Oracle Database Administration,28,13,15,-0.5544989324262248,0.5544989324262248
Adhd Tutoring,333,155,178,-0.5542914635458129,0.5542914635458129
Digital Media Services,43,20,23,-0.5529241289511582,0.5529241289511582
Econometric Modeling,58,27,31,-0.55215013510447,0.55215013510447
Finite Element Analysis,195,91,104,-0.5491966930687981,0.5491966930687981
Financial Data Analysis,718,520,198,0.5476521939823704,0.5476521939823704
Critical Thinking Skills,505,236,269,-0.5469687763624722,0.5469687763624722
Technology Research,37,27,10,0.5464621535636391,0.5464621535636391
Banking Relationship Management,37,27,10,0.5464621535636391,0.5464621535636391
Investment Accounting,37,27,10,0.5464621535636391,0.5464621535636391
Commercial Software Development,37,27,10,0.5464621535636391,0.5464621535636391
Fundamental Analysis,84,61,23,0.545688159716951,0.545688159716951
Information Assurance Vulnerability Management,30,14,16,-0.5455603254254147,0.5455603254254147
French Sign Language,124,58,66,-0.5445237873694051,0.5445237873694051
Azure Machine Learning,62,29,33,-0.5435037694306546,0.5435037694306546
Tableau CRM,109,79,30,0.5416817441015125,0.5416817441015125
Google Docs,79,37,42,-0.5415117368994142,0.5415117368994142
Integrated Circuits,44,32,12,0.5391628510820281,0.5391628510820281
Exchange Traded Derivatives,26,19,7,0.5391628510820281,0.5391628510820281
Corporate Development,44,32,12,0.5391628510820281,0.5391628510820281
Java Enterprise Edition,26,19,7,0.5391628510820281,0.5391628510820281
Server Side JavaScript,26,19,7,0.5391628510820281,0.5391628510820281
Mortgage,26,19,7,0.5391628510820281,0.5391628510820281
Technical Requirements Gathering,26,19,7,0.5391628510820281,0.5391628510820281
Effective Time Management,556,261,295,-0.5385831472865834,0.5385831472865834
Onshape,32,15,17,-0.5377094509496754,0.5377094509496754
Design of Experiments,49,23,26,-0.5364929057874717,0.5364929057874717
Business Valuation,87,63,24,0.5360181944025566,0.5360181944025566
Windows Communication Foundation,51,37,14,0.5338436896044279,0.5338436896044279
Sports Journalism,51,24,27,-0.5318614810672528,0.5318614810672528
PostgreSQL Databases,255,184,71,0.5316034198352115,0.5316034198352115
SAP SQL Anywhere,33,24,9,0.5310327249987781,0.5310327249987781
Version Control Software,33,24,9,0.5310327249987781,0.5310327249987781
Research and Development,838,395,443,-0.5308956084873335,0.5308956084873335
Credit Analysis,58,42,16,0.5297951010784274,0.5297951010784274
Laser Cutting,70,33,37,-0.529144088090753,0.529144088090753
Online Advertising,89,42,47,-0.5275742290556327,0.5275742290556327
Instructor,53,25,28,-0.5275742290556327,0.5275742290556327
OpenCV,90,65,25,0.5270230965314173,0.5270230965314173
Java Annotation,154,111,43,0.5249150588601275,0.5249150588601275
Supply Chain Management Strategies,36,17,19,-0.52456217858564,0.52456217858564
Online Video Marketing,36,17,19,-0.52456217858564,0.52456217858564
Simulink,2512,1807,705,0.524444588794643,0.524444588794643
Client Services,55,26,29,-0.5235941242990059,0.5235941242990059
Dynamic Simulation,55,26,29,-0.5235941242990059,0.5235941242990059
Artificial Intelligence for Business,321,231,90,0.5228814288750003,0.5228814288750003
Training Datasets,93,44,49,-0.5228320743478578,0.5228320743478578
Organizational Leadership,95,45,50,-0.5206096042698176,0.5206096042698176
Social Media Advertising,423,304,119,0.519006121832978,0.519006121832978
Google Slides,38,18,20,-0.5190027480054917,0.5190027480054917
Volunteers,156,74,82,-0.5183477619005297,0.5183477619005297
Oral Written Communication Skills,198,94,104,-0.516935830850576,0.516935830850576
Algorithm Development,120,57,63,-0.5156035520407487,0.5156035520407487
Oral Communication,80,38,42,-0.5151944285820411,0.5151944285820411
Enterprise Social Networking,385,183,202,-0.5148738129973767,0.5148738129973767
Sports Management,61,29,32,-0.5131984199353257,0.5131984199353257
Python for Data Science,3565,2556,1009,0.5128353828217536,0.5128353828217536
Java Profiler,82,59,23,0.5126272974560635,0.5126272974560635
Internet Business Strategy,421,302,119,0.5124163121539227,0.5124163121539227
Apache Maven,29,21,8,0.5116381776919381,0.5116381776919381
Real Estate Valuation,43,31,12,0.5079103075779239,0.5079103075779239
Jira Studio,50,36,14,0.5068150172165087,0.5068150172165087
System Level Testing,50,36,14,0.5068150172165087,0.5068150172165087
Wolfram Mathematica,111,53,58,-0.5056936942812582,0.5056936942812582
Redis,64,46,18,0.5053329865636229,0.5053329865636229
Design Research,67,32,35,-0.5046412010910863,0.5046412010910863
Marketing Law,99,71,28,0.503444768479949,0.503444768479949
Web Design Programs,69,33,36,-0.5021154157028329,0.5021154157028329
Strategic Leadership,253,181,72,0.5013204978988686,0.5013204978988686
Quantitative Analytics,94,45,49,-0.5006089375631477,0.5006089375631477
Training Analysis,217,104,113,-0.4989643594619997,0.4989643594619997
Bilingual Communications,48,23,25,-0.4980266249596754,0.4980266249596754
Customer Service Targets,759,542,217,0.4976406409404679,0.4976406409404679
Chinese Hamster Ovary Cell,102,73,29,0.49654654892760863,0.49654654892760863
Enduser Training and Support,102,73,29,0.49654654892760863,0.49654654892760863
Application Programming Interfaces,88,63,25,0.49601285978885734,0.49601285978885734
Food Science,25,12,13,-0.4933096350815358,0.4933096350815358
Bioprocess Engineering,25,12,13,-0.4933096350815358,0.4933096350815358
Financial Project Management,25,12,13,-0.4933096350815358,0.4933096350815358
Project Management Institute Methodology,561,400,161,0.49186002990029465,0.49186002990029465
Finance Manager,32,23,9,0.4893600285982105,0.4893600285982105
Strategic Human Resources Leadership,164,79,85,-0.48910794822783643,0.48910794822783643
Business Data Management,27,13,14,-0.48780755792755315,0.48780755792755315
Front Office Trading Systems,77,55,22,0.4865191175966066,0.4865191175966066
Legal Marketing,25,18,7,0.4865191175966057,0.4865191175966057
Rapid Prototyping,58,28,30,-0.4841711902841688,0.4841711902841688
Community Organizing,29,14,15,-0.48303996844408026,0.48303996844408026
Jira Service Desk,132,94,38,0.48159299926055077,0.48159299926055077
Aerospace Engineering,126,61,65,-0.4793615617741427,0.4793615617741427
Series 7,31,15,16,-0.4788689509267421,0.4788689509267421
Microsoft Outlook,128,62,66,-0.4783839848648608,0.4783839848648608
IntelliJ IDEA,42,30,12,0.47564944535970266,0.47564944535970266
Engineering Design Process,33,16,17,-0.47518909396834186,0.47518909396834186
Creative Development,33,16,17,-0.47518909396834186,0.47518909396834186
Broadcast Advertising,33,16,17,-0.47518909396834186,0.47518909396834186
Quantum Information Science,35,17,18,-0.4719184451002185,0.4719184451002185
Direct Mail Fundraising,83,59,24,0.470954601055495,0.470954601055495
Computer-Aided Software Engineering,35,25,10,0.47095460105549414,0.47095460105549414
Data Pipelines,35,25,10,0.47095460105549414,0.47095460105549414
Pivot Tables and Charts,35,25,10,0.47095460105549414,0.47095460105549414
Web Content Writing,37,18,19,-0.4689923274308301,0.4689923274308301
Economic Data Analysis,37,18,19,-0.4689923274308301,0.4689923274308301
AutoCAD Civil,345,168,177,-0.4683834530684621,0.4683834530684621
Product Roadmap Management,117,83,34,0.4675387138740872,0.4675387138740872
System Programming,110,78,32,0.4655099415072623,0.4655099415072623
Microsoft SQL Server Data Engine,69,49,20,0.46519918948487415,0.46519918948487415
Social Data Analytics,168,119,49,0.46499510785151266,0.46499510785151266
Component Testing,28,20,8,0.4640101287026841,0.4640101287026841
8051 Microcontroller,28,20,8,0.4640101287026841,0.4640101287026841
CUDA,28,20,8,0.4640101287026841,0.4640101287026841
Recruiting Concepts,41,20,21,-0.46397664293466256,0.46397664293466256
Post Production Editing,90,44,46,-0.4603117173665243,0.4603117173665243
Regression Analysis,45,22,23,-0.4598337058851465,0.4598337058851465
Quantitative Finance,72,51,21,0.45718027859066535,0.45718027859066535
Asia Business Development,167,118,49,0.45659169705513314,0.45659169705513314
Genetic Algorithm,55,39,16,0.45659169705513314,0.45659169705513314
Creative Writing,104,51,53,-0.4544484401776785,0.4544484401776785
Discrete Mathematics,104,51,53,-0.4544484401776785,0.4544484401776785
Mechanical Engineering,53,26,27,-0.45338986562575734,0.45338986562575734
Creo,55,27,28,-0.45206667654748767,0.45206667654748767
Equity Derivatives,48,34,14,0.4504620806653774,0.4504620806653774
Collateral Valuation,48,34,14,0.4504620806653774,0.4504620806653774
Economic Research,558,393,165,0.4497612790949326,0.4497612790949326
Theoretical Computer Science,122,60,62,-0.44887178565096786,0.44887178565096786
Community Service,63,31,32,-0.4476011374495128,0.4476011374495128
IT Business Strategy,240,169,71,0.4468068831751344,0.4468068831751344
Private Equity,31,22,9,0.4458749166584717,0.4458749166584717
Growth Capital,172,121,51,0.4419838611655047,0.4419838611655047
GitHub Copilot,420,295,125,0.44001448432890644,0.44001448432890644
Algorithm Design,165,116,49,0.4395700094857027,0.4395700094857027
Google Drive,91,45,46,-0.4380885805818142,0.4380885805818142
LaTeX,1308,647,661,-0.43773978392672586,0.43773978392672586
Agile Leadership,71,50,21,0.43757180720228916,0.43757180720228916
Pivot Tables,4693,2323,2370,-0.4363748277625481,0.4363748277625481
Failure Mode and Effects Analysis,134,94,40,0.43094926644179576,0.43094926644179576
Financial Economics,44,31,13,0.43094926644179576,0.43094926644179576
Derivative Accounting,54,38,16,0.4309492664417949,0.4309492664417949
Software Industry,34,24,10,0.4309492664417949,0.4309492664417949
Bootstrap Protocol,34,24,10,0.4309492664417949,0.4309492664417949
Interview Coaching,34,24,10,0.4309492664417949,0.4309492664417949
Microsoft Power BI Report Server,127,89,38,0.4272317900416631,0.4272317900416631
Creative Entrepreneurship,77,54,23,0.42485168657367733,0.42485168657367733
Computer Science Education,140,98,42,0.42420387830226414,0.42420387830226414
Figma,266,186,80,0.42382546071394467,0.42382546071394467
English as a Second Language Teaching,362,253,109,0.4230906798292744,0.4230906798292744
Wedding Planning,2087,1040,1047,-0.42305359990801206,0.42305359990801206
Strategic Problem Solving,299,209,90,0.42302529471090367,0.42302529471090367
Entertainment Writing,36,18,18,-0.4163485939454086,0.4163485939454086
Coaching,36,18,18,-0.4163485939454086,0.4163485939454086
Salesforce.com Administration,32,16,16,-0.4163485939454086,0.4163485939454086
Customer Support,28,14,14,-0.4163485939454086,0.4163485939454086
Blogging Software,48,24,24,-0.4163485939454086,0.4163485939454086
Sales Presentations,28,14,14,-0.4163485939454086,0.4163485939454086
Adobe Creative Suite,200,100,100,-0.41634859394540813,0.41634859394540813
Organizational Development,46,23,23,-0.4163485939454077,0.4163485939454077
Customer Satisfaction Research,78,39,39,-0.4163485939454077,0.4163485939454077
Rapid Control Prototyping,58,29,29,-0.4163485939454077,0.4163485939454077
Eagle PCB,26,13,13,-0.4163485939454077,0.4163485939454077
Digital Image Processing,30,15,15,-0.4163485939454077,0.4163485939454077
Emotional Intelligence,40,20,20,-0.4163485939454077,0.4163485939454077
Applied Research,144,72,72,-0.4163485939454077,0.4163485939454077
Scipy,40,20,20,-0.4163485939454077,0.4163485939454077
Security Training,30,15,15,-0.4163485939454077,0.4163485939454077
Strategy Implementation,26,13,13,-0.4163485939454077,0.4163485939454077
Strategic Partnerships,40,20,20,-0.4163485939454077,0.4163485939454077
Hand Coding,26,13,13,-0.4163485939454077,0.4163485939454077
Ansys Simulation Software,30,15,15,-0.4163485939454077,0.4163485939454077
Global HR Leadership,225,157,68,0.4162431190520999,0.4162431190520999
Pandas,469,327,142,0.4157974614211932,0.4157974614211932
Energy Economics,27,19,8,0.41399970812802245,0.41399970812802245
Multithreading,27,19,8,0.41399970812802245,0.41399970812802245
Microsoft Windows,1949,1357,592,0.41270058485339645,0.41270058485339645
JDBC,257,179,78,0.4107279891945623,0.4107279891945623
Change Leadership,395,275,120,0.4105892817168515,0.4105892817168515
Situation Analysis,40,28,12,0.4078268490209416,0.4078268490209416
Web Marketing Strategy,40,28,12,0.4078268490209416,0.4078268490209416
Computer-Aided Manufacturing,185,93,92,-0.40559580216914615,0.40559580216914615
Siemens NX,89,62,27,0.40463195812442176,0.40463195812442176
Raspberry Pi,53,37,16,0.40463195812442176,0.40463195812442176
Java Management Extensions,53,37,16,0.40463195812442176,0.40463195812442176
English Law,174,121,53,0.4038840149332339,0.4038840149332339
Financial Accounting Standards Board,151,105,46,0.4029100463774027,0.4029100463774027
Software as a Service,66,46,20,0.40267883250353975,0.40267883250353975
Microsoft Analysis Services,43,30,13,0.39868840422357454,0.39868840422357454
Business Development Company,95,66,29,0.3964630903706263,0.3964630903706263
Engineering Project Management,546,276,270,-0.39440987126955473,0.39440987126955473
Spanish Language,75,38,37,-0.39003128562803546,0.39003128562803546
Technical Project Leadership,292,148,144,-0.38904314325514067,0.38904314325514067
TensorFlow,266,184,82,0.3885025761945382,0.3885025761945382
Qualitative Marketing Research,374,190,184,-0.38434586285923444,0.38434586285923444
GUI Test Automation,49,34,15,0.3837707061667057,0.3837707061667057
Leadership in Energy and Environmental Design Rating System,49,34,15,0.3837707061667057,0.3837707061667057
Enterprise Risk Management,49,34,15,0.3837707061667057,0.3837707061667057
Bash,207,143,64,0.38332121745254133,0.38332121745254133
Independent Projects,57,29,28,-0.38186241787423825,0.38186241787423825
Legal Contract Negotiation,57,29,28,-0.38186241787423825,0.38186241787423825
Vector Calculus,65,45,20,0.3809388458671341,0.3809388458671341
Liquidity Risk Management,65,45,20,0.3809388458671341,0.3809388458671341
Python Server Pages,55,28,27,-0.3806305113433286,0.3806305113433286
MySQL DBA,248,171,77,0.37795673630128546,0.37795673630128546
Linkedin Training,51,26,25,-0.37788231311761233,0.37788231311761233
J2c Java To C Converter,51,26,25,-0.37788231311761233,0.37788231311761233
Computational Social Science,51,26,25,-0.37788231311761233,0.37788231311761233
NumPy,296,204,92,0.37701073701906873,0.37701073701906873
SQL Optimization,49,25,24,-0.3763432593317093,0.3763432593317093
Integrated Product Development,49,25,24,-0.3763432593317093,0.3763432593317093
Software Performance Testing,68,47,21,0.37632818196157025,0.37632818196157025
Valuation,68,47,21,0.37632818196157025,0.37632818196157025
Technical Documentation,45,23,22,-0.3728634820056689,0.3728634820056689
VBA,39,27,12,0.3721087664188616,0.3721087664188616
Hospitality Law,39,27,12,0.3721087664188616,0.3721087664188616
Product Data Management,55,38,17,0.3721087664188616,0.3721087664188616
IT Portfolio Management,39,27,12,0.3721087664188616,0.3721087664188616
Git Stash,88,45,43,-0.37139720608314164,0.37139720608314164
Electronic Circuit Design,122,84,38,0.36974469912398167,0.36974469912398167
LBO,90,62,28,0.36891387552234267,0.36891387552234267
Strategic Thinking,41,21,20,-0.3687205449561537,0.3687205449561537
IT Leadership,58,40,18,0.36718264808280576,0.36718264808280576
SolidWorks Electrical,605,310,295,-0.3668335294180274,0.3668335294180274
Environmental Program Management,39,20,19,-0.36633817337074603,0.36633817337074603
Business Presentations,42,29,13,0.3653519839559829,0.3653519839559829
Data Engineering,163,112,51,0.3650228200293766,0.3650228200293766
Linear Video Editing,76,39,37,-0.3643888550146972,0.3643888550146972
Dynamic Programming,37,19,18,-0.3637048604599862,0.3637048604599862
After Effects,26,18,8,0.36135597464260005,0.36135597464260005
Microsoft Enterprise Project Management,26,18,8,0.36135597464260005,0.36135597464260005
Technical Communication,35,18,17,-0.36077874279059774,0.36077874279059774
Industry Research,35,18,17,-0.36077874279059774,0.36077874279059774
Java Application Server,45,31,14,0.3594903024596503,0.3594903024596503
Devops Development,45,31,14,0.3594903024596503,0.3594903024596503
Marketing Management,280,144,136,-0.35939370101793555,0.35939370101793555
Computer Architecture,64,44,20,0.358715709082424,0.358715709082424
Critical Chain Project Management,33,17,16,-0.3575080939224744,0.3575080939224744
Engineering Mathematics,219,150,69,0.35628773767277533,0.35628773767277533
Microsoft Certified Professional,1047,716,331,0.3544018436969014,0.3544018436969014
Secure Network Communications,31,16,15,-0.35382823696407417,0.35382823696407417
SAP Inventory Management,31,16,15,-0.35382823696407417,0.35382823696407417
Music Production,31,16,15,-0.35382823696407417,0.35382823696407417
Traditional Chinese Medicine,29,20,9,0.35278449359246,0.35278449359246
Microsoft Visio,29,20,9,0.35278449359246,0.35278449359246
Financial Risk Monitoring,29,20,9,0.35278449359246,0.35278449359246
Retail Marketing Strategy,93,48,45,-0.3524971219588746,0.3524971219588746
Sensitivity Training,130,89,41,0.352196604098749,0.352196604098749
Battery Cell Manufacturing,51,35,16,0.3498237216294271,0.3498237216294271
Product Marketing,51,35,16,0.3498237216294271,0.3498237216294271
Financial Management Strategy,51,35,16,0.3498237216294271,0.3498237216294271
Product Design Reviews,29,15,14,-0.349657219446736,0.349657219446736
Corporate Fundraising,87,45,42,-0.3481403439188746,0.3481403439188746
Logic Simulation,54,37,17,0.3457914581014885,0.3457914581014885
Credit Valuation,32,22,10,0.3457914581014885,0.3457914581014885
SQL Server Reporting Services,32,22,10,0.3457914581014885,0.3457914581014885
Stress Analysis,27,14,13,-0.3448896299632631,0.3448896299632631
Writing for the Web,27,14,13,-0.3448896299632631,0.3448896299632631
Legal Projects,214,146,68,0.34384308924353446,0.34384308924353446
Jupyter,101,69,32,0.3437380692896461,0.3437380692896461
Collaborative Problem Solving,247,128,119,-0.3437360609816995,0.3437360609816995
Java Object-Oriented Querying,54,28,26,-0.34358923966297983,0.34358923966297983
PySpark,57,39,18,0.342181345877389,0.342181345877389
Educational Leadership,576,299,277,-0.3400551095763933,0.3400551095763933
Vero Data-Driven Email Marketing Software,25,13,12,-0.33938755280927957,0.33938755280927957
Self Presentation,337,175,162,-0.33938755280927957,0.33938755280927957
Sales Tax,60,41,19,0.3389303677215434,0.3389303677215434
Piano,50,26,24,-0.3378769785039131,0.3378769785039131
SolidWorks Composer,246,128,118,-0.33533265018532,0.33533265018532
Teaching License,38,26,12,0.3350674947385128,0.3350674947385128
SAP Project Management,94,64,30,0.3325899462429529,0.3325899462429529
Marketing Resource Management,41,28,13,0.33086580788481346,0.33086580788481346
Keras,72,49,23,0.3286236544791237,0.3286236544791237
JavaScript Libraries,44,30,14,0.3272294402414291,0.3272294402414291
End User Training,75,51,24,0.32656009617360127,0.32656009617360127
Music Video Production,88,46,42,-0.32640035728246897,0.32640035728246897
Fixed Asset Management,47,32,15,0.32405147146508284,0.32405147146508284
VBA Excel,2243,1518,725,0.3222686182161527,0.3222686182161527
Bloomberg for Education,50,34,16,0.3212503491853713,0.3212503491853713
Computer Vision,254,172,82,0.3212503491853709,0.3212503491853709
Social Media Apis,1645,1112,533,0.31855734935317925,0.31855734935317925
Agile Project Management Tools,130,88,42,0.31714988213810447,0.31714988213810447
5s Methodology,57,30,27,-0.3128079150045675,0.3128079150045675
Social Media Branding,188,127,61,0.31273059584060015,0.31273059584060015
Verilog HDL,108,73,35,0.3114041157920129,0.3114041157920129
Customer Service Desk,1409,950,459,0.3105006261873342,0.3105006261873342
3D CAD,564,297,267,-0.31005393529578473,0.31005393529578473
Parametric Modeling,55,29,26,-0.3091030635918104,0.3091030635918104
Business Process Improvement,36,19,17,-0.30813500930517534,0.30813500930517534
Java APIs,25,17,8,0.3057861234877901,0.3057861234877901
SAP Human Resource Management Software,25,17,8,0.3057861234877901,0.3057861234877901
Iphone Development,25,17,8,0.3057861234877901,0.3057861234877901
Quantitative Analysis,337,227,110,0.30578612348778966,0.30578612348778966
Microsoft,3163,2129,1034,0.3056203982322625,0.3056203982322625
Powerpoint Animation,7378,3897,3481,-0.303476507396078,0.303476507396078
Firmware Architecture,28,19,9,0.30277407301779835,0.30277407301779835
Probability Theories,28,19,9,0.30277407301779835,0.30277407301779835
Data Presentation,87,46,41,-0.30258970858875056,0.30258970858875056
Urban Economics,34,18,16,-0.30193824276766446,0.30193824276766446
Crossfunctional Collaboration,34,18,16,-0.30193824276766446,0.30193824276766446
Human Computer Interaction,34,18,16,-0.30193824276766446,0.30193824276766446
Construction Project Management,34,18,16,-0.30193824276766446,0.30193824276766446
Unobtrusive JavaScript,51,27,24,-0.3008357068235643,0.3008357068235643
ReactJS,220,148,72,0.30064980243671746,0.30064980243671746
Business Decision-Making,31,21,10,0.3003290840247308,0.3003290840247308
Creative Problem Solving,236,125,111,-0.29806742627374305,0.29806742627374305
Interactive Marketing Strategy,320,215,105,0.2979013626822731,0.2979013626822731
Food and Beverage Management,66,35,31,-0.2968034432956248,0.2968034432956248
Video Game Design,37,25,12,0.2966012139107166,0.2966012139107166
Electronic System Design,37,25,12,0.2966012139107166,0.2966012139107166
Multilevel Marketing,37,25,12,0.2966012139107166,0.2966012139107166
Time Management Training,947,502,445,-0.29595020092304125,0.29595020092304125
Technical Product Sales,32,17,15,-0.29498773694114,0.29498773694114
Facebook Ads Manager,32,17,15,-0.29498773694114,0.29498773694114
Economic Forecasting,32,17,15,-0.29498773694114,0.29498773694114
Adobe Illustrator,358,190,168,-0.29363214917106895,0.29363214917106895
Manufacturing Process Improvement,64,34,30,-0.29311595352145936,0.29311595352145936
Statistical Modeling,96,51,45,-0.2924791122326216,0.2924791122326216
Applied Mathematics,64,43,21,0.2883594090156132,0.2883594090156132
Windows Presentation Foundation,67,45,22,0.28784842280112244,0.28784842280112244
Strategic Planning Software,263,140,123,-0.2873822612396397,0.2873822612396397
SQL Lite,70,47,23,0.28738069594507465,0.28738069594507465
Global Brand Development,30,16,14,-0.2871368624654025,0.2871368624654025
Structural Bioinformatics,30,16,14,-0.2871368624654025,0.2871368624654025
Media Communications,30,16,14,-0.2871368624654025,0.2871368624654025
Family Wealth Management,76,51,25,0.286554761559902,0.286554761559902
Application-Specific Integrated Circuits,76,51,25,0.286554761559902,0.286554761559902
Reliability Testing,60,32,28,-0.28501259188432115,0.28501259188432115
Mechanical Engineering Technology,364,194,170,-0.2846517276104783,0.2846517276104783
Communications Law,449,300,149,0.281802767199113,0.281802767199113
Quantitative Data Analysis,813,434,379,-0.2810072460756463,0.2810072460756463
Data Collection Systems,43,23,20,-0.2797730589396572,0.2797730589396572
Genome Editing,159,85,74,-0.2786313433882075,0.2786313433882075
Insurance Training,86,46,40,-0.2781982554645914,0.2781982554645914
Minitab,28,15,13,-0.27819825546459054,0.27819825546459054
Ansys Icepak,28,15,13,-0.27819825546459054,0.27819825546459054
Laser Marksmanship Training Systems,28,15,13,-0.27819825546459054,0.27819825546459054
Kaizen Leadership,172,92,80,-0.2773971338515464,0.2773971338515464
Audio Editing Software,71,38,33,-0.27723579148269106,0.27723579148269106
SQL Database Design,71,38,33,-0.27723579148269106,0.27723579148269106
Deep Learning,216,144,72,0.27334435174645,0.27334435174645
Marketing Data Analysis,235,126,109,-0.2720308350343883,0.2720308350343883
Adobe Photoshop,686,368,318,-0.27053035732823494,0.27053035732823494
Software Project Management,26,14,12,-0.267928588827135,0.267928588827135
Digital Signal Processing,26,14,12,-0.267928588827135,0.267928588827135
FastAPI,26,14,12,-0.267928588827135,0.267928588827135
Social Media Integration,78,52,26,0.267319842659993,0.267319842659993
Design for Six Sigma,93,50,43,-0.2671361957587317,0.2671361957587317
Large Language Models,145,78,67,-0.2653775670355296,0.2653775670355296
Tableau Online,301,200,101,0.2644068543193736,0.2644068543193736
Product Leadership,637,423,214,0.2638951817786297,0.2638951817786297
Technical Accounting Research,164,109,55,0.2631929345587585,0.2631929345587585
Agile Web Development,54,36,18,0.2631929345587585,0.2631929345587585
Personal Computer Hardware,51,34,17,0.26240984916243804,0.26240984916243804
Applications of Artificial Intelligence,48,32,16,0.26153111448374844,0.26153111448374844
Social Entrepreneurship,45,30,15,0.2605380657427574,0.2605380657427574
Design Leadership,45,30,15,0.2605380657427574,0.2605380657427574
High Analytical Skills,1166,629,537,-0.25835150046282385,0.25835150046282385
Cashiering,37,20,17,-0.2581245887305137,0.2581245887305137
Analog Electronics,39,26,13,0.2581064536023847,0.2581064536023847
Unix Tools,36,24,12,0.2565958792970173,0.2565958792970173
Java Imaging,74,40,34,-0.2560059438702291,0.2560059438702291
SUSE Linux,48,26,22,-0.2527191701636058,0.2527191701636058
Teradata SQL,48,26,22,-0.2527191701636058,0.2527191701636058
Market Leadership,48,26,22,-0.2527191701636058,0.2527191701636058
Agile Software Development,30,20,10,0.2527010350354768,0.2527010350354768
Verylargescale Integration,30,20,10,0.2527010350354768,0.2527010350354768
Object-Oriented JavaScript,145,96,49,0.2512217448248881,0.2512217448248881
Electronics Engineering,96,52,44,-0.25102461352002425,0.25102461352002425
Businesstobusiness Marketing,27,18,9,0.25013033953237596,0.25013033953237596
Business Model Transformation,27,18,9,0.25013033953237596,0.25013033953237596
Information Security Engineering,27,18,9,0.25013033953237596,0.25013033953237596
Chinese History,27,18,9,0.25013033953237596,0.25013033953237596
Adaptability,35,19,16,-0.24929450928224206,0.24929450928224206
Media Research,35,19,16,-0.24929450928224206,0.24929450928224206
User Analysis,35,19,16,-0.24929450928224206,0.24929450928224206
Digital Photography,68,45,23,0.24436331086138363,0.24436331086138363
Embedded System Development,57,31,26,-0.24350578110599752,0.24350578110599752
Legal Research,376,248,128,0.2431653472560007,0.2431653472560007
Stata,403,219,184,-0.24264582491076414,0.24264582491076414
Avaya Unified Communications Management,188,124,64,0.24129189815762775,0.24129189815762775
Digital Merchandising,55,30,25,-0.2373003624964225,0.2373003624964225
Maintenance Engineering,66,36,30,-0.2367630169703281,0.2367630169703281
SQL Navigator,53,35,18,0.23541337045168298,0.23541337045168298
Writing Articles,88,58,30,0.23495147667903726,0.23495147667903726
Java Web Services,85,56,29,0.23350178086121254,0.23350178086121254
SystemVerilog,50,33,17,0.23299596395614408,0.23299596395614408
Client Relationships,130,71,59,-0.23262745679703034,0.23262745679703034
Design for Manufacturing,86,47,39,-0.23191955481188842,0.23191955481188842
Relational Database Design,53,29,24,-0.2306314481503149,0.2306314481503149
Securities Litigations,53,29,24,-0.2306314481503149,0.2306314481503149
Java Scripting Languages,31,17,14,-0.22829636244246831,0.22829636244246831
Data Storytelling,31,17,14,-0.22829636244246831,0.22829636244246831
Proactive Design Thinking,73,40,33,-0.22659205866393606,0.22659205866393606
Public Relations Campaigns,210,115,95,-0.22620431147024433,0.22620431147024433
Blender,41,27,14,0.223688761300588,0.223688761300588
Marketing Consulting,41,27,14,0.223688761300588,0.223688761300588
JavaScript Frameworks,38,25,13,0.21964017277458847,0.21964017277458847
Cross Functional Process Improvement,38,25,13,0.21964017277458847,0.21964017277458847
Adobe After Effects,38,25,13,0.21964017277458847,0.21964017277458847
Analog Circuit Design,60,33,27,-0.21898915978691313,0.21898915978691313
Econometrics,60,33,27,-0.21898915978691313,0.21898915978691313
Digital Marketing Platforms,60,33,27,-0.21898915978691313,0.21898915978691313
Intellectual Property Strategy,151,83,68,-0.2183357073567782,0.2183357073567782
Flight Data Analysis,100,55,45,-0.21767789914992353,0.21767789914992353
Electrical Engineering Technology,61,40,21,0.21690044503346773,0.21690044503346773
Reinforcement Learning,49,27,22,-0.21567789848325702,0.21567789848325702
Electronic Design Automation,29,16,13,-0.21567789848325702,0.21567789848325702
Strategic Marketing Management,29,16,13,-0.21567789848325702,0.21567789848325702
E Commerce Marketing,49,27,22,-0.21567789848325702,0.21567789848325702
Digital Media Strategy,29,16,13,-0.21567789848325702,0.21567789848325702
Oracle Linux,29,16,13,-0.21567789848325702,0.21567789848325702
Electrical Engineering Principles,35,23,12,0.21492318289644974,0.21492318289644974
Statistical Process Control,35,23,12,0.21492318289644974,0.21492318289644974
Financial Mathematics,58,38,20,0.2138847612039676,0.2138847612039676
Mechanical Product Design,78,43,35,-0.21312035233213944,0.21312035233213944
InDesign,58,32,26,-0.2122532376018933,0.2122532376018933
Adversarial Machine Learning,55,36,19,0.21054920107333697,0.21054920107333697
Predictive Analytics Software,55,36,19,0.21054920107333697,0.21054920107333697
Adobe XD,32,21,11,0.20935730581900458,0.20935730581900458
SOC 2 Auditing,52,34,18,0.2068399980076272,0.2068399980076272
Quantitative Research,226,125,101,-0.2041016338554118,0.2041016338554118
SQL Programming,112,62,50,-0.20315537348436674,0.20315537348436674
D3.js,29,19,10,0.20269061446081515,0.20269061446081515
Leveraged Finance,29,19,10,0.20269061446081515,0.20269061446081515
Software Documentation,29,19,10,0.20269061446081515,0.20269061446081515
Energy Efficiency Research,49,32,17,0.20269061446081515,0.20269061446081515
Cloud SQL,29,19,10,0.20269061446081515,0.20269061446081515
Marketing Spending,29,19,10,0.20269061446081515,0.20269061446081515
Student Leadership,27,15,12,-0.20123721432846242,0.20123721432846242
Java API for XML Registries,27,15,12,-0.20123721432846242,0.20123721432846242
Slack,27,15,12,-0.20123721432846242,0.20123721432846242
API Architecture,27,15,12,-0.20123721432846242,0.20123721432846242
Cybersecurity Tools,36,20,16,-0.1992840887075804,0.1992840887075804
Nonprofit Accounting,256,142,114,-0.1975814172309973,0.1975814172309973
Employee Research,54,30,24,-0.19729502788272324,0.19729502788272324
Linux Development,120,78,42,0.19724595491258334,0.19724595491258334
Data Visualization,409,227,182,-0.19594852857694933,0.19594852857694933
Brand Strategy,90,50,40,-0.19567723177658713,0.19567723177658713
Scikitlearn,154,100,54,0.1956084318845246,0.1956084318845246
Autodesk Inventor,126,70,56,-0.19497652227958007,0.19497652227958007
SwiftUI,26,17,9,0.194560488377566,0.194560488377566
Key Account Management,26,17,9,0.194560488377566,0.194560488377566
SAP Product Lifecycle Management,26,17,9,0.194560488377566,0.194560488377566
Strategic Technology Planning,367,204,163,-0.19259360879985943,0.19259360879985943
Communication with Candidates,77,50,27,0.19143873766338082,0.19143873766338082
Cellular Manufacturing,94,61,33,0.19114314203604277,0.19114314203604277
Simple Logging Facade for Java,145,94,51,0.19066943288459903,0.19066943288459903
Design Project Management,52,29,23,-0.1889587517497464,0.1889587517497464
SQL Writing,43,24,19,-0.18808994196442796,0.18808994196442796
Contextual Research,34,19,15,-0.18677415230090766,0.18677415230090766
Software Solution Architecture,34,19,15,-0.18677415230090766,0.18677415230090766
Manufacturing Automation,34,19,15,-0.18677415230090766,0.18677415230090766
Probability Theory,40,26,14,0.18664748962023925,0.18664748962023925
Pricing,25,14,11,-0.18454697988808366,0.18454697988808366
Service Writing,25,14,11,-0.18454697988808366,0.18454697988808366
Portuguese Language,37,24,13,0.1796348381608892,0.1796348381608892
Microstrategy Software Development Kit,37,24,13,0.1796348381608892,0.1796348381608892
Big Data Technology,51,33,18,0.17742611280133325,0.17742611280133325
Secure Software Development,65,42,23,0.17615506083484966,0.17615506083484966
Six Sigma Black Belt Certification,180,116,64,0.17487745525862053,0.17487745525862053
Laser Physics,57,32,25,-0.17378695677409706,0.17378695677409706
Differential Equations,32,18,14,-0.17272651128765837,0.17272651128765837
Scientific Creativity,32,18,14,-0.17272651128765837,0.17272651128765837
Database Schema Design,34,22,12,0.17143807095671093,0.17143807095671093
Product Training,48,31,17,0.17143807095671093,0.17143807095671093
Marketing Science,48,31,17,0.17143807095671093,0.17143807095671093
Digital Journalism,48,27,21,-0.17021552440650023,0.17021552440650023
Sales Research,121,68,53,-0.16919650257918928,0.16919650257918928
Online Video Production,80,45,35,-0.1681689644698734,0.1681689644698734
Gotomarket Strategy,59,38,21,0.16625671221471272,0.16625671221471272
Corporate Communications,55,31,24,-0.16503416566450202,0.16503416566450202
Engineering Management,55,31,24,-0.16503416566450202,0.16503416566450202
Graphic User Interface Design,190,122,68,0.16492869077119376,0.16492869077119376
Computer Systems Engineering,45,29,16,0.16468128849383135,0.16468128849383135
Marketing Project Management,318,179,139,-0.16423798727849492,0.16423798727849492
Methods Engineering,158,89,69,-0.16343672123534514,0.16343672123534514
Retail Sales Analysis,126,71,55,-0.16303416499783552,0.16303416499783552
Artificial Neural Networks,70,45,25,0.1626852798471159,0.1626852798471159
Office Management Software,9365,5274,4091,-0.16237635679098097,0.16237635679098097
Human Resources Systems,31,20,11,0.1617292568297506,0.1617292568297506
Tier 3 Technical Support,31,20,11,0.1617292568297506,0.1617292568297506
Haskell,31,20,11,0.1617292568297506,0.1617292568297506
Matplotlib,95,61,34,0.1617292568297497,0.1617292568297497
Multivariate Statistics,220,124,96,-0.1615858863855859,0.1615858863855859
Mandarin Chinese Language,184,118,66,0.1613624189679692,0.1613624189679692
JavaScript Engine,373,239,134,0.16064062386366773,0.16064062386366773
Customer Service Training,392,221,171,-0.16050927106621193,0.16050927106621193
Java Applet,81,52,29,0.16007431230639568,0.16007431230639568
Team Building,250,141,109,-0.15997342611867138,0.15997342611867138
Embedded Software,156,100,56,0.15956849540132723,0.15956849540132723
Marketing Leadership,820,525,295,0.1593327595254448,0.1593327595254448
Medical Device Product Development,85,48,37,-0.15912572897833588,0.15912572897833588
Manufacturing Engineering,193,109,84,-0.1571755790519802,0.1571755790519802
Electrical Product Design,30,17,13,-0.15683739846032285,0.15683739846032285
Spreadsheet Design,30,17,13,-0.15683739846032285,0.15683739846032285
Lean Canvas,30,17,13,-0.15683739846032285,0.15683739846032285
Finance Management,114,73,41,0.15524338503673007,0.15524338503673007
English Literature,60,34,26,-0.15253400290027042,0.15253400290027042
Social Media Analytics,479,271,208,-0.152325495810274,0.152325495810274
Product Launch Readiness,37,21,16,-0.15165603971832642,0.15165603971832642
Electrical Engineering,272,154,118,-0.15106745818279377,0.15106745818279377
Linux Security Modules,28,18,10,0.15004688097539276,0.15004688097539276
Crossfunctional Team Leadership,1077,610,467,-0.14946964912339045,0.14946964912339045
Autocad Plant 3D,149,95,54,0.14457695187207875,0.14457695187207875
Corporate Tax Planning,179,114,65,0.14217608640767931,0.14217608640767931
Tax Statistics,91,58,33,0.141132721461382,0.141132721461382
Creativity Skills,72,41,31,-0.14064271254034288,0.14064271254034288
Python Tools for Visual Studio,770,438,332,-0.1396286422290789,0.1396286422290789
Linux Device Driver,47,30,17,0.1391772087384897,0.1391772087384897
HTML Abstraction Markup Language,28,16,12,-0.1387168573471289,0.1387168573471289
Leadership Alignment,28,16,12,-0.1387168573471289,0.1387168573471289
German Sign Language,36,23,13,0.13796214176032162,0.13796214176032162
Scripting Language,99,63,36,0.13737905136479256,0.13737905136479256
Cadence Virtuoso Layout Editor,35,20,15,-0.136763731726246,0.136763731726246
Digital Marketing Production,88,56,32,0.13665195487129456,0.13665195487129456
QuickBooks Online,25,16,9,0.13571998835463184,0.13571998835463184
Medical Image Processing,25,16,9,0.13571998835463184,0.13571998835463184
Project Analysis,25,16,9,0.13571998835463184,0.13571998835463184
Detail Engineering,49,28,21,-0.13449744180442025,0.13449744180442025
Film Production,49,28,21,-0.13449744180442025,0.13449744180442025
Simulation Software,98,56,42,-0.13161203172338443,0.13161203172338443
Final Cut Pro,105,60,45,-0.1314175548655161,0.1314175548655161
Innovation Leadership,44,28,16,0.1301951124226619,0.1301951124226619
Startups,74,47,27,0.1301951124226619,0.1301951124226619
Systems Engineering,93,59,34,0.12866839456886225,0.12866839456886225
English Skills,63,40,23,0.12795295901697212,0.12795295901697212
Digital Marketing Innovations,63,40,23,0.12795295901697212,0.12795295901697212
Fault Tree Analysis,63,40,23,0.12795295901697212,0.12795295901697212
Web Scraping,63,40,23,0.12795295901697212,0.12795295901697212
Digital Content Strategy,68,39,29,-0.12443818538410589,0.12443818538410589
Adobe Premiere Pro CC,199,114,85,-0.12429014689382889,0.12429014689382889
Test of English as a Foreign Language,147,93,54,0.1234121406800357,0.1234121406800357
Java Security,54,31,23,-0.12336146926393354,0.12336146926393354
Business Statistics,47,27,20,-0.12258747541724535,0.12258747541724535
Financial and Business Management System,40,23,17,-0.12154905372476321,0.12154905372476321
jQuery Mobile,40,23,17,-0.12154905372476321,0.12154905372476321
Linux Kernel,79,50,29,0.12123447899013229,0.12123447899013229
CNC,33,19,14,-0.12008277780223597,0.12008277780223597
Hindi Language,33,19,14,-0.12008277780223597,0.12008277780223597
Microeconomics,33,19,14,-0.12008277780223597,0.12008277780223597
UI/UX Wireframing,33,19,14,-0.12008277780223597,0.12008277780223597
Java Software Development,41,26,15,0.11995611512156756,0.11995611512156756
Security Event Management,106,67,39,0.11947833202600044,0.11947833202600044
Decision Science,242,139,103,-0.11785560538941153,0.11785560538941153
Sales Funnel,26,15,11,-0.11785560538941109,0.11785560538941109
Convolutional Neural Networks,49,31,18,0.1158682198019001,0.1158682198019001
Multivariate Testing,49,31,18,0.1158682198019001,0.1158682198019001
Influencer Marketing,59,34,25,-0.11406772207247418,0.11406772207247418
User Design,99,57,42,-0.11406772207247418,0.11406772207247418
PeopleSoft Customer Relationship Management,165,104,61,0.11380130264698529,0.11380130264698529
International Business Development,57,36,21,0.11291073150942044,0.11291073150942044
Responsive HTML,30,19,11,0.11171883625508894,0.11171883625508894
Manufacturing Systems Engineering,30,19,11,0.11171883625508894,0.11171883625508894
Platform Product Management,30,19,11,0.11171883625508894,0.11171883625508894
Sales Engineering,30,19,11,0.11171883625508894,0.11171883625508894
Integrated Circuit Design,30,19,11,0.11171883625508894,0.11171883625508894
Highspeed Printed Circuit Board Design,108,68,40,0.10918317721027826,0.10918317721027826
User-Centered Design,73,46,27,0.10891771397537653,0.10891771397537653
Continuousflow Manufacturing,248,143,105,-0.10872451166185337,0.10872451166185337
Product Roadmap Development,38,22,16,-0.10619366564156874,0.10619366564156874
Big Data Analytics,83,48,35,-0.10431749248334032,0.10431749248334032
Generative AI,78,49,29,0.1012338122834624,0.1012338122834624
Video Editing Software,110,69,41,0.09928473138868554,0.09928473138868554
Search Engine Optimization,107,62,45,-0.09889436315995681,0.09889436315995681
Labour Market Research,206,129,77,0.0970543508348829,0.0970543508348829
Microsoft PowerPoint,927,537,390,-0.09684780322333086,0.09684780322333086
Castilian Spanish Language,112,65,47,-0.09502816234479727,0.09502816234479727
Business English,91,57,34,0.09447702982058281,0.09447702982058281
Statistical Analysis Software,59,37,22,0.09447702982058281,0.09447702982058281
Android Emulators,27,17,10,0.09447702982058281,0.09447702982058281
Health Economics and Outcomes Research,35,22,13,0.09447702982058281,0.09447702982058281
Television Programming,27,17,10,0.09447702982058281,0.09447702982058281
Mobile Product Development,67,42,25,0.09447702982058193,0.09447702982058193
Artificial Intelligence Development,93,54,39,-0.09444856418328573,0.09444856418328573
Voice User Interface Design,74,43,31,-0.09357520168235656,0.09357520168235656
Market Research Techniques,645,403,242,0.09282618338705761,0.09282618338705761
Internet Recruiting,36,21,15,-0.08913568273699202,0.08913568273699202
iMovie,36,21,15,-0.08913568273699202,0.08913568273699202
Competitive Analysis,80,50,30,0.08789805872254064,0.08789805872254064
Software Systems Engineering,91,53,38,-0.08732518133718603,0.08732518133718603
Leadership in Energy,91,53,38,-0.08732518133718603,0.08732518133718603
Microsoft Java Virtual Machines,72,45,27,0.08717772733897089,0.08717772733897089
LTspice,48,28,20,-0.08686939281516537,0.08686939281516537
Continuous Improvement Methodologies,206,120,86,-0.0848432549525322,0.0848432549525322
Oracle JavaScript Extension Toolkit,109,68,41,0.08479172408611912,0.08479172408611912
Seaborn,48,30,18,0.08360735758367888,0.08360735758367888
Model Based Systems Engineering,114,71,43,0.08058791765991558,0.08058791765991558
IBM Data Management,114,71,43,0.08058791765991558,0.08058791765991558
Java Secure Socket Extension,41,24,17,-0.07987635732419562,0.07987635732419562
Mechanical Engineering Support,41,24,17,-0.07987635732419562,0.07987635732419562
Remote Infrastructure Management,29,17,12,-0.07987635732419474,0.07987635732419474
Health Economics,29,17,12,-0.07987635732419474,0.07987635732419474
Computational Physics,29,17,12,-0.07987635732419474,0.07987635732419474
PyTorch,320,199,121,0.0795513796039069,0.0795513796039069
Engineering Research,69,43,26,0.07926761115705361,0.07926761115705361
Korean Language,69,43,26,0.07926761115705361,0.07926761115705361
Sales Training,178,104,74,-0.07796064792605595,0.07796064792605595
Adobe Photoshop Lightroom,462,270,192,-0.07617264938671076,0.07617264938671076
HTML Application,289,169,120,-0.07514542005561298,0.07514542005561298
Strategic Sales,70,41,29,-0.07504543005453002,0.07504543005453002
Security Research,53,33,20,0.07477195874125009,0.07477195874125009
Management Reporting,176,103,73,-0.0740623874587758,0.0740623874587758
Power Electronics Engineering,58,34,24,-0.07406238745877491,0.07406238745877491
Aerospace Technology,58,34,24,-0.07406238745877491,0.07406238745877491
Linux on Embedded Systems,224,139,85,0.07319963137329744,0.07319963137329744
Teamwork,4363,2553,1810,-0.07248667706340539,0.07248667706340539
CATIA,198,116,82,-0.0712556142802887,0.0712556142802887
Web UI Design,34,20,14,-0.07007235722757432,0.07007235722757432
Motion Graphic Design,192,119,73,0.06968237120736553,0.06968237120736553
Julia,63,37,26,-0.06915239396121997,0.06915239396121997
Natural Language Processing,260,161,99,0.06799890455275603,0.06799890455275603
Dedication To Continuous Improvement,109,64,45,-0.06739569610058549,0.06739569610058549
Classroom Design,37,23,14,0.06650317777817616,0.06650317777817616
Computer Security Awareness Training,71,44,27,0.06495459055426078,0.06495459055426078
Atlassian Confluence,50,31,19,0.06322448631647859,0.06322448631647859
Mutual Funds,50,31,19,0.06322448631647859,0.06322448631647859
Mentoring New Hires,39,23,16,-0.06270855370182993,0.06270855370182993
Visual for Applications,110,68,42,0.06098107539240072,0.06098107539240072
Data Analysis Tools,1190,734,456,0.05925270163350094,0.05925270163350094
Hardware Troubleshooting,29,18,11,0.05907510276966654,0.05907510276966654
Crossfunctional Project Management,175,108,67,0.05827398115662241,0.05827398115662241
Css Frameworks,42,26,16,0.05743575814023316,0.05743575814023316
New Media Marketing,42,26,16,0.05743575814023316,0.05743575814023316
Spreadsheet Management,27,16,11,-0.055335248408077575,0.055335248408077575
Visual Arts Painting,27,16,11,-0.055335248408077575,0.055335248408077575
Apache Airflow,47,29,18,0.05027093731608723,0.05027093731608723
Organizational Effectiveness,34,21,13,0.04901465574382513,0.04901465574382513
Prompt Engineering,54,32,22,-0.04862381382009051,0.04862381382009051
Ansys Meshing,32,19,13,-0.04862381382009051,0.04862381382009051
Cantonese Chinese Language,32,19,13,-0.04862381382009051,0.04862381382009051
Arduino IDE,54,32,22,-0.04862381382009051,0.04862381382009051
Systems Simulation,32,19,13,-0.04862381382009051,0.04862381382009051
Adobe InDesign,179,106,73,-0.045489015014720025,0.045489015014720025
Java Full Stack Development,59,35,24,-0.045489015014719136,0.045489015014719136
Informatica Data Management,59,35,24,-0.045489015014719136,0.045489015014719136
Japanese Culture,59,35,24,-0.045489015014719136,0.045489015014719136
Long Term Relationship Building,52,32,20,0.04446660924592116,0.04446660924592116
Social Media Trends,37,22,15,-0.04367330866023433,0.04367330866023433
Marketing Software,37,22,15,-0.04367330866023433,0.04367330866023433
Piano Pedagogy,37,22,15,-0.04367330866023433,0.04367330866023433
Data Programming,37,22,15,-0.04367330866023433,0.04367330866023433
Microsoft Power BI Embedded,91,54,37,-0.042488825252575246,0.042488825252575246
Business Model Development,39,24,15,0.04148449968007206,0.04148449968007206
Talent Management,69,41,28,-0.04055925398336058,0.04055925398336058
Python,833,494,339,-0.0402753898813919,0.0402753898813919
Strategic Consulting,42,25,17,-0.03987102271049636,0.03987102271049636
Macroeconomics,42,25,17,-0.03987102271049636,0.03987102271049636
Leadership Studies,42,25,17,-0.03987102271049636,0.03987102271049636
Bayesian Statistics,74,44,30,-0.0385860883865794,0.0385860883865794
Numerical Linear Algebra,111,68,43,0.037724213228133685,0.037724213228133685
Product Development Methodologies,111,66,45,-0.03685897224050372,0.03685897224050372
GitLab,47,28,19,-0.03685897224050372,0.03685897224050372
Social Media Marketing,440,269,171,0.03563652979764953,0.03563652979764953
Predictive Modeling,26,16,10,0.03563652979764864,0.03563652979764864
Video Journalism,26,16,10,0.03563652979764864,0.03563652979764864
Analysis,26,16,10,0.03563652979764864,0.03563652979764864
Security Information and Event Management,84,50,34,-0.035334581701407686,0.035334581701407686
Marketing Operations Management,52,31,21,-0.03441398324743794,0.03441398324743794
English Typing,168,100,68,-0.03302461171445703,0.03302461171445703
Robot Operating System,94,56,38,-0.03276619708675188,0.03276619708675188
Marketing Analytics,215,128,87,-0.03205848297370295,0.03205848297370295
Research Analyst,415,247,168,-0.03187376172907941,0.03187376172907941
Altium Designer,49,30,19,0.03096362409825737,0.03096362409825737
End User Research,49,30,19,0.03096362409825737,0.03096362409825737
Microsoft Visual Studio Code,49,30,19,0.03096362409825737,0.03096362409825737
Parametric Statistics,67,40,27,-0.02923262450544062,0.02923262450544062
Programming,31,19,12,0.028337227316037605,0.028337227316037605
Java Compilers,265,158,107,-0.02808484819579027,0.02808484819579027
Automated Machine Learning,124,74,50,-0.02752280484120817,0.02752280484120817
Political Science,25,15,10,-0.026883827183684872,0.026883827183684872
Finance Law,25,15,10,-0.026883827183684872,0.026883827183684872
Databricks,25,15,10,-0.026883827183684872,0.026883827183684872
Sales Customer Service,77,47,30,0.026654433481821727,0.026654433481821727
Sustainability Research,82,50,32,0.024384653000214307,0.024384653000214307
Product Design Support,30,18,12,-0.02430650616938479,0.02430650616938479
Multivariate Analysis,30,18,12,-0.02430650616938479,0.02430650616938479
Stakeholder Management,30,18,12,-0.02430650616938479,0.02430650616938479
Unity Container,30,18,12,-0.02430650616938479,0.02430650616938479
Economic Statistics,59,36,23,0.023963245492924834,0.023963245492924834
Applied Statistics,819,489,330,-0.023570791266584123,0.023570791266584123
Energy Policy Analysis,36,22,14,0.02301806583843735,0.02301806583843735
Excel Models,35,21,14,-0.022444308238320332,0.022444308238320332
Virtual Training,35,21,14,-0.022444308238320332,0.022444308238320332
Options Trading,35,21,14,-0.022444308238320332,0.022444308238320332
Supplier Process Improvement,35,21,14,-0.022444308238320332,0.022444308238320332
Engaging Public Speaker,4606,2800,1806,0.02205810711678402,0.02205810711678402
B2B Marketing Strategy,64,39,25,0.021273625797287643,0.021273625797287643
Salesforce,50,30,20,-0.019046796476404282,0.019046796476404282
Microsoft Access,50,30,20,-0.019046796476404282,0.019046796476404282
Tax Consulting,50,30,20,-0.019046796476404282,0.019046796476404282
Food Product Development,97,59,38,0.01896947731243781,0.01896947731243781
Java Media Framework,41,25,16,0.018969477312436922,0.018969477312436922
Differential Analysis,41,25,16,0.018969477312436922,0.018969477312436922
Data Analytics Software,74,45,29,0.016973468665722358,0.016973468665722358
Google Suite,135,82,53,0.016768045493265937,0.016768045493265937
System Integration Testing,46,28,18,0.01578476124491779,0.01578476124491779
Asynchronous JavaScript,145,87,58,-0.013736554819650415,0.013736554819650415
Spanish Teaching,360,218,142,0.011095420881531481,0.011095420881531481
Digital Marketing Analytics,66,40,26,0.007808647174908145,0.007808647174908145
Multivariable Calculus,73,44,29,-0.005249668118987749,0.005249668118987749
VHSIC Hardware Description Language,68,41,27,-0.004841171381281484,0.004841171381281484
Business To Business,28,17,11,0.003505251614856597,0.003505251614856597
Business Analytics,28,17,11,0.003505251614856597,0.003505251614856597
Arduino Uno,275,166,109,0.002722166218534827,0.002722166218534827
Hospitality Management,43,26,17,-0.0014047418827001223,0.0014047418827001223
Cold Calling,33,20,13,0.0013866067545711402,0.0013866067545711402
French Drain,33,20,13,0.0013866067545711402,0.0013866067545711402
Integrated Marketing Communications,126,76,50,-0.0010311893942320793,0.0010311893942320793
Outbound Marketing,38,23,15,-0.00018819672049552594,0.00018819672049552594
